[INFO] [launch]: All log files can be found below /home/akun/.ros/log/2026-03-04-15-30-16-490926-yunle-Default-string-129146
[INFO] [launch]: Default logging verbosity is set to INFO
[INFO] [process_manager-1]: process started with pid [129147]
[INFO] [mqtt_task_receiver-2]: process started with pid [129149]
[INFO] [status_reporter-3]: process started with pid [129151]
[INFO] [navigation_manager-4]: process started with pid [129153]
[INFO] [map_switch_controller-5]: process started with pid [129155]
[mqtt_task_receiver-2] [0m[INFO] [1772609416.965519089] [mqtt_task_receiver]: 正在连接到MQTT代理 localhost:1883[0m
[process_manager-1] [0m[INFO] [1772609416.972506512] [process_manager]: 进程管理器节点已初始化[0m
[mqtt_task_receiver-2] [0m[INFO] [1772609416.973357659] [mqtt_task_receiver]: ✅ 成功连接到MQTT代理[0m
[mqtt_task_receiver-2] [0m[INFO] [1772609416.974514436] [mqtt_task_receiver]: MQTT任务接收器已初始化[0m
[mqtt_task_receiver-2] [0m[INFO] [1772609416.976102287] [mqtt_task_receiver]: 📡 已订阅主题: prod/ctrl/vehicle/LS1234567890/task/start[0m
[map_switch_controller-5] [0m[INFO] [1772609417.223131858] [map_switch_controller]: 地图切换控制器已初始化[0m
[navigation_manager-4] [0m[INFO] [1772609417.680158338] [navigation_manager]: 等待进程管理器服务...[0m
[navigation_manager-4] [0m[INFO] [1772609417.680813903] [navigation_manager]: 进程管理器服务已连接[0m
[status_reporter-3] [0m[INFO] [1772609418.094121949] [status_reporter]: 已订阅 /vehicle_status 话题[0m
[status_reporter-3] [0m[INFO] [1772609418.097290428] [status_reporter]: 正在连接到MQTT代理 localhost:1883[0m
[status_reporter-3] [0m[INFO] [1772609418.100354963] [status_reporter]: 状态报告器已初始化
[status_reporter-3]   VIN: LS1234567890
[status_reporter-3]   MQTT Broker: localhost:1883
[status_reporter-3]   MQTT Topic: prod/data/vehicle/LS1234567890/vehicle_status
[status_reporter-3]   心跳频率: 3.0秒[0m
[status_reporter-3] [0m[INFO] [1772609418.101129262] [status_reporter]: 成功连接到MQTT代理[0m
[status_reporter-3] [0m[INFO] [1772609418.546053132] [status_reporter]: 车辆速度为0，开始计时...[0m
[mqtt_task_receiver-2] [0m[INFO] [1772609426.549081618] [mqtt_task_receiver]: 📨 收到消息，主题: prod/ctrl/vehicle/LS1234567890/task/start[0m
[mqtt_task_receiver-2] [0m[INFO] [1772609426.549967224] [mqtt_task_receiver]: 📋 收到 2 个航点[0m
[mqtt_task_receiver-2] [0m[INFO] [1772609426.551078626] [mqtt_task_receiver]: 📊 开始解析 2 个航点...[0m
[mqtt_task_receiver-2] [0m[INFO] [1772609426.551832451] [mqtt_task_receiver]:   ✅ [1/2] 切换点2:1->2 | 地图:map1 | GPS:(30.764783,103.987710) | SLAM:(-132.0,111.0,-90.00) | 类型:4[0m
[mqtt_task_receiver-2] [0m[INFO] [1772609426.552484262] [mqtt_task_receiver]:   ✅ [2/2] 图书馆导航点 | 地图:map2 | GPS:(30.766526,103.986165) | SLAM:(-72.7,236.0,0.00) | 类型:1[0m
[mqtt_task_receiver-2] [0m[INFO] [1772609426.553196803] [mqtt_task_receiver]: ✅ 解析完成: task_id=task_1772609426, waypoints=2/2, start_map=map1[0m
[mqtt_task_receiver-2] [0m[INFO] [1772609426.554078652] [mqtt_task_receiver]: 📤 已发布到 /waypoint_list: 2 个航点[0m
[navigation_manager-4] [0m[INFO] [1772609426.555259673] [navigation_manager]: 收到航点列表: task_id=task_1772609426, total_waypoints=2[0m
[navigation_manager-4] [0m[INFO] [1772609426.556214782] [navigation_manager]: 开始导航序列，共 2 个航点[0m
[navigation_manager-4] [0m[INFO] [1772609426.557199593] [navigation_manager]: 正在导航到航点 1/2: type=4, map=map1[0m
[navigation_manager-4] [0m[INFO] [1772609426.558094818] [navigation_manager]: 首次导航，启动完整导航堆栈...[0m
[navigation_manager-4] [0m[INFO] [1772609426.559011046] [navigation_manager]: 开始启动导航堆栈...[0m
[process_manager-1] [0m[INFO] [1772609426.561224457] [process_manager]: 收到启动进程请求: re_localization, map: map1[0m
[process_manager-1] [0m[INFO] [1772609426.561918628] [process_manager]: 正在为地图启动重定位: map1[0m
[process_manager-1] [0m[INFO] [1772609428.564993030] [process_manager]: 重定位服务启动成功[0m
[navigation_manager-4] [0m[INFO] [1772609428.565961027] [navigation_manager]: ✅ re_localization启动成功: 重定位启动成功[0m
[process_manager-1] [0m[INFO] [1772609428.567164515] [process_manager]: 收到启动进程请求: nav2_init_pose, map: map1[0m
[process_manager-1] [Info] 正在读取标定文件: /home/akun/workspace/Car_jetson/multi_map_navigation/src/map/map1/map1.csv
[process_manager-1] [0m[INFO] [1772609430.278593428] [pose_init_node]: 等待 GPS 数据...[0m
[process_manager-1] [0m[INFO] [1772609430.475828696] [pose_init_node]: ✅ GPS中心点: (-125.28, 6.05)[0m
[process_manager-1] [0m[INFO] [1772609430.476267273] [pose_init_node]: 生成搜索网格: 半径 9.0m, 步长 3.0m, 共 37 个位置点[0m
[process_manager-1] [0m[INFO] [1772609430.476562793] [pose_init_node]: 🚀 开始全域搜索 (预计尝试 444 次调用)...[0m
[process_manager-1] [0m[INFO] [1772609430.476982395] [pose_init_node]: --- 搜索点 [1/37]: (-125.28, 6.05) ---[0m
[process_manager-1] [0m[INFO] [1772609430.569291690] [process_manager]: nav2_init_pose启动成功[0m
[navigation_manager-4] [0m[INFO] [1772609430.570490319] [navigation_manager]: ✅ nav2_init_pose启动成功[0m
[navigation_manager-4] [0m[INFO] [1772609430.571047454] [navigation_manager]: ⏳ 等待重定位完成并发布 map -> odom TF...[0m
[process_manager-1] [0m[INFO] [1772609459.357535998] [pose_init_node]: 位置(-125.3,6.1) 角度  0° → score = 6.9354[0m
[process_manager-1] [0m[INFO] [1772609459.357947211] [pose_init_node]: ✨ 发现更佳点: 位置(-125.3, 6.1), 角度 0° | Score: 6.9354[0m
[process_manager-1] [0m[INFO] [1772609459.852531292] [pose_init_node]: 位置(-125.3,6.1) 角度 30° → score = 6.7828[0m
[process_manager-1] [0m[INFO] [1772609459.852937522] [pose_init_node]: ✨ 发现更佳点: 位置(-125.3, 6.1), 角度 30° | Score: 6.7828[0m
[process_manager-1] [0m[INFO] [1772609460.270032338] [pose_init_node]: 位置(-125.3,6.1) 角度 60° → score = 4.7057[0m
[process_manager-1] [0m[INFO] [1772609460.270643346] [pose_init_node]: ✨ 发现更佳点: 位置(-125.3, 6.1), 角度 60° | Score: 4.7057[0m
[process_manager-1] [0m[INFO] [1772609460.561653135] [pose_init_node]: 位置(-125.3,6.1) 角度 90° → score = 7.3633[0m
[process_manager-1] [0m[INFO] [1772609460.942754637] [pose_init_node]: 位置(-125.3,6.1) 角度120° → score = 6.9097[0m
[process_manager-1] [0m[INFO] [1772609461.359598456] [pose_init_node]: 位置(-125.3,6.1) 角度150° → score = 6.8645[0m
[process_manager-1] [0m[INFO] [1772609461.610790177] [pose_init_node]: 位置(-125.3,6.1) 角度180° → score = 5.9792[0m
[process_manager-1] [0m[INFO] [1772609462.040986806] [pose_init_node]: 位置(-125.3,6.1) 角度210° → score = 3.6315[0m
[process_manager-1] [0m[INFO] [1772609462.041329314] [pose_init_node]: ✨ 发现更佳点: 位置(-125.3, 6.1), 角度 210° | Score: 3.6315[0m
[process_manager-1] [0m[INFO] [1772609462.354700406] [pose_init_node]: 位置(-125.3,6.1) 角度240° → score = 6.2949[0m
[process_manager-1] [0m[INFO] [1772609462.544351874] [pose_init_node]: 位置(-125.3,6.1) 角度270° → score = 0.9234[0m
[process_manager-1] [0m[INFO] [1772609462.544984588] [pose_init_node]: ✨ 发现更佳点: 位置(-125.3, 6.1), 角度 270° | Score: 0.9234[0m
[process_manager-1] [0m[INFO] [1772609463.005364275] [pose_init_node]: 位置(-125.3,6.1) 角度300° → score = 3.2052[0m
[process_manager-1] [0m[INFO] [1772609463.184867445] [pose_init_node]: 位置(-125.3,6.1) 角度330° → score = 4.7116[0m
[process_manager-1] [0m[INFO] [1772609463.185242927] [pose_init_node]: --- 搜索点 [2/37]: (-125.28, 3.05) ---[0m
[process_manager-1] [0m[INFO] [1772609463.877887883] [pose_init_node]: 位置(-125.3,3.1) 角度  0° → score = 4.6576[0m
[process_manager-1] [0m[INFO] [1772609464.398127627] [pose_init_node]: 位置(-125.3,3.1) 角度 30° → score = 6.3967[0m
[process_manager-1] [0m[INFO] [1772609464.720346026] [pose_init_node]: 位置(-125.3,3.1) 角度 60° → score = 4.4294[0m
[process_manager-1] [0m[INFO] [1772609465.314454404] [pose_init_node]: 位置(-125.3,3.1) 角度 90° → score = 5.4692[0m
[process_manager-1] [0m[INFO] [1772609465.551769190] [pose_init_node]: 位置(-125.3,3.1) 角度120° → score = 6.0713[0m
[process_manager-1] [0m[INFO] [1772609465.828518214] [pose_init_node]: 位置(-125.3,3.1) 角度150° → score = 6.2225[0m
[process_manager-1] [0m[INFO] [1772609466.253958636] [pose_init_node]: 位置(-125.3,3.1) 角度180° → score = 5.3747[0m
[process_manager-1] [0m[INFO] [1772609466.472646420] [pose_init_node]: 位置(-125.3,3.1) 角度210° → score = 3.2211[0m
[process_manager-1] [0m[INFO] [1772609466.898073732] [pose_init_node]: 位置(-125.3,3.1) 角度240° → score = 6.7259[0m
[process_manager-1] [0m[INFO] [1772609467.218878748] [pose_init_node]: 位置(-125.3,3.1) 角度270° → score = 0.9907[0m
[process_manager-1] [0m[INFO] [1772609467.679837024] [pose_init_node]: 位置(-125.3,3.1) 角度300° → score = 3.3078[0m
[process_manager-1] [0m[INFO] [1772609468.163562026] [pose_init_node]: 位置(-125.3,3.1) 角度330° → score = 4.3963[0m
[process_manager-1] [0m[INFO] [1772609468.164096229] [pose_init_node]: --- 搜索点 [3/37]: (-125.28, 9.05) ---[0m
[process_manager-1] [0m[INFO] [1772609468.667865815] [pose_init_node]: 位置(-125.3,9.1) 角度  0° → score = 5.7749[0m
[process_manager-1] [0m[INFO] [1772609469.584510078] [pose_init_node]: 位置(-125.3,9.1) 角度 30° → score = 7.7928[0m
[process_manager-1] [0m[INFO] [1772609470.106025435] [pose_init_node]: 位置(-125.3,9.1) 角度 60° → score = 6.2818[0m
[process_manager-1] [0m[INFO] [1772609470.361262030] [pose_init_node]: 位置(-125.3,9.1) 角度 90° → score = 8.4419[0m
[process_manager-1] [0m[INFO] [1772609470.757438108] [pose_init_node]: 位置(-125.3,9.1) 角度120° → score = 7.3678[0m
[process_manager-1] [0m[INFO] [1772609471.269054926] [pose_init_node]: 位置(-125.3,9.1) 角度150° → score = 6.9795[0m
[process_manager-1] [0m[INFO] [1772609471.439200323] [pose_init_node]: 位置(-125.3,9.1) 角度180° → score = 7.6713[0m
[process_manager-1] [0m[INFO] [1772609471.616031098] [pose_init_node]: 位置(-125.3,9.1) 角度210° → score = 4.2953[0m
[process_manager-1] [0m[INFO] [1772609472.046868084] [pose_init_node]: 位置(-125.3,9.1) 角度240° → score = 7.0519[0m
[process_manager-1] [0m[INFO] [1772609472.387608568] [pose_init_node]: 位置(-125.3,9.1) 角度270° → score = 0.7093[0m
[process_manager-1] [0m[INFO] [1772609472.388193595] [pose_init_node]: ✨ 发现更佳点: 位置(-125.3, 9.1), 角度 270° | Score: 0.7093[0m
[process_manager-1] [0m[INFO] [1772609472.843612218] [pose_init_node]: 位置(-125.3,9.1) 角度300° → score = 3.1885[0m
[process_manager-1] [0m[INFO] [1772609473.198084948] [pose_init_node]: 位置(-125.3,9.1) 角度330° → score = 4.9860[0m
[process_manager-1] [0m[INFO] [1772609473.198666825] [pose_init_node]: --- 搜索点 [4/37]: (-122.28, 6.05) ---[0m
[process_manager-1] [0m[INFO] [1772609473.541967938] [pose_init_node]: 位置(-122.3,6.1) 角度  0° → score = 5.6397[0m
[process_manager-1] [0m[INFO] [1772609473.901849862] [pose_init_node]: 位置(-122.3,6.1) 角度 30° → score = 6.2904[0m
[process_manager-1] [0m[INFO] [1772609474.756324625] [pose_init_node]: 位置(-122.3,6.1) 角度 60° → score = 4.5548[0m
[process_manager-1] [0m[INFO] [1772609475.205524555] [pose_init_node]: 位置(-122.3,6.1) 角度 90° → score = 6.0950[0m
[process_manager-1] [0m[INFO] [1772609475.560168337] [pose_init_node]: 位置(-122.3,6.1) 角度120° → score = 9.2544[0m
[process_manager-1] [0m[INFO] [1772609476.156395129] [pose_init_node]: 位置(-122.3,6.1) 角度150° → score = 6.9175[0m
[process_manager-1] [0m[INFO] [1772609476.424898491] [pose_init_node]: 位置(-122.3,6.1) 角度180° → score = 6.5008[0m
[process_manager-1] [0m[INFO] [1772609476.572476341] [pose_init_node]: 位置(-122.3,6.1) 角度210° → score = 4.5192[0m
[process_manager-1] [0m[INFO] [1772609476.968947980] [pose_init_node]: 位置(-122.3,6.1) 角度240° → score = 8.9025[0m
[process_manager-1] [0m[INFO] [1772609477.205663781] [pose_init_node]: 位置(-122.3,6.1) 角度270° → score = 2.7713[0m
[process_manager-1] [0m[INFO] [1772609477.400599038] [pose_init_node]: 位置(-122.3,6.1) 角度300° → score = 3.4478[0m
[process_manager-1] [0m[INFO] [1772609477.659272750] [pose_init_node]: 位置(-122.3,6.1) 角度330° → score = 4.8088[0m
[process_manager-1] [0m[INFO] [1772609477.659599083] [pose_init_node]: --- 搜索点 [5/37]: (-128.28, 6.05) ---[0m
[process_manager-1] [0m[INFO] [1772609477.811495555] [pose_init_node]: 位置(-128.3,6.1) 角度  0° → score = 5.8136[0m
[process_manager-1] [0m[INFO] [1772609478.004174460] [pose_init_node]: 位置(-128.3,6.1) 角度 30° → score = 8.2519[0m
[process_manager-1] [0m[INFO] [1772609478.327066422] [pose_init_node]: 位置(-128.3,6.1) 角度 60° → score = 4.9828[0m
[process_manager-1] [0m[INFO] [1772609479.025417544] [pose_init_node]: 位置(-128.3,6.1) 角度 90° → score = 4.3285[0m
[process_manager-1] [0m[INFO] [1772609479.430796314] [pose_init_node]: 位置(-128.3,6.1) 角度120° → score = 3.8227[0m
[process_manager-1] [0m[INFO] [1772609479.730301093] [pose_init_node]: 位置(-128.3,6.1) 角度150° → score = 6.0788[0m
[process_manager-1] [0m[INFO] [1772609480.434666403] [pose_init_node]: 位置(-128.3,6.1) 角度180° → score = 4.8172[0m
[process_manager-1] [0m[INFO] [1772609480.628881075] [pose_init_node]: 位置(-128.3,6.1) 角度210° → score = 3.4051[0m
[process_manager-1] [0m[INFO] [1772609481.021501034] [pose_init_node]: 位置(-128.3,6.1) 角度240° → score = 3.9443[0m
[process_manager-1] [0m[INFO] [1772609481.226111222] [pose_init_node]: 位置(-128.3,6.1) 角度270° → score = 0.8162[0m
[process_manager-1] [0m[INFO] [1772609481.428334259] [pose_init_node]: 位置(-128.3,6.1) 角度300° → score = 3.0470[0m
[process_manager-1] [0m[INFO] [1772609481.775769484] [pose_init_node]: 位置(-128.3,6.1) 角度330° → score = 4.0662[0m
[process_manager-1] [0m[INFO] [1772609481.776158508] [pose_init_node]: --- 搜索点 [6/37]: (-122.28, 3.05) ---[0m
[process_manager-1] [0m[INFO] [1772609482.267643489] [pose_init_node]: 位置(-122.3,3.1) 角度  0° → score = 5.4218[0m
[process_manager-1] [0m[INFO] [1772609482.997607495] [pose_init_node]: 位置(-122.3,3.1) 角度 30° → score = 5.7584[0m
[process_manager-1] [0m[INFO] [1772609483.326629893] [pose_init_node]: 位置(-122.3,3.1) 角度 60° → score = 5.4502[0m
[process_manager-1] [0m[INFO] [1772609483.689558741] [pose_init_node]: 位置(-122.3,3.1) 角度 90° → score = 5.4828[0m
[process_manager-1] [0m[INFO] [1772609484.138077435] [pose_init_node]: 位置(-122.3,3.1) 角度120° → score = 7.4716[0m
[process_manager-1] [0m[INFO] [1772609484.434977586] [pose_init_node]: 位置(-122.3,3.1) 角度150° → score = 6.6497[0m
[process_manager-1] [0m[INFO] [1772609484.948295563] [pose_init_node]: 位置(-122.3,3.1) 角度180° → score = 5.8135[0m
[process_manager-1] [0m[INFO] [1772609485.171269377] [pose_init_node]: 位置(-122.3,3.1) 角度210° → score = 4.4158[0m
[process_manager-1] [0m[INFO] [1772609485.533283338] [pose_init_node]: 位置(-122.3,3.1) 角度240° → score = 8.5468[0m
[process_manager-1] [0m[INFO] [1772609485.783164454] [pose_init_node]: 位置(-122.3,3.1) 角度270° → score = 2.7567[0m
[process_manager-1] [0m[INFO] [1772609486.109982356] [pose_init_node]: 位置(-122.3,3.1) 角度300° → score = 3.3587[0m
[process_manager-1] [0m[INFO] [1772609486.511496722] [pose_init_node]: 位置(-122.3,3.1) 角度330° → score = 4.6981[0m
[process_manager-1] [0m[INFO] [1772609486.512072722] [pose_init_node]: --- 搜索点 [7/37]: (-122.28, 9.05) ---[0m
[process_manager-1] [0m[INFO] [1772609487.185277651] [pose_init_node]: 位置(-122.3,9.1) 角度  0° → score = 5.5917[0m
[process_manager-1] [0m[INFO] [1772609487.880354802] [pose_init_node]: 位置(-122.3,9.1) 角度 30° → score = 6.8294[0m
[process_manager-1] [0m[INFO] [1772609488.666071595] [pose_init_node]: 位置(-122.3,9.1) 角度 60° → score = 6.3009[0m
[process_manager-1] [0m[INFO] [1772609489.214519743] [pose_init_node]: 位置(-122.3,9.1) 角度 90° → score = 7.6998[0m
[process_manager-1] [0m[INFO] [1772609489.739325531] [pose_init_node]: 位置(-122.3,9.1) 角度120° → score = 8.7656[0m
[process_manager-1] [0m[INFO] [1772609490.200135793] [pose_init_node]: 位置(-122.3,9.1) 角度150° → score = 7.2857[0m
[process_manager-1] [0m[INFO] [1772609490.454544970] [pose_init_node]: 位置(-122.3,9.1) 角度180° → score = 8.8272[0m
[process_manager-1] [0m[INFO] [1772609490.567589158] [pose_init_node]: 位置(-122.3,9.1) 角度210° → score = 4.7820[0m
[process_manager-1] [0m[INFO] [1772609491.100220029] [pose_init_node]: 位置(-122.3,9.1) 角度240° → score = 10.6489[0m
[process_manager-1] [0m[INFO] [1772609491.419614050] [pose_init_node]: 位置(-122.3,9.1) 角度270° → score = 3.2645[0m
[process_manager-1] [0m[INFO] [1772609491.609023904] [pose_init_node]: 位置(-122.3,9.1) 角度300° → score = 3.5688[0m
[process_manager-1] [0m[INFO] [1772609492.105147955] [pose_init_node]: 位置(-122.3,9.1) 角度330° → score = 5.9939[0m
[process_manager-1] [0m[INFO] [1772609492.105809079] [pose_init_node]: --- 搜索点 [8/37]: (-128.28, 3.05) ---[0m
[process_manager-1] [0m[INFO] [1772609492.652742119] [pose_init_node]: 位置(-128.3,3.1) 角度  0° → score = 4.8145[0m
[process_manager-1] [0m[INFO] [1772609493.194912984] [pose_init_node]: 位置(-128.3,3.1) 角度 30° → score = 7.4657[0m
[process_manager-1] [0m[INFO] [1772609493.545027302] [pose_init_node]: 位置(-128.3,3.1) 角度 60° → score = 4.4522[0m
[process_manager-1] [0m[INFO] [1772609493.932452032] [pose_init_node]: 位置(-128.3,3.1) 角度 90° → score = 4.8099[0m
[process_manager-1] [0m[INFO] [1772609494.247474920] [pose_init_node]: 位置(-128.3,3.1) 角度120° → score = 3.9718[0m
[process_manager-1] [0m[INFO] [1772609494.460652089] [pose_init_node]: 位置(-128.3,3.1) 角度150° → score = 6.3848[0m
[process_manager-1] [0m[INFO] [1772609494.798337941] [pose_init_node]: 位置(-128.3,3.1) 角度180° → score = 4.7887[0m
[process_manager-1] [0m[INFO] [1772609495.169912639] [pose_init_node]: 位置(-128.3,3.1) 角度210° → score = 3.0795[0m
[process_manager-1] [0m[INFO] [1772609495.678501066] [pose_init_node]: 位置(-128.3,3.1) 角度240° → score = 5.3430[0m
[process_manager-1] [0m[INFO] [1772609496.010556577] [pose_init_node]: 位置(-128.3,3.1) 角度270° → score = 0.9957[0m
[process_manager-1] [0m[INFO] [1772609496.409237720] [pose_init_node]: 位置(-128.3,3.1) 角度300° → score = 3.2449[0m
[process_manager-1] [0m[INFO] [1772609496.853402248] [pose_init_node]: 位置(-128.3,3.1) 角度330° → score = 3.8735[0m
[process_manager-1] [0m[INFO] [1772609496.853919942] [pose_init_node]: --- 搜索点 [9/37]: (-128.28, 9.05) ---[0m
[process_manager-1] [0m[INFO] [1772609497.117811898] [pose_init_node]: 位置(-128.3,9.1) 角度  0° → score = 6.5394[0m
[process_manager-1] [0m[INFO] [1772609497.877910235] [pose_init_node]: 位置(-128.3,9.1) 角度 30° → score = 8.7845[0m
[process_manager-1] [0m[INFO] [1772609498.249168634] [pose_init_node]: 位置(-128.3,9.1) 角度 60° → score = 5.5332[0m
[process_manager-1] [0m[INFO] [1772609498.766278067] [pose_init_node]: 位置(-128.3,9.1) 角度 90° → score = 7.3193[0m
[process_manager-1] [0m[INFO] [1772609499.216179945] [pose_init_node]: 位置(-128.3,9.1) 角度120° → score = 5.8056[0m
[process_manager-1] [0m[INFO] [1772609499.606058514] [pose_init_node]: 位置(-128.3,9.1) 角度150° → score = 6.4067[0m
[process_manager-1] [0m[INFO] [1772609499.942647728] [pose_init_node]: 位置(-128.3,9.1) 角度180° → score = 6.7533[0m
[process_manager-1] [0m[INFO] [1772609500.142889143] [pose_init_node]: 位置(-128.3,9.1) 角度210° → score = 3.8059[0m
[process_manager-1] [0m[INFO] [1772609500.327057987] [pose_init_node]: 位置(-128.3,9.1) 角度240° → score = 6.3131[0m
[process_manager-1] [0m[INFO] [1772609500.488414870] [pose_init_node]: 位置(-128.3,9.1) 角度270° → score = 0.7284[0m
[process_manager-1] [0m[INFO] [1772609500.802183538] [pose_init_node]: 位置(-128.3,9.1) 角度300° → score = 2.8861[0m
[process_manager-1] [0m[INFO] [1772609501.344602289] [pose_init_node]: 位置(-128.3,9.1) 角度330° → score = 4.2711[0m
[process_manager-1] [0m[INFO] [1772609501.345142982] [pose_init_node]: --- 搜索点 [10/37]: (-125.28, 0.05) ---[0m
[process_manager-1] [0m[INFO] [1772609501.600013386] [pose_init_node]: 位置(-125.3,0.1) 角度  0° → score = 4.7048[0m
[process_manager-1] [0m[INFO] [1772609502.191606707] [pose_init_node]: 位置(-125.3,0.1) 角度 30° → score = 6.2285[0m
[process_manager-1] [0m[INFO] [1772609502.609113871] [pose_init_node]: 位置(-125.3,0.1) 角度 60° → score = 4.2554[0m
[process_manager-1] [0m[INFO] [1772609502.907795472] [pose_init_node]: 位置(-125.3,0.1) 角度 90° → score = 6.0124[0m
[process_manager-1] [0m[INFO] [1772609503.178901939] [pose_init_node]: 位置(-125.3,0.1) 角度120° → score = 5.7406[0m
[process_manager-1] [0m[INFO] [1772609503.666565541] [pose_init_node]: 位置(-125.3,0.1) 角度150° → score = 5.8986[0m
[process_manager-1] [0m[INFO] [1772609504.067818087] [pose_init_node]: 位置(-125.3,0.1) 角度180° → score = 5.4454[0m
[process_manager-1] [0m[INFO] [1772609504.477995472] [pose_init_node]: 位置(-125.3,0.1) 角度210° → score = 2.3347[0m
[process_manager-1] [0m[INFO] [1772609504.783398702] [pose_init_node]: 位置(-125.3,0.1) 角度240° → score = 6.2165[0m
[process_manager-1] [0m[INFO] [1772609505.125744259] [pose_init_node]: 位置(-125.3,0.1) 角度270° → score = 1.5478[0m
[process_manager-1] [0m[INFO] [1772609505.360095576] [pose_init_node]: 位置(-125.3,0.1) 角度300° → score = 2.9074[0m
[process_manager-1] [0m[INFO] [1772609505.755955043] [pose_init_node]: 位置(-125.3,0.1) 角度330° → score = 4.0947[0m
[process_manager-1] [0m[INFO] [1772609505.756466466] [pose_init_node]: --- 搜索点 [11/37]: (-125.28, 12.05) ---[0m
[process_manager-1] [0m[INFO] [1772609506.027803632] [pose_init_node]: 位置(-125.3,12.1) 角度  0° → score = 6.9986[0m
[process_manager-1] [0m[INFO] [1772609506.769100393] [pose_init_node]: 位置(-125.3,12.1) 角度 30° → score = 8.8286[0m
[process_manager-1] [0m[INFO] [1772609507.193073121] [pose_init_node]: 位置(-125.3,12.1) 角度 60° → score = 9.3039[0m
[process_manager-1] [0m[INFO] [1772609507.805095102] [pose_init_node]: 位置(-125.3,12.1) 角度 90° → score = 10.0250[0m
[process_manager-1] [0m[INFO] [1772609508.209718457] [pose_init_node]: 位置(-125.3,12.1) 角度120° → score = 7.5908[0m
[process_manager-1] [0m[INFO] [1772609508.608353931] [pose_init_node]: 位置(-125.3,12.1) 角度150° → score = 7.5581[0m
[process_manager-1] [0m[INFO] [1772609508.809267663] [pose_init_node]: 位置(-125.3,12.1) 角度180° → score = 6.5820[0m
[process_manager-1] [0m[INFO] [1772609509.003889622] [pose_init_node]: 位置(-125.3,12.1) 角度210° → score = 4.0732[0m
[process_manager-1] [0m[INFO] [1772609509.500902904] [pose_init_node]: 位置(-125.3,12.1) 角度240° → score = 4.4098[0m
[process_manager-1] [0m[INFO] [1772609509.812940139] [pose_init_node]: 位置(-125.3,12.1) 角度270° → score = 0.5699[0m
[process_manager-1] [0m[INFO] [1772609509.813534003] [pose_init_node]: ✨ 发现更佳点: 位置(-125.3, 12.1), 角度 270° | Score: 0.5699[0m
[process_manager-1] [0m[INFO] [1772609510.189244569] [pose_init_node]: 位置(-125.3,12.1) 角度300° → score = 3.1465[0m
[process_manager-1] [0m[INFO] [1772609510.539154633] [pose_init_node]: 位置(-125.3,12.1) 角度330° → score = 5.5963[0m
[process_manager-1] [0m[INFO] [1772609510.539653289] [pose_init_node]: --- 搜索点 [12/37]: (-119.28, 6.05) ---[0m
[process_manager-1] [0m[INFO] [1772609510.907127760] [pose_init_node]: 位置(-119.3,6.1) 角度  0° → score = 6.6180[0m
[process_manager-1] [0m[INFO] [1772609511.494266250] [pose_init_node]: 位置(-119.3,6.1) 角度 30° → score = 6.3274[0m
[process_manager-1] [0m[INFO] [1772609511.796056010] [pose_init_node]: 位置(-119.3,6.1) 角度 60° → score = 8.0325[0m
[process_manager-1] [0m[INFO] [1772609512.173999486] [pose_init_node]: 位置(-119.3,6.1) 角度 90° → score = 7.2285[0m
[process_manager-1] [0m[INFO] [1772609512.823238118] [pose_init_node]: 位置(-119.3,6.1) 角度120° → score = 10.6940[0m
[process_manager-1] [0m[INFO] [1772609513.408926980] [pose_init_node]: 位置(-119.3,6.1) 角度150° → score = 6.9763[0m
[process_manager-1] [0m[INFO] [1772609513.872267914] [pose_init_node]: 位置(-119.3,6.1) 角度180° → score = 7.8464[0m
[process_manager-1] [0m[INFO] [1772609514.131024601] [pose_init_node]: 位置(-119.3,6.1) 角度210° → score = 4.0081[0m
[process_manager-1] [0m[INFO] [1772609514.318115138] [pose_init_node]: 位置(-119.3,6.1) 角度240° → score = 9.5356[0m
[process_manager-1] [0m[INFO] [1772609514.550201562] [pose_init_node]: 位置(-119.3,6.1) 角度270° → score = 2.6550[0m
[process_manager-1] [0m[INFO] [1772609514.698142541] [pose_init_node]: 位置(-119.3,6.1) 角度300° → score = 3.7691[0m
[process_manager-1] [0m[INFO] [1772609515.273645634] [pose_init_node]: 位置(-119.3,6.1) 角度330° → score = 5.5834[0m
[process_manager-1] [0m[INFO] [1772609515.274030702] [pose_init_node]: --- 搜索点 [13/37]: (-131.28, 6.05) ---[0m
[process_manager-1] [0m[INFO] [1772609515.750102311] [pose_init_node]: 位置(-131.3,6.1) 角度  0° → score = 5.7548[0m
[process_manager-1] [0m[INFO] [1772609516.153824345] [pose_init_node]: 位置(-131.3,6.1) 角度 30° → score = 7.2491[0m
[process_manager-1] [0m[INFO] [1772609516.837342851] [pose_init_node]: 位置(-131.3,6.1) 角度 60° → score = 3.5500[0m
[process_manager-1] [0m[INFO] [1772609517.230277199] [pose_init_node]: 位置(-131.3,6.1) 角度 90° → score = 4.3490[0m
[process_manager-1] [0m[INFO] [1772609517.979294238] [pose_init_node]: 位置(-131.3,6.1) 角度120° → score = 3.2146[0m
[process_manager-1] [0m[INFO] [1772609518.518765506] [pose_init_node]: 位置(-131.3,6.1) 角度150° → score = 5.4899[0m
[process_manager-1] [0m[INFO] [1772609519.195036609] [pose_init_node]: 位置(-131.3,6.1) 角度180° → score = 4.4511[0m
[process_manager-1] [0m[INFO] [1772609519.502126437] [pose_init_node]: 位置(-131.3,6.1) 角度210° → score = 3.5294[0m
[process_manager-1] [0m[INFO] [1772609519.922882427] [pose_init_node]: 位置(-131.3,6.1) 角度240° → score = 4.3914[0m
[process_manager-1] [0m[INFO] [1772609520.170957681] [pose_init_node]: 位置(-131.3,6.1) 角度270° → score = 1.0940[0m
[process_manager-1] [0m[INFO] [1772609520.613170417] [pose_init_node]: 位置(-131.3,6.1) 角度300° → score = 2.8683[0m
[process_manager-1] [0m[INFO] [1772609521.098849384] [pose_init_node]: 位置(-131.3,6.1) 角度330° → score = 3.9684[0m
[process_manager-1] [0m[INFO] [1772609521.099319382] [pose_init_node]: --- 搜索点 [14/37]: (-122.28, 0.05) ---[0m
[process_manager-1] [0m[INFO] [1772609521.347544460] [pose_init_node]: 位置(-122.3,0.1) 角度  0° → score = 3.9205[0m
[process_manager-1] [0m[INFO] [1772609521.722234007] [pose_init_node]: 位置(-122.3,0.1) 角度 30° → score = 6.1146[0m
[process_manager-1] [0m[INFO] [1772609522.076545261] [pose_init_node]: 位置(-122.3,0.1) 角度 60° → score = 5.4890[0m
[process_manager-1] [0m[INFO] [1772609522.627135486] [pose_init_node]: 位置(-122.3,0.1) 角度 90° → score = 5.5422[0m
[process_manager-1] [0m[INFO] [1772609522.817849161] [pose_init_node]: 位置(-122.3,0.1) 角度120° → score = 7.9832[0m
[process_manager-1] [0m[INFO] [1772609523.249481462] [pose_init_node]: 位置(-122.3,0.1) 角度150° → score = 7.6767[0m
[process_manager-1] [0m[INFO] [1772609523.523055935] [pose_init_node]: 位置(-122.3,0.1) 角度180° → score = 4.0424[0m
[process_manager-1] [0m[INFO] [1772609523.788662649] [pose_init_node]: 位置(-122.3,0.1) 角度210° → score = 4.4191[0m
[process_manager-1] [0m[INFO] [1772609524.098136947] [pose_init_node]: 位置(-122.3,0.1) 角度240° → score = 11.0151[0m
[process_manager-1] [0m[INFO] [1772609524.540278597] [pose_init_node]: 位置(-122.3,0.1) 角度270° → score = 1.8561[0m
[process_manager-1] [0m[INFO] [1772609524.746805786] [pose_init_node]: 位置(-122.3,0.1) 角度300° → score = 2.9591[0m
[process_manager-1] [0m[INFO] [1772609524.954693842] [pose_init_node]: 位置(-122.3,0.1) 角度330° → score = 4.2872[0m
[process_manager-1] [0m[INFO] [1772609524.955299524] [pose_init_node]: --- 搜索点 [15/37]: (-122.28, 12.05) ---[0m
[process_manager-1] [0m[INFO] [1772609525.182780281] [pose_init_node]: 位置(-122.3,12.1) 角度  0° → score = 8.4007[0m
[process_manager-1] [0m[INFO] [1772609525.524928873] [pose_init_node]: 位置(-122.3,12.1) 角度 30° → score = 8.2840[0m
[process_manager-1] [0m[INFO] [1772609526.731240352] [pose_init_node]: 位置(-122.3,12.1) 角度 60° → score = 6.3055[0m
[process_manager-1] [0m[INFO] [1772609527.116619346] [pose_init_node]: 位置(-122.3,12.1) 角度 90° → score = 9.1773[0m
[process_manager-1] [0m[INFO] [1772609527.482856488] [pose_init_node]: 位置(-122.3,12.1) 角度120° → score = 9.2453[0m
[process_manager-1] [0m[INFO] [1772609527.848787061] [pose_init_node]: 位置(-122.3,12.1) 角度150° → score = 8.7209[0m
[process_manager-1] [0m[INFO] [1772609528.035731685] [pose_init_node]: 位置(-122.3,12.1) 角度180° → score = 10.0508[0m
[process_manager-1] [0m[INFO] [1772609528.199751209] [pose_init_node]: 位置(-122.3,12.1) 角度210° → score = 5.1737[0m
[process_manager-1] [0m[INFO] [1772609528.628130518] [pose_init_node]: 位置(-122.3,12.1) 角度240° → score = 10.8822[0m
[process_manager-1] [0m[INFO] [1772609528.951500954] [pose_init_node]: 位置(-122.3,12.1) 角度270° → score = 3.4246[0m
[process_manager-1] [0m[INFO] [1772609529.160315505] [pose_init_node]: 位置(-122.3,12.1) 角度300° → score = 3.5323[0m
[process_manager-1] [0m[INFO] [1772609529.648026548] [pose_init_node]: 位置(-122.3,12.1) 角度330° → score = 6.6513[0m
[process_manager-1] [0m[INFO] [1772609529.648533200] [pose_init_node]: --- 搜索点 [16/37]: (-119.28, 3.05) ---[0m
[process_manager-1] [0m[INFO] [1772609529.884194632] [pose_init_node]: 位置(-119.3,3.1) 角度  0° → score = 6.2373[0m
[process_manager-1] [0m[INFO] [1772609530.217498720] [pose_init_node]: 位置(-119.3,3.1) 角度 30° → score = 6.1981[0m
[process_manager-1] [0m[INFO] [1772609530.759612542] [pose_init_node]: 位置(-119.3,3.1) 角度 60° → score = 6.3550[0m
[process_manager-1] [0m[INFO] [1772609531.408712513] [pose_init_node]: 位置(-119.3,3.1) 角度 90° → score = 5.8865[0m
[process_manager-1] [0m[INFO] [1772609531.732102509] [pose_init_node]: 位置(-119.3,3.1) 角度120° → score = 9.8222[0m
[process_manager-1] [0m[INFO] [1772609532.105724850] [pose_init_node]: 位置(-119.3,3.1) 角度150° → score = 6.8076[0m
[process_manager-1] [0m[INFO] [1772609532.596873841] [pose_init_node]: 位置(-119.3,3.1) 角度180° → score = 6.2979[0m
[process_manager-1] [0m[INFO] [1772609532.873742219] [pose_init_node]: 位置(-119.3,3.1) 角度210° → score = 5.3206[0m
[process_manager-1] [0m[INFO] [1772609533.524976542] [pose_init_node]: 位置(-119.3,3.1) 角度240° → score = 9.3958[0m
[process_manager-1] [0m[INFO] [1772609533.759548755] [pose_init_node]: 位置(-119.3,3.1) 角度270° → score = 3.1601[0m
[process_manager-1] [0m[INFO] [1772609534.057120741] [pose_init_node]: 位置(-119.3,3.1) 角度300° → score = 3.5321[0m
[process_manager-1] [0m[INFO] [1772609534.308911667] [pose_init_node]: 位置(-119.3,3.1) 角度330° → score = 4.6697[0m
[process_manager-1] [0m[INFO] [1772609534.309463996] [pose_init_node]: --- 搜索点 [17/37]: (-119.28, 9.05) ---[0m
[process_manager-1] [0m[INFO] [1772609534.933328525] [pose_init_node]: 位置(-119.3,9.1) 角度  0° → score = 5.9279[0m
[process_manager-1] [0m[INFO] [1772609535.390048738] [pose_init_node]: 位置(-119.3,9.1) 角度 30° → score = 7.2388[0m
[process_manager-1] [0m[INFO] [1772609535.878682756] [pose_init_node]: 位置(-119.3,9.1) 角度 60° → score = 8.8553[0m
[process_manager-1] [0m[INFO] [1772609536.371586354] [pose_init_node]: 位置(-119.3,9.1) 角度 90° → score = 8.8038[0m
[process_manager-1] [0m[INFO] [1772609537.823715401] [pose_init_node]: 位置(-119.3,9.1) 角度120° → score = 6.1072[0m
[process_manager-1] [0m[INFO] [1772609538.253050706] [pose_init_node]: 位置(-119.3,9.1) 角度150° → score = 7.2358[0m
[process_manager-1] [0m[INFO] [1772609538.914543398] [pose_init_node]: 位置(-119.3,9.1) 角度180° → score = 7.5578[0m
[process_manager-1] [0m[INFO] [1772609539.175809781] [pose_init_node]: 位置(-119.3,9.1) 角度210° → score = 5.2707[0m
[process_manager-1] [0m[INFO] [1772609539.596259677] [pose_init_node]: 位置(-119.3,9.1) 角度240° → score = 11.3502[0m
[process_manager-1] [0m[INFO] [1772609540.145028250] [pose_init_node]: 位置(-119.3,9.1) 角度270° → score = 3.1904[0m
[process_manager-1] [0m[INFO] [1772609540.329264561] [pose_init_node]: 位置(-119.3,9.1) 角度300° → score = 4.0994[0m
[process_manager-1] [0m[INFO] [1772609540.746024664] [pose_init_node]: 位置(-119.3,9.1) 角度330° → score = 6.4872[0m
[process_manager-1] [0m[INFO] [1772609540.746514417] [pose_init_node]: --- 搜索点 [18/37]: (-128.28, 0.05) ---[0m
[process_manager-1] [0m[INFO] [1772609541.015782189] [pose_init_node]: 位置(-128.3,0.1) 角度  0° → score = 4.7154[0m
[process_manager-1] [0m[INFO] [1772609541.531785743] [pose_init_node]: 位置(-128.3,0.1) 角度 30° → score = 7.5413[0m
[process_manager-1] [0m[INFO] [1772609541.864292511] [pose_init_node]: 位置(-128.3,0.1) 角度 60° → score = 4.3184[0m
[process_manager-1] [0m[INFO] [1772609542.377147421] [pose_init_node]: 位置(-128.3,0.1) 角度 90° → score = 4.1312[0m
[process_manager-1] [0m[INFO] [1772609542.943563969] [pose_init_node]: 位置(-128.3,0.1) 角度120° → score = 4.0793[0m
[process_manager-1] [0m[INFO] [1772609543.279021382] [pose_init_node]: 位置(-128.3,0.1) 角度150° → score = 6.6507[0m
[process_manager-1] [0m[INFO] [1772609543.631698503] [pose_init_node]: 位置(-128.3,0.1) 角度180° → score = 5.1272[0m
[process_manager-1] [0m[INFO] [1772609544.068109904] [pose_init_node]: 位置(-128.3,0.1) 角度210° → score = 2.9333[0m
[process_manager-1] [0m[INFO] [1772609544.400173769] [pose_init_node]: 位置(-128.3,0.1) 角度240° → score = 5.0213[0m
[process_manager-1] [0m[INFO] [1772609544.841510468] [pose_init_node]: 位置(-128.3,0.1) 角度270° → score = 1.1911[0m
[process_manager-1] [0m[INFO] [1772609545.083260490] [pose_init_node]: 位置(-128.3,0.1) 角度300° → score = 2.8834[0m
[process_manager-1] [0m[INFO] [1772609545.440184817] [pose_init_node]: 位置(-128.3,0.1) 角度330° → score = 3.7951[0m
[process_manager-1] [0m[INFO] [1772609545.440778206] [pose_init_node]: --- 搜索点 [19/37]: (-128.28, 12.05) ---[0m
[process_manager-1] [0m[INFO] [1772609545.660778724] [pose_init_node]: 位置(-128.3,12.1) 角度  0° → score = 6.8303[0m
[process_manager-1] [0m[INFO] [1772609546.079998466] [pose_init_node]: 位置(-128.3,12.1) 角度 30° → score = 9.7072[0m
[process_manager-1] [0m[INFO] [1772609546.642336784] [pose_init_node]: 位置(-128.3,12.1) 角度 60° → score = 5.8923[0m
[process_manager-1] [0m[INFO] [1772609547.239460425] [pose_init_node]: 位置(-128.3,12.1) 角度 90° → score = 8.5283[0m
[process_manager-1] [0m[INFO] [1772609547.688842275] [pose_init_node]: 位置(-128.3,12.1) 角度120° → score = 5.8149[0m
[process_manager-1] [0m[INFO] [1772609548.288886359] [pose_init_node]: 位置(-128.3,12.1) 角度150° → score = 7.0126[0m
[process_manager-1] [0m[INFO] [1772609548.851625972] [pose_init_node]: 位置(-128.3,12.1) 角度180° → score = 7.7977[0m
[process_manager-1] [0m[INFO] [1772609549.105033032] [pose_init_node]: 位置(-128.3,12.1) 角度210° → score = 4.6056[0m
[process_manager-1] [0m[INFO] [1772609549.480183328] [pose_init_node]: 位置(-128.3,12.1) 角度240° → score = 6.5191[0m
[process_manager-1] [0m[INFO] [1772609549.959752827] [pose_init_node]: 位置(-128.3,12.1) 角度270° → score = 0.5066[0m
[process_manager-1] [0m[INFO] [1772609549.960336204] [pose_init_node]: ✨ 发现更佳点: 位置(-128.3, 12.1), 角度 270° | Score: 0.5066[0m
[process_manager-1] [0m[INFO] [1772609550.270130014] [pose_init_node]: 位置(-128.3,12.1) 角度300° → score = 3.0355[0m
[process_manager-1] [0m[INFO] [1772609550.507774108] [pose_init_node]: 位置(-128.3,12.1) 角度330° → score = 5.4914[0m
[process_manager-1] [0m[INFO] [1772609550.508295897] [pose_init_node]: --- 搜索点 [20/37]: (-131.28, 3.05) ---[0m
[process_manager-1] [0m[INFO] [1772609550.700355505] [pose_init_node]: 位置(-131.3,3.1) 角度  0° → score = 5.5310[0m
[process_manager-1] [0m[INFO] [1772609551.239970364] [pose_init_node]: 位置(-131.3,3.1) 角度 30° → score = 7.7401[0m
[process_manager-1] [0m[INFO] [1772609551.678593213] [pose_init_node]: 位置(-131.3,3.1) 角度 60° → score = 3.6599[0m
[process_manager-1] [0m[INFO] [1772609552.080856568] [pose_init_node]: 位置(-131.3,3.1) 角度 90° → score = 4.0497[0m
[process_manager-1] [0m[INFO] [1772609552.584009405] [pose_init_node]: 位置(-131.3,3.1) 角度120° → score = 3.1473[0m
[process_manager-1] [0m[INFO] [1772609553.129329165] [pose_init_node]: 位置(-131.3,3.1) 角度150° → score = 6.2856[0m
[process_manager-1] [0m[INFO] [1772609553.299031520] [pose_init_node]: 位置(-131.3,3.1) 角度180° → score = 5.0933[0m
[process_manager-1] [0m[INFO] [1772609553.593318641] [pose_init_node]: 位置(-131.3,3.1) 角度210° → score = 3.1700[0m
[process_manager-1] [0m[INFO] [1772609553.923652873] [pose_init_node]: 位置(-131.3,3.1) 角度240° → score = 4.3734[0m
[process_manager-1] [0m[INFO] [1772609554.256262478] [pose_init_node]: 位置(-131.3,3.1) 角度270° → score = 1.1886[0m
[process_manager-1] [0m[INFO] [1772609554.507419047] [pose_init_node]: 位置(-131.3,3.1) 角度300° → score = 2.8311[0m
[process_manager-1] [0m[INFO] [1772609554.825694234] [pose_init_node]: 位置(-131.3,3.1) 角度330° → score = 3.7970[0m
[process_manager-1] [0m[INFO] [1772609554.826194913] [pose_init_node]: --- 搜索点 [21/37]: (-131.28, 9.05) ---[0m
[process_manager-1] [0m[INFO] [1772609555.272854396] [pose_init_node]: 位置(-131.3,9.1) 角度  0° → score = 7.0907[0m
[process_manager-1] [0m[INFO] [1772609555.787476647] [pose_init_node]: 位置(-131.3,9.1) 角度 30° → score = 8.0666[0m
[process_manager-1] [0m[INFO] [1772609556.035108806] [pose_init_node]: 位置(-131.3,9.1) 角度 60° → score = 5.6642[0m
[process_manager-1] [0m[INFO] [1772609556.454712182] [pose_init_node]: 位置(-131.3,9.1) 角度 90° → score = 6.0921[0m
[process_manager-1] [0m[INFO] [1772609556.618316171] [pose_init_node]: 位置(-131.3,9.1) 角度120° → score = 4.5384[0m
[process_manager-1] [0m[INFO] [1772609557.137464353] [pose_init_node]: 位置(-131.3,9.1) 角度150° → score = 5.6430[0m
[process_manager-1] [0m[INFO] [1772609557.409169167] [pose_init_node]: 位置(-131.3,9.1) 角度180° → score = 6.3426[0m
[process_manager-1] [0m[INFO] [1772609557.768406696] [pose_init_node]: 位置(-131.3,9.1) 角度210° → score = 3.9526[0m
[process_manager-1] [0m[INFO] [1772609558.144974190] [pose_init_node]: 位置(-131.3,9.1) 角度240° → score = 4.5713[0m
[process_manager-1] [0m[INFO] [1772609558.291113908] [pose_init_node]: 位置(-131.3,9.1) 角度270° → score = 1.0616[0m
[process_manager-1] [0m[INFO] [1772609558.650863948] [pose_init_node]: 位置(-131.3,9.1) 角度300° → score = 2.7777[0m
[process_manager-1] [0m[INFO] [1772609559.057910458] [pose_init_node]: 位置(-131.3,9.1) 角度330° → score = 4.1333[0m
[process_manager-1] [0m[INFO] [1772609559.058253342] [pose_init_node]: --- 搜索点 [22/37]: (-119.28, 0.05) ---[0m
[process_manager-1] [0m[INFO] [1772609559.483233278] [pose_init_node]: 位置(-119.3,0.1) 角度  0° → score = 5.8395[0m
[process_manager-1] [0m[INFO] [1772609559.805553739] [pose_init_node]: 位置(-119.3,0.1) 角度 30° → score = 5.4789[0m
[process_manager-1] [0m[INFO] [1772609560.125662905] [pose_init_node]: 位置(-119.3,0.1) 角度 60° → score = 6.0406[0m
[process_manager-1] [0m[INFO] [1772609560.473965078] [pose_init_node]: 位置(-119.3,0.1) 角度 90° → score = 5.8886[0m
[process_manager-1] [0m[INFO] [1772609561.268334145] [pose_init_node]: 位置(-119.3,0.1) 角度120° → score = 8.0582[0m
[process_manager-1] [0m[INFO] [1772609561.741953835] [pose_init_node]: 位置(-119.3,0.1) 角度150° → score = 6.8447[0m
[process_manager-1] [0m[INFO] [1772609562.052646901] [pose_init_node]: 位置(-119.3,0.1) 角度180° → score = 6.1187[0m
[process_manager-1] [0m[INFO] [1772609562.267971303] [pose_init_node]: 位置(-119.3,0.1) 角度210° → score = 4.6509[0m
[process_manager-1] [0m[INFO] [1772609562.589528012] [pose_init_node]: 位置(-119.3,0.1) 角度240° → score = 8.6303[0m
[process_manager-1] [0m[INFO] [1772609563.248206094] [pose_init_node]: 位置(-119.3,0.1) 角度270° → score = 1.2419[0m
[process_manager-1] [0m[INFO] [1772609563.437154783] [pose_init_node]: 位置(-119.3,0.1) 角度300° → score = 2.6837[0m
[process_manager-1] [0m[INFO] [1772609563.691534166] [pose_init_node]: 位置(-119.3,0.1) 角度330° → score = 4.4278[0m
[process_manager-1] [0m[INFO] [1772609563.692114283] [pose_init_node]: --- 搜索点 [23/37]: (-119.28, 12.05) ---[0m
[process_manager-1] [0m[INFO] [1772609564.090427029] [pose_init_node]: 位置(-119.3,12.1) 角度  0° → score = 8.7524[0m
[process_manager-1] [0m[INFO] [1772609564.747472923] [pose_init_node]: 位置(-119.3,12.1) 角度 30° → score = 8.2412[0m
[process_manager-1] [0m[INFO] [1772609565.417848831] [pose_init_node]: 位置(-119.3,12.1) 角度 60° → score = 9.8573[0m
[process_manager-1] [0m[INFO] [1772609565.869764209] [pose_init_node]: 位置(-119.3,12.1) 角度 90° → score = 9.3123[0m
[process_manager-1] [0m[INFO] [1772609566.596402553] [pose_init_node]: 位置(-119.3,12.1) 角度120° → score = 8.2293[0m
[process_manager-1] [0m[INFO] [1772609568.250965163] [pose_init_node]: 位置(-119.3,12.1) 角度150° → score = 5.9142[0m
[process_manager-1] [0m[INFO] [1772609568.566798464] [pose_init_node]: 位置(-119.3,12.1) 角度180° → score = 7.9391[0m
[process_manager-1] [0m[INFO] [1772609568.790905585] [pose_init_node]: 位置(-119.3,12.1) 角度210° → score = 4.0972[0m
[process_manager-1] [0m[INFO] [1772609569.293210873] [pose_init_node]: 位置(-119.3,12.1) 角度240° → score = 10.3577[0m
[process_manager-1] [0m[INFO] [1772609569.613313801] [pose_init_node]: 位置(-119.3,12.1) 角度270° → score = 3.2257[0m
[process_manager-1] [0m[INFO] [1772609570.050084431] [pose_init_node]: 位置(-119.3,12.1) 角度300° → score = 4.2216[0m
[process_manager-1] [0m[INFO] [1772609570.328426559] [pose_init_node]: 位置(-119.3,12.1) 角度330° → score = 7.0868[0m
[process_manager-1] [0m[INFO] [1772609570.328733690] [pose_init_node]: --- 搜索点 [24/37]: (-131.28, 0.05) ---[0m
[process_manager-1] [0m[INFO] [1772609570.569468747] [pose_init_node]: 位置(-131.3,0.1) 角度  0° → score = 4.1075[0m
[process_manager-1] [0m[INFO] [1772609571.063184060] [pose_init_node]: 位置(-131.3,0.1) 角度 30° → score = 7.7087[0m
[process_manager-1] [0m[INFO] [1772609571.648602743] [pose_init_node]: 位置(-131.3,0.1) 角度 60° → score = 3.4790[0m
[process_manager-1] [0m[INFO] [1772609571.939729981] [pose_init_node]: 位置(-131.3,0.1) 角度 90° → score = 3.7494[0m
[process_manager-1] [0m[INFO] [1772609572.393104915] [pose_init_node]: 位置(-131.3,0.1) 角度120° → score = 3.3300[0m
[process_manager-1] [0m[INFO] [1772609572.764229545] [pose_init_node]: 位置(-131.3,0.1) 角度150° → score = 5.9931[0m
[process_manager-1] [0m[INFO] [1772609573.136423346] [pose_init_node]: 位置(-131.3,0.1) 角度180° → score = 4.8328[0m
[process_manager-1] [0m[INFO] [1772609573.326611569] [pose_init_node]: 位置(-131.3,0.1) 角度210° → score = 2.8784[0m
[process_manager-1] [0m[INFO] [1772609573.555493756] [pose_init_node]: 位置(-131.3,0.1) 角度240° → score = 3.5826[0m
[process_manager-1] [0m[INFO] [1772609573.754895412] [pose_init_node]: 位置(-131.3,0.1) 角度270° → score = 1.7162[0m
[process_manager-1] [0m[INFO] [1772609573.958341450] [pose_init_node]: 位置(-131.3,0.1) 角度300° → score = 2.5657[0m
[process_manager-1] [0m[INFO] [1772609574.462906573] [pose_init_node]: 位置(-131.3,0.1) 角度330° → score = 3.1798[0m
[process_manager-1] [0m[INFO] [1772609574.463433155] [pose_init_node]: --- 搜索点 [25/37]: (-131.28, 12.05) ---[0m
[process_manager-1] [0m[INFO] [1772609574.882158049] [pose_init_node]: 位置(-131.3,12.1) 角度  0° → score = 6.4781[0m
[process_manager-1] [0m[INFO] [1772609575.760601964] [pose_init_node]: 位置(-131.3,12.1) 角度 30° → score = 7.7186[0m
[process_manager-1] [0m[INFO] [1772609576.225982899] [pose_init_node]: 位置(-131.3,12.1) 角度 60° → score = 5.8806[0m
[process_manager-1] [0m[INFO] [1772609576.609279602] [pose_init_node]: 位置(-131.3,12.1) 角度 90° → score = 7.8801[0m
[process_manager-1] [0m[INFO] [1772609577.257892775] [pose_init_node]: 位置(-131.3,12.1) 角度120° → score = 3.0962[0m
[process_manager-1] [0m[INFO] [1772609577.857769307] [pose_init_node]: 位置(-131.3,12.1) 角度150° → score = 5.4821[0m
[process_manager-1] [0m[INFO] [1772609578.280523485] [pose_init_node]: 位置(-131.3,12.1) 角度180° → score = 6.2290[0m
[process_manager-1] [0m[INFO] [1772609578.642373979] [pose_init_node]: 位置(-131.3,12.1) 角度210° → score = 3.6755[0m
[process_manager-1] [0m[INFO] [1772609578.814005569] [pose_init_node]: 位置(-131.3,12.1) 角度240° → score = 3.7724[0m
[process_manager-1] [0m[INFO] [1772609579.111028828] [pose_init_node]: 位置(-131.3,12.1) 角度270° → score = 0.6491[0m
[process_manager-1] [0m[INFO] [1772609579.489540643] [pose_init_node]: 位置(-131.3,12.1) 角度300° → score = 2.8292[0m
[process_manager-1] [0m[INFO] [1772609579.956788961] [pose_init_node]: 位置(-131.3,12.1) 角度330° → score = 4.1085[0m
[process_manager-1] [0m[INFO] [1772609579.957319479] [pose_init_node]: --- 搜索点 [26/37]: (-125.28, -2.95) ---[0m
[process_manager-1] [0m[INFO] [1772609580.445508889] [pose_init_node]: 位置(-125.3,-2.9) 角度  0° → score = 3.4585[0m
[process_manager-1] [0m[INFO] [1772609580.938432722] [pose_init_node]: 位置(-125.3,-2.9) 角度 30° → score = 6.7294[0m
[process_manager-1] [0m[INFO] [1772609581.199820465] [pose_init_node]: 位置(-125.3,-2.9) 角度 60° → score = 4.9090[0m
[process_manager-1] [0m[INFO] [1772609581.737964470] [pose_init_node]: 位置(-125.3,-2.9) 角度 90° → score = 4.7478[0m
[process_manager-1] [0m[INFO] [1772609582.014684409] [pose_init_node]: 位置(-125.3,-2.9) 角度120° → score = 5.9240[0m
[process_manager-1] [0m[INFO] [1772609582.422668654] [pose_init_node]: 位置(-125.3,-2.9) 角度150° → score = 5.9713[0m
[process_manager-1] [0m[INFO] [1772609582.725365395] [pose_init_node]: 位置(-125.3,-2.9) 角度180° → score = 5.0289[0m
[process_manager-1] [0m[INFO] [1772609582.988956927] [pose_init_node]: 位置(-125.3,-2.9) 角度210° → score = 3.5414[0m
[process_manager-1] [0m[INFO] [1772609583.385288789] [pose_init_node]: 位置(-125.3,-2.9) 角度240° → score = 5.5305[0m
[process_manager-1] [0m[INFO] [1772609583.778947976] [pose_init_node]: 位置(-125.3,-2.9) 角度270° → score = 1.1824[0m
[process_manager-1] [0m[INFO] [1772609584.152572662] [pose_init_node]: 位置(-125.3,-2.9) 角度300° → score = 2.3990[0m
[process_manager-1] [0m[INFO] [1772609584.260325045] [pose_init_node]: 位置(-125.3,-2.9) 角度330° → score = 3.5384[0m
[process_manager-1] [0m[INFO] [1772609584.260666520] [pose_init_node]: --- 搜索点 [27/37]: (-125.28, 15.05) ---[0m
[process_manager-1] [0m[INFO] [1772609584.720047058] [pose_init_node]: 位置(-125.3,15.1) 角度  0° → score = 6.1177[0m
[process_manager-1] [0m[INFO] [1772609585.205419282] [pose_init_node]: 位置(-125.3,15.1) 角度 30° → score = 9.6981[0m
[process_manager-1] [0m[INFO] [1772609585.929261711] [pose_init_node]: 位置(-125.3,15.1) 角度 60° → score = 8.1398[0m
[process_manager-1] [0m[INFO] [1772609586.311123613] [pose_init_node]: 位置(-125.3,15.1) 角度 90° → score = 11.4679[0m
[process_manager-1] [0m[INFO] [1772609587.072380212] [pose_init_node]: 位置(-125.3,15.1) 角度120° → score = 5.2835[0m
[process_manager-1] [0m[INFO] [1772609587.548934882] [pose_init_node]: 位置(-125.3,15.1) 角度150° → score = 7.6318[0m
[process_manager-1] [0m[INFO] [1772609587.755139277] [pose_init_node]: 位置(-125.3,15.1) 角度180° → score = 8.9621[0m
[process_manager-1] [0m[INFO] [1772609587.894779648] [pose_init_node]: 位置(-125.3,15.1) 角度210° → score = 5.1599[0m
[process_manager-1] [0m[INFO] [1772609588.283473346] [pose_init_node]: 位置(-125.3,15.1) 角度240° → score = 6.7749[0m
[process_manager-1] [0m[INFO] [1772609588.804238099] [pose_init_node]: 位置(-125.3,15.1) 角度270° → score = 0.4476[0m
[process_manager-1] [0m[INFO] [1772609588.804732973] [pose_init_node]: ✨ 发现更佳点: 位置(-125.3, 15.1), 角度 270° | Score: 0.4476[0m
[process_manager-1] [0m[INFO] [1772609588.805052345] [pose_init_node]: 🔥 分数极佳，提前结束搜索！[0m
[process_manager-1] [System] 初始化成功，系统挂起以保持 TF 广播...
[navigation_manager-4] [0m[INFO] [1772609589.341697509] [navigation_manager]: ✅ map -> odom TF 已就绪！ translation: (-128.17, 10.69)[0m
[process_manager-1] [0m[INFO] [1772609589.345577843] [process_manager]: 收到启动进程请求: liosam, map: [0m
[process_manager-1] [0m[INFO] [1772609589.347105337] [process_manager]: 正在启动LIO-SAM[0m
[process_manager-1] [INFO] [launch]: All log files can be found below /home/akun/.ros/log/2026-03-04-15-33-09-646927-yunle-Default-string-131770
[process_manager-1] [INFO] [launch]: Default logging verbosity is set to INFO
[process_manager-1] [INFO] [lio_sam_imuPreintegration-1]: process started with pid [131799]
[process_manager-1] [INFO] [lio_sam_imageProjection-2]: process started with pid [131801]
[process_manager-1] [INFO] [lio_sam_featureExtraction-3]: process started with pid [131803]
[process_manager-1] [INFO] [lio_sam_mapOptimization-4]: process started with pid [131805]
[process_manager-1] [INFO] [ekf_node-5]: process started with pid [131807]
[process_manager-1] [INFO] [navsat_transform_node-6]: process started with pid [131809]
[process_manager-1] [INFO] [rviz2-7]: process started with pid [131811]
[process_manager-1] [rviz2-7] Warning: Ignoring XDG_SESSION_TYPE=wayland on Gnome. Use QT_QPA_PLATFORM=wayland to run on Wayland anyway.
[process_manager-1] [lio_sam_imageProjection-2] [INFO] [1772609589.849881825] [rclcpp]: [1;32m----> Image Projection Started.[0m
[process_manager-1] [lio_sam_featureExtraction-3] [INFO] [1772609589.956962953] [rclcpp]: [1;32m----> Feature Extraction Started.[0m
[process_manager-1] [lio_sam_imuPreintegration-1] [WARN] [1772609589.991384724] [rcl.logging_rosout]: Publisher already registered for provided node name. If this is due to multiple nodes with the same name then all logs for that logger name will go out over the existing publisher. As soon as any node with that name is destructed it will unregister the publisher, preventing any further logs for that name from being published on the rosout topic.
[process_manager-1] [lio_sam_imuPreintegration-1] [INFO] [1772609590.192255022] [rclcpp]: [1;32m----> IMU Preintegration Started.[0m
[process_manager-1] [lio_sam_mapOptimization-4] [INFO] [1772609590.222158202] [rclcpp]: [1;32m----> Map Optimization Started.[0m
[process_manager-1] [lio_sam_imageProjection-2] [INFO] [1772609590.670349514] [lio_sam_imageProjection]: Waiting for IMU data ...
[process_manager-1] [rviz2-7] [INFO] [1772609590.687783247] [rviz2]: Stereo is NOT SUPPORTED
[process_manager-1] [rviz2-7] [INFO] [1772609590.687925519] [rviz2]: OpenGl version: 4.6 (GLSL 4.6)
[process_manager-1] [rviz2-7] [INFO] [1772609590.708734864] [rviz2]: Stereo is NOT SUPPORTED
[process_manager-1] [0m[INFO] [1772609591.350194337] [process_manager]: LIO-SAM启动成功[0m
[navigation_manager-4] [0m[INFO] [1772609591.351247221] [navigation_manager]: ✅ LIO-SAM启动成功[0m
[process_manager-1] [0m[INFO] [1772609591.352372043] [process_manager]: 收到启动进程请求: navigation2, map: map1[0m
[process_manager-1] [0m[INFO] [1772609591.352832122] [process_manager]: 正在为地图启动Navigation2: map1[0m
[process_manager-1] [INFO] [launch]: All log files can be found below /home/akun/.ros/log/2026-03-04-15-33-11-693728-yunle-Default-string-132004
[process_manager-1] [INFO] [launch]: Default logging verbosity is set to INFO
[process_manager-1] [lio_sam_imageProjection-2] [INFO] [1772609592.666763778] [lio_sam_imageProjection]: Waiting for IMU data ...
[process_manager-1] [INFO] [component_container_isolated-1]: process started with pid [132017]
[process_manager-1] [INFO] [rviz2-2]: process started with pid [132019]
[process_manager-1] [INFO] [nav2_costmap_2d_cloud-3]: process started with pid [132021]
[process_manager-1] [rviz2-2] Warning: Ignoring XDG_SESSION_TYPE=wayland on Gnome. Use QT_QPA_PLATFORM=wayland to run on Wayland anyway.
[process_manager-1] [component_container_isolated-1] [INFO] [1772609593.261389531] [nav2_container]: Load Library: /home/akun/workspace/Car_jetson/nav2/install/nav2_map_server/lib/libmap_server_core.so
[process_manager-1] [component_container_isolated-1] [INFO] [1772609593.314245535] [nav2_container]: Found class: rclcpp_components::NodeFactoryTemplate<nav2_map_server::CostmapFilterInfoServer>
[process_manager-1] [component_container_isolated-1] [INFO] [1772609593.314825694] [nav2_container]: Found class: rclcpp_components::NodeFactoryTemplate<nav2_map_server::MapSaver>
[process_manager-1] [component_container_isolated-1] [INFO] [1772609593.314840136] [nav2_container]: Found class: rclcpp_components::NodeFactoryTemplate<nav2_map_server::MapServer>
[process_manager-1] [component_container_isolated-1] [INFO] [1772609593.314848581] [nav2_container]: Instantiate class: rclcpp_components::NodeFactoryTemplate<nav2_map_server::MapServer>
[process_manager-1] [0m[INFO] [1772609593.355431562] [process_manager]: Navigation2启动成功[0m
[process_manager-1] [rviz2-2] [INFO] [1772609593.456584113] [rviz2]: Stereo is NOT SUPPORTED
[process_manager-1] [rviz2-2] [INFO] [1772609593.456735207] [rviz2]: OpenGl version: 4.6 (GLSL 4.6)
[process_manager-1] [rviz2-2] [INFO] [1772609593.473696711] [rviz2]: Stereo is NOT SUPPORTED
[navigation_manager-4] [0m[INFO] [1772609593.569650348] [navigation_manager]: ✅ Navigation2启动成功[0m
[navigation_manager-4] [0m[INFO] [1772609593.577095111] [navigation_manager]: 🎉 导航堆栈启动完成，开始导航到目标点[0m
[navigation_manager-4] [0m[INFO] [1772609593.581930265] [navigation_manager]: ⏳ 等待 Navigation2 完全激活...[0m
[process_manager-1] [component_container_isolated-1] [INFO] [1772609593.688000519] [map_server]: 
[process_manager-1] [component_container_isolated-1] 	map_server lifecycle node launched. 
[process_manager-1] [component_container_isolated-1] 	Waiting on external lifecycle transitions to activate
[process_manager-1] [component_container_isolated-1] 	See https://design.ros2.org/articles/node_lifecycle.html for more information.
[process_manager-1] [component_container_isolated-1] [INFO] [1772609593.688269722] [map_server]: Creating
[process_manager-1] [component_container_isolated-1] [INFO] [1772609593.691013956] [nav2_container]: Load Library: /home/akun/workspace/Car_jetson/nav2/install/nav2_controller/lib/libcontroller_server_core.so
[process_manager-1] [INFO] [launch_ros.actions.load_composable_nodes]: Loaded node '/map_server' in container '/nav2_container'
[process_manager-1] [component_container_isolated-1] [INFO] [1772609593.698696969] [nav2_container]: Found class: rclcpp_components::NodeFactoryTemplate<nav2_controller::ControllerServer>
[process_manager-1] [component_container_isolated-1] [INFO] [1772609593.698731807] [nav2_container]: Instantiate class: rclcpp_components::NodeFactoryTemplate<nav2_controller::ControllerServer>
[process_manager-1] [component_container_isolated-1] [INFO] [1772609593.784921455] [controller_server]: 
[process_manager-1] [component_container_isolated-1] 	controller_server lifecycle node launched. 
[process_manager-1] [component_container_isolated-1] 	Waiting on external lifecycle transitions to activate
[process_manager-1] [component_container_isolated-1] 	See https://design.ros2.org/articles/node_lifecycle.html for more information.
[process_manager-1] [component_container_isolated-1] [INFO] [1772609593.811479265] [controller_server]: Creating controller server
[process_manager-1] [component_container_isolated-1] [INFO] [1772609593.891953598] [local_costmap.local_costmap]: 
[process_manager-1] [component_container_isolated-1] 	local_costmap lifecycle node launched. 
[process_manager-1] [component_container_isolated-1] 	Waiting on external lifecycle transitions to activate
[process_manager-1] [component_container_isolated-1] 	See https://design.ros2.org/articles/node_lifecycle.html for more information.
[process_manager-1] [component_container_isolated-1] [INFO] [1772609593.896142546] [local_costmap.local_costmap]: Creating Costmap
[process_manager-1] [component_container_isolated-1] [INFO] [1772609593.901964927] [nav2_container]: Load Library: /home/akun/workspace/Car_jetson/nav2/install/nav2_lifecycle_manager/lib/libnav2_lifecycle_manager_core.so
[process_manager-1] [INFO] [launch_ros.actions.load_composable_nodes]: Loaded node '/controller_server' in container '/nav2_container'
[process_manager-1] [component_container_isolated-1] [INFO] [1772609593.904357072] [nav2_container]: Found class: rclcpp_components::NodeFactoryTemplate<nav2_lifecycle_manager::LifecycleManager>
[process_manager-1] [component_container_isolated-1] [INFO] [1772609593.904427597] [nav2_container]: Instantiate class: rclcpp_components::NodeFactoryTemplate<nav2_lifecycle_manager::LifecycleManager>
[process_manager-1] [component_container_isolated-1] [INFO] [1772609593.959541341] [lifecycle_manager_localization]: Creating
[process_manager-1] [component_container_isolated-1] [INFO] [1772609593.976009529] [lifecycle_manager_localization]: [34m[1mCreating and initializing lifecycle service clients[0m[0m
[process_manager-1] [INFO] [launch_ros.actions.load_composable_nodes]: Loaded node '/lifecycle_manager_localization' in container '/nav2_container'
[process_manager-1] [component_container_isolated-1] [INFO] [1772609593.976727611] [nav2_container]: Load Library: /home/akun/workspace/Car_jetson/nav2/install/nav2_smoother/lib/libsmoother_server_core.so
[process_manager-1] [component_container_isolated-1] [INFO] [1772609593.982335146] [nav2_container]: Found class: rclcpp_components::NodeFactoryTemplate<nav2_smoother::SmootherServer>
[process_manager-1] [component_container_isolated-1] [INFO] [1772609593.982420753] [nav2_container]: Instantiate class: rclcpp_components::NodeFactoryTemplate<nav2_smoother::SmootherServer>
[process_manager-1] [component_container_isolated-1] [INFO] [1772609593.998868288] [lifecycle_manager_localization]: [34m[1mStarting managed nodes bringup...[0m[0m
[process_manager-1] [component_container_isolated-1] [INFO] [1772609593.998981598] [lifecycle_manager_localization]: [34m[1mConfiguring map_server[0m[0m
[process_manager-1] [component_container_isolated-1] [INFO] [1772609594.000155019] [map_server]: Configuring
[process_manager-1] [component_container_isolated-1] [INFO] [1772609594.000731966] [map_io]: Loading yaml file: /home/akun/workspace/Car_jetson/multi_map_navigation/src/map/map1/map1_clean.yaml
[process_manager-1] [component_container_isolated-1] [INFO] [1772609594.002210364] [map_io]: resolution: 0.1
[process_manager-1] [component_container_isolated-1] [INFO] [1772609594.002263432] [map_io]: origin[0]: -544
[process_manager-1] [component_container_isolated-1] [INFO] [1772609594.002280936] [map_io]: origin[1]: -247
[process_manager-1] [component_container_isolated-1] [INFO] [1772609594.002292939] [map_io]: origin[2]: 0
[process_manager-1] [component_container_isolated-1] [INFO] [1772609594.002310477] [map_io]: free_thresh: 0.25
[process_manager-1] [component_container_isolated-1] [INFO] [1772609594.002324074] [map_io]: occupied_thresh: 0.65
[process_manager-1] [component_container_isolated-1] [INFO] [1772609594.002344978] [map_io]: mode: trinary
[process_manager-1] [component_container_isolated-1] [INFO] [1772609594.002366127] [map_io]: negate: 0
[process_manager-1] [component_container_isolated-1] [INFO] [1772609594.003308380] [map_io]: Loading image_file: /home/akun/workspace/Car_jetson/multi_map_navigation/src/map/map1/map1_clean.pgm
[process_manager-1] [component_container_isolated-1] [INFO] [1772609594.115302781] [smoother_server]: 
[process_manager-1] [component_container_isolated-1] 	smoother_server lifecycle node launched. 
[process_manager-1] [component_container_isolated-1] 	Waiting on external lifecycle transitions to activate
[process_manager-1] [component_container_isolated-1] 	See https://design.ros2.org/articles/node_lifecycle.html for more information.
[process_manager-1] [component_container_isolated-1] [INFO] [1772609594.125191901] [smoother_server]: Creating smoother server
[process_manager-1] [INFO] [launch_ros.actions.load_composable_nodes]: Loaded node '/smoother_server' in container '/nav2_container'
[process_manager-1] [component_container_isolated-1] [INFO] [1772609594.141250686] [nav2_container]: Load Library: /home/akun/workspace/Car_jetson/nav2/install/nav2_planner/lib/libplanner_server_core.so
[process_manager-1] [component_container_isolated-1] [INFO] [1772609594.143955088] [nav2_container]: Found class: rclcpp_components::NodeFactoryTemplate<nav2_planner::PlannerServer>
[process_manager-1] [component_container_isolated-1] [INFO] [1772609594.144041041] [nav2_container]: Instantiate class: rclcpp_components::NodeFactoryTemplate<nav2_planner::PlannerServer>
[process_manager-1] [component_container_isolated-1] [INFO] [1772609594.229668590] [planner_server]: 
[process_manager-1] [component_container_isolated-1] 	planner_server lifecycle node launched. 
[process_manager-1] [component_container_isolated-1] 	Waiting on external lifecycle transitions to activate
[process_manager-1] [component_container_isolated-1] 	See https://design.ros2.org/articles/node_lifecycle.html for more information.
[process_manager-1] [component_container_isolated-1] [INFO] [1772609594.246604832] [planner_server]: Creating
[process_manager-1] [component_container_isolated-1] [INFO] [1772609594.389529488] [global_costmap.global_costmap]: 
[process_manager-1] [component_container_isolated-1] 	global_costmap lifecycle node launched. 
[process_manager-1] [component_container_isolated-1] 	Waiting on external lifecycle transitions to activate
[process_manager-1] [component_container_isolated-1] 	See https://design.ros2.org/articles/node_lifecycle.html for more information.
[process_manager-1] [component_container_isolated-1] [INFO] [1772609594.396631867] [global_costmap.global_costmap]: Creating Costmap
[process_manager-1] [INFO] [launch_ros.actions.load_composable_nodes]: Loaded node '/planner_server' in container '/nav2_container'
[process_manager-1] [component_container_isolated-1] [INFO] [1772609594.432164173] [nav2_container]: Load Library: /home/akun/workspace/Car_jetson/nav2/install/nav2_behaviors/lib/libbehavior_server_core.so
[process_manager-1] [component_container_isolated-1] [INFO] [1772609594.444535010] [nav2_container]: Found class: rclcpp_components::NodeFactoryTemplate<behavior_server::BehaviorServer>
[process_manager-1] [component_container_isolated-1] [INFO] [1772609594.444637027] [nav2_container]: Instantiate class: rclcpp_components::NodeFactoryTemplate<behavior_server::BehaviorServer>
[process_manager-1] [component_container_isolated-1] [INFO] [1772609594.579990939] [behavior_server]: 
[process_manager-1] [component_container_isolated-1] 	behavior_server lifecycle node launched. 
[process_manager-1] [component_container_isolated-1] 	Waiting on external lifecycle transitions to activate
[process_manager-1] [component_container_isolated-1] 	See https://design.ros2.org/articles/node_lifecycle.html for more information.
[process_manager-1] [INFO] [launch_ros.actions.load_composable_nodes]: Loaded node '/behavior_server' in container '/nav2_container'
[process_manager-1] [component_container_isolated-1] [INFO] [1772609594.619482495] [nav2_container]: Load Library: /home/akun/workspace/Car_jetson/nav2/install/nav2_bt_navigator/lib/libbt_navigator_core.so
[process_manager-1] [component_container_isolated-1] [INFO] [1772609594.625688630] [nav2_container]: Found class: rclcpp_components::NodeFactoryTemplate<nav2_bt_navigator::BtNavigator>
[process_manager-1] [component_container_isolated-1] [INFO] [1772609594.625787291] [nav2_container]: Instantiate class: rclcpp_components::NodeFactoryTemplate<nav2_bt_navigator::BtNavigator>
[process_manager-1] [component_container_isolated-1] [INFO] [1772609594.808146052] [bt_navigator]: 
[process_manager-1] [component_container_isolated-1] 	bt_navigator lifecycle node launched. 
[process_manager-1] [component_container_isolated-1] 	Waiting on external lifecycle transitions to activate
[process_manager-1] [component_container_isolated-1] 	See https://design.ros2.org/articles/node_lifecycle.html for more information.
[process_manager-1] [component_container_isolated-1] [INFO] [1772609594.808294633] [bt_navigator]: Creating
[process_manager-1] [INFO] [launch_ros.actions.load_composable_nodes]: Loaded node '/bt_navigator' in container '/nav2_container'
[process_manager-1] [component_container_isolated-1] [INFO] [1772609594.819098068] [nav2_container]: Load Library: /home/akun/workspace/Car_jetson/nav2/install/nav2_waypoint_follower/lib/libwaypoint_follower_core.so
[process_manager-1] [component_container_isolated-1] [INFO] [1772609594.820966641] [nav2_container]: Found class: rclcpp_components::NodeFactoryTemplate<nav2_waypoint_follower::WaypointFollower>
[process_manager-1] [component_container_isolated-1] [INFO] [1772609594.821157726] [nav2_container]: Instantiate class: rclcpp_components::NodeFactoryTemplate<nav2_waypoint_follower::WaypointFollower>
[process_manager-1] [component_container_isolated-1] [INFO] [1772609594.948077299] [waypoint_follower]: 
[process_manager-1] [component_container_isolated-1] 	waypoint_follower lifecycle node launched. 
[process_manager-1] [component_container_isolated-1] 	Waiting on external lifecycle transitions to activate
[process_manager-1] [component_container_isolated-1] 	See https://design.ros2.org/articles/node_lifecycle.html for more information.
[process_manager-1] [component_container_isolated-1] [INFO] [1772609594.951227360] [waypoint_follower]: Creating
[process_manager-1] [INFO] [launch_ros.actions.load_composable_nodes]: Loaded node '/waypoint_follower' in container '/nav2_container'
[process_manager-1] [component_container_isolated-1] [INFO] [1772609594.976306022] [nav2_container]: Load Library: /home/akun/workspace/Car_jetson/nav2/install/nav2_velocity_smoother/lib/libvelocity_smoother_core.so
[process_manager-1] [component_container_isolated-1] [INFO] [1772609594.981214559] [nav2_container]: Found class: rclcpp_components::NodeFactoryTemplate<nav2_velocity_smoother::VelocitySmoother>
[process_manager-1] [component_container_isolated-1] [INFO] [1772609594.981291785] [nav2_container]: Instantiate class: rclcpp_components::NodeFactoryTemplate<nav2_velocity_smoother::VelocitySmoother>
[process_manager-1] [navsat_transform_node-6] [INFO] [1772609595.026851490] [navsat_transform]: Datum (latitude, longitude, altitude) is (30.77, 103.98, 527.10)
[process_manager-1] [navsat_transform_node-6] [INFO] [1772609595.027097846] [navsat_transform]: Datum UTM coordinate is (48R, 402845.31, 3404336.27)
[process_manager-1] [component_container_isolated-1] [INFO] [1772609595.092898992] [velocity_smoother]: 
[process_manager-1] [component_container_isolated-1] 	velocity_smoother lifecycle node launched. 
[process_manager-1] [INFO] [launch_ros.actions.load_composable_nodes]: Loaded node '/velocity_smoother' in container '/nav2_container'
[process_manager-1] [component_container_isolated-1] 	Waiting on external lifecycle transitions to activate
[process_manager-1] [component_container_isolated-1] 	See https://design.ros2.org/articles/node_lifecycle.html for more information.
[process_manager-1] [component_container_isolated-1] [INFO] [1772609595.096662800] [nav2_container]: Found class: rclcpp_components::NodeFactoryTemplate<nav2_lifecycle_manager::LifecycleManager>
[process_manager-1] [component_container_isolated-1] [INFO] [1772609595.096711920] [nav2_container]: Instantiate class: rclcpp_components::NodeFactoryTemplate<nav2_lifecycle_manager::LifecycleManager>
[process_manager-1] [component_container_isolated-1] [INFO] [1772609595.147680641] [lifecycle_manager_navigation]: Creating
[process_manager-1] [component_container_isolated-1] [INFO] [1772609595.161254087] [lifecycle_manager_navigation]: [34m[1mCreating and initializing lifecycle service clients[0m[0m
[process_manager-1] [INFO] [launch_ros.actions.load_composable_nodes]: Loaded node '/lifecycle_manager_navigation' in container '/nav2_container'
[process_manager-1] [component_container_isolated-1] [INFO] [1772609595.233593962] [lifecycle_manager_navigation]: [34m[1mStarting managed nodes bringup...[0m[0m
[process_manager-1] [component_container_isolated-1] [INFO] [1772609595.233644957] [lifecycle_manager_navigation]: [34m[1mConfiguring controller_server[0m[0m
[process_manager-1] [component_container_isolated-1] [INFO] [1772609595.234126612] [controller_server]: Configuring controller interface
[process_manager-1] [component_container_isolated-1] [INFO] [1772609595.236139702] [controller_server]: getting goal checker plugins..
[process_manager-1] [component_container_isolated-1] [INFO] [1772609595.237353868] [controller_server]: Controller frequency set to 30.0000Hz
[process_manager-1] [component_container_isolated-1] [INFO] [1772609595.237606868] [local_costmap.local_costmap]: Configuring
[process_manager-1] [component_container_isolated-1] [INFO] [1772609595.262235072] [local_costmap.local_costmap]: Using plugin "obstacle_layer"
[process_manager-1] [component_container_isolated-1] [INFO] [1772609595.273854485] [local_costmap.local_costmap]: Subscribed to Topics: scan
[process_manager-1] [component_container_isolated-1] [INFO] [1772609595.296815500] [local_costmap.local_costmap]: Initialized plugin "obstacle_layer"
[process_manager-1] [component_container_isolated-1] [INFO] [1772609595.296891294] [local_costmap.local_costmap]: Using plugin "inflation_layer"
[process_manager-1] [component_container_isolated-1] [INFO] [1772609595.301572771] [local_costmap.local_costmap]: Initialized plugin "inflation_layer"
[process_manager-1] [component_container_isolated-1] [INFO] [1772609595.358165744] [controller_server]: Created progress_checker : progress_checker of type nav2_controller::SimpleProgressChecker
[process_manager-1] [component_container_isolated-1] [INFO] [1772609595.364822698] [controller_server]: Created goal checker : general_goal_checker of type nav2_controller::SimpleGoalChecker
[process_manager-1] [component_container_isolated-1] [INFO] [1772609595.374913736] [controller_server]: Controller Server has general_goal_checker  goal checkers available.
[process_manager-1] [component_container_isolated-1] [INFO] [1772609595.380967993] [controller_server]: Created controller : FollowPath of type nav2_mppi_controller::MPPIController
[process_manager-1] [component_container_isolated-1] [WARN] [1772609595.402166242] [controller_server]: Controller period is less then model dt, consider setting it equal
[process_manager-1] [component_container_isolated-1] [INFO] [1772609595.416761849] [controller_server]: ConstraintCritic instantiated with 1 power and 4.000000 weight.
[process_manager-1] [component_container_isolated-1] [INFO] [1772609595.416859519] [controller_server]: Critic loaded : mppi::critics::ConstraintCritic
[process_manager-1] [navsat_transform_node-6] [INFO] [1772609595.423964437] [navsat_transform]: Datum (latitude, longitude, altitude) is (30.77, 103.98, 527.20)
[process_manager-1] [navsat_transform_node-6] [INFO] [1772609595.424077117] [navsat_transform]: Datum UTM coordinate is (48R, 402845.33, 3404336.21)
[process_manager-1] [component_container_isolated-1] [INFO] [1772609595.426051753] [controller_server]: InflationCostCritic instantiated with 1 power and 300.000000 / 0.019685 weights. Critic will collision check based on footprint cost.
[process_manager-1] [component_container_isolated-1] [INFO] [1772609595.426128492] [controller_server]: Critic loaded : mppi::critics::CostCritic
[process_manager-1] [component_container_isolated-1] [INFO] [1772609595.433196759] [controller_server]: GoalCritic instantiated with 1 power and 5.000000 weight.
[process_manager-1] [component_container_isolated-1] [INFO] [1772609595.433317056] [controller_server]: Critic loaded : mppi::critics::GoalCritic
[process_manager-1] [component_container_isolated-1] [INFO] [1772609595.442643913] [controller_server]: GoalAngleCritic instantiated with 1 power, 1.500000 weight, and 0.500000 angular threshold.
[process_manager-1] [component_container_isolated-1] [INFO] [1772609595.442825275] [controller_server]: Critic loaded : mppi::critics::GoalAngleCritic
[process_manager-1] [component_container_isolated-1] [INFO] [1772609595.450564520] [controller_server]: ReferenceTrajectoryCritic instantiated with 1 power and 5.000000 weight
[process_manager-1] [component_container_isolated-1] [INFO] [1772609595.450653405] [controller_server]: Critic loaded : mppi::critics::PathAlignCritic
[process_manager-1] [component_container_isolated-1] [INFO] [1772609595.462009333] [controller_server]: Critic loaded : mppi::critics::PathFollowCritic
[process_manager-1] [component_container_isolated-1] [INFO] [1772609595.476962556] [controller_server]: PathAngleCritic instantiated with 1 power and 2.000000 weight. Reversing allowed.
[process_manager-1] [component_container_isolated-1] [INFO] [1772609595.477445280] [controller_server]: Critic loaded : mppi::critics::PathAngleCritic
[process_manager-1] [component_container_isolated-1] [INFO] [1772609595.482385426] [controller_server]: PreferForwardCritic instantiated with 1 power and 1.000000 weight.
[process_manager-1] [component_container_isolated-1] [INFO] [1772609595.482510848] [controller_server]: Critic loaded : mppi::critics::PreferForwardCritic
[process_manager-1] [component_container_isolated-1] [WARN] [1772609595.509679197] [controller_server]: Inconsistent configuration in collision checking. Please verify the robot's shape settings in both the costmap and the obstacle critic.
[process_manager-1] [component_container_isolated-1] [INFO] [1772609595.509804536] [controller_server]: ObstaclesCritic instantiated with 1 power and 20.000000 / 0.900000 weights. Critic will collision check based on circular cost.
[process_manager-1] [component_container_isolated-1] [INFO] [1772609595.510061942] [controller_server]: Critic loaded : mppi::critics::ObstaclesCritic
[process_manager-1] [component_container_isolated-1] [INFO] [1772609595.530438756] [controller_server]: Optimizer reset
[process_manager-1] [component_container_isolated-1] [INFO] [1772609595.555604359] [MPPIController]: Configured MPPI Controller: FollowPath
[process_manager-1] [component_container_isolated-1] [INFO] [1772609595.555840822] [controller_server]: Controller Server has FollowPath  controllers available.
[process_manager-1] [component_container_isolated-1] [INFO] [1772609595.632654735] [lifecycle_manager_navigation]: [34m[1mConfiguring smoother_server[0m[0m
[process_manager-1] [component_container_isolated-1] [INFO] [1772609595.634775321] [smoother_server]: Configuring smoother server
[process_manager-1] [component_container_isolated-1] [INFO] [1772609595.719993951] [smoother_server]: Created smoother : simple_smoother of type nav2_smoother::SimpleSmoother
[process_manager-1] [component_container_isolated-1] [INFO] [1772609595.738020057] [smoother_server]: Smoother Server has simple_smoother  smoothers available.
[process_manager-1] [component_container_isolated-1] [INFO] [1772609595.807028048] [lifecycle_manager_navigation]: [34m[1mConfiguring planner_server[0m[0m
[process_manager-1] [component_container_isolated-1] [INFO] [1772609595.809265947] [planner_server]: Configuring
[process_manager-1] [component_container_isolated-1] [INFO] [1772609595.809409880] [global_costmap.global_costmap]: Configuring
[process_manager-1] [component_container_isolated-1] [INFO] [1772609595.840403822] [global_costmap.global_costmap]: Using plugin "static_layer"
[process_manager-1] [component_container_isolated-1] [INFO] [1772609595.844131528] [global_costmap.global_costmap]: Subscribing to the map topic (/map) with transient local durability
[process_manager-1] [component_container_isolated-1] [INFO] [1772609595.848444217] [global_costmap.global_costmap]: Initialized plugin "static_layer"
[process_manager-1] [component_container_isolated-1] [INFO] [1772609595.848562220] [global_costmap.global_costmap]: Using plugin "obstacle_layer"
[process_manager-1] [component_container_isolated-1] [INFO] [1772609595.856255460] [global_costmap.global_costmap]: Subscribed to Topics: scan
[process_manager-1] [component_container_isolated-1] [INFO] [1772609595.875332692] [global_costmap.global_costmap]: Initialized plugin "obstacle_layer"
[process_manager-1] [component_container_isolated-1] [INFO] [1772609595.875375870] [global_costmap.global_costmap]: Using plugin "inflation_layer"
[process_manager-1] [component_container_isolated-1] [INFO] [1772609595.880677081] [global_costmap.global_costmap]: Initialized plugin "inflation_layer"
[process_manager-1] [component_container_isolated-1] [INFO] [1772609595.916747616] [planner_server]: Created global planner plugin GridBased of type nav2_navfn_planner/NavfnPlanner
[process_manager-1] [component_container_isolated-1] [INFO] [1772609595.916848739] [planner_server]: Configuring plugin GridBased of type NavfnPlanner
[process_manager-1] [component_container_isolated-1] [INFO] [1772609595.924778484] [planner_server]: Planner Server has GridBased  planners available.
[process_manager-1] [component_container_isolated-1] [INFO] [1772609595.968293553] [lifecycle_manager_navigation]: [34m[1mConfiguring behavior_server[0m[0m
[process_manager-1] [component_container_isolated-1] [INFO] [1772609595.968780206] [behavior_server]: Configuring
[process_manager-1] [component_container_isolated-1] [INFO] [1772609596.001006880] [behavior_server]: Creating behavior plugin spin of type nav2_behaviors/Spin
[process_manager-1] [component_container_isolated-1] [INFO] [1772609596.004509183] [behavior_server]: Configuring spin
[process_manager-1] [component_container_isolated-1] [INFO] [1772609596.031847562] [behavior_server]: Creating behavior plugin backup of type nav2_behaviors/BackUp
[process_manager-1] [component_container_isolated-1] [INFO] [1772609596.033791825] [behavior_server]: Configuring backup
[process_manager-1] [component_container_isolated-1] [INFO] [1772609596.063245760] [behavior_server]: Creating behavior plugin drive_on_heading of type nav2_behaviors/DriveOnHeading
[process_manager-1] [component_container_isolated-1] [INFO] [1772609596.064828603] [behavior_server]: Configuring drive_on_heading
[process_manager-1] [component_container_isolated-1] [INFO] [1772609596.094801450] [behavior_server]: Creating behavior plugin assisted_teleop of type nav2_behaviors/AssistedTeleop
[process_manager-1] [component_container_isolated-1] [INFO] [1772609596.097477258] [behavior_server]: Configuring assisted_teleop
[process_manager-1] [component_container_isolated-1] [INFO] [1772609596.131012127] [behavior_server]: Creating behavior plugin wait of type nav2_behaviors/Wait
[process_manager-1] [component_container_isolated-1] [INFO] [1772609596.132751537] [behavior_server]: Configuring wait
[process_manager-1] [component_container_isolated-1] [INFO] [1772609596.159289055] [lifecycle_manager_navigation]: [34m[1mConfiguring bt_navigator[0m[0m
[process_manager-1] [component_container_isolated-1] [INFO] [1772609596.159476603] [bt_navigator]: Configuring
[process_manager-1] [navsat_transform_node-6] [INFO] [1772609596.404059313] [navsat_transform]: Datum (latitude, longitude, altitude) is (30.77, 103.98, 527.20)
[process_manager-1] [navsat_transform_node-6] [INFO] [1772609596.404190211] [navsat_transform]: Datum UTM coordinate is (48R, 402845.36, 3404336.14)
[process_manager-1] [component_container_isolated-1] [INFO] [1772609596.460204285] [lifecycle_manager_navigation]: [34m[1mConfiguring waypoint_follower[0m[0m
[process_manager-1] [component_container_isolated-1] [INFO] [1772609596.460504792] [waypoint_follower]: Configuring
[process_manager-1] [component_container_isolated-1] [INFO] [1772609596.512235387] [waypoint_follower]: Created waypoint_task_executor : wait_at_waypoint of type nav2_waypoint_follower::WaitAtWaypoint
[process_manager-1] [component_container_isolated-1] [INFO] [1772609596.513954650] [lifecycle_manager_navigation]: [34m[1mConfiguring velocity_smoother[0m[0m
[process_manager-1] [component_container_isolated-1] [INFO] [1772609596.514115760] [velocity_smoother]: Configuring velocity smoother
[process_manager-1] [component_container_isolated-1] [INFO] [1772609596.533111127] [lifecycle_manager_navigation]: [34m[1mActivating controller_server[0m[0m
[process_manager-1] [component_container_isolated-1] [INFO] [1772609596.533387920] [controller_server]: Activating
[process_manager-1] [component_container_isolated-1] [INFO] [1772609596.533423714] [local_costmap.local_costmap]: Activating
[process_manager-1] [component_container_isolated-1] [INFO] [1772609596.533441492] [local_costmap.local_costmap]: Checking transform
[process_manager-1] [component_container_isolated-1] [INFO] [1772609596.533582537] [local_costmap.local_costmap]: start
[process_manager-1] [component_container_isolated-1] [WARN] [1772609596.638697568] [controller_server]: Parameter controller_server.verbose not found
[process_manager-1] [component_container_isolated-1] [INFO] [1772609596.643636452] [controller_server]: Optimizer reset
[process_manager-1] [component_container_isolated-1] [INFO] [1772609596.645267092] [MPPIController]: Activated MPPI Controller: FollowPath
[process_manager-1] [component_container_isolated-1] [INFO] [1772609596.645370986] [controller_server]: Creating bond (controller_server) to lifecycle manager.
[process_manager-1] [component_container_isolated-1] [INFO] [1772609596.762433295] [lifecycle_manager_navigation]: Server controller_server connected with bond.
[process_manager-1] [component_container_isolated-1] [INFO] [1772609596.762506305] [lifecycle_manager_navigation]: [34m[1mActivating smoother_server[0m[0m
[process_manager-1] [component_container_isolated-1] [INFO] [1772609596.762993371] [smoother_server]: Activating
[process_manager-1] [component_container_isolated-1] [INFO] [1772609596.763052567] [smoother_server]: Creating bond (smoother_server) to lifecycle manager.
[process_manager-1] [component_container_isolated-1] [INFO] [1772609596.898490647] [lifecycle_manager_navigation]: Server smoother_server connected with bond.
[process_manager-1] [component_container_isolated-1] [INFO] [1772609596.898523654] [lifecycle_manager_navigation]: [34m[1mActivating planner_server[0m[0m
[process_manager-1] [component_container_isolated-1] [INFO] [1772609596.898870254] [planner_server]: Activating
[process_manager-1] [component_container_isolated-1] [INFO] [1772609596.898960928] [global_costmap.global_costmap]: Activating
[process_manager-1] [component_container_isolated-1] [INFO] [1772609596.898992451] [global_costmap.global_costmap]: Checking transform
[process_manager-1] [component_container_isolated-1] [INFO] [1772609596.899081862] [global_costmap.global_costmap]: start
[process_manager-1] [rviz2-2] [INFO] [1772609596.908510364] [rviz2]: Trying to create a map of size 300 x 300 using 1 swatches
[process_manager-1] [component_container_isolated-1] [WARN] [1772609597.099358777] [nav2_costmap_2d]: Robot is out of bounds of the costmap!
[process_manager-1] [component_container_isolated-1] [WARN] [1772609597.099413414] [global_costmap.global_costmap]: Sensor origin at (-128.17, 11.13) is out of map bounds (0.00, 0.00) to (4.98, 4.98). The costmap cannot raytrace for it.
[process_manager-1] [component_container_isolated-1] [INFO] [1772609597.103208071] [planner_server]: Activating plugin GridBased of type NavfnPlanner
[process_manager-1] [component_container_isolated-1] [INFO] [1772609597.111367543] [planner_server]: Creating bond (planner_server) to lifecycle manager.
[process_manager-1] [rviz2-2] [INFO] [1772609597.132593247] [rviz2]: Trying to create a map of size 100 x 100 using 1 swatches
[process_manager-1] [rviz2-2] [ERROR] [1772609597.164631716] [rviz2]: Vertex Program:rviz/glsl120/indexed_8bit_image.vert Fragment Program:rviz/glsl120/indexed_8bit_image.frag GLSL link result : 
[process_manager-1] [rviz2-2] active samplers with a different type refer to the same texture image unit
[process_manager-1] [component_container_isolated-1] [INFO] [1772609597.222632299] [lifecycle_manager_navigation]: Server planner_server connected with bond.
[process_manager-1] [component_container_isolated-1] [INFO] [1772609597.222692318] [lifecycle_manager_navigation]: [34m[1mActivating behavior_server[0m[0m
[process_manager-1] [component_container_isolated-1] [INFO] [1772609597.223465072] [behavior_server]: Activating
[process_manager-1] [component_container_isolated-1] [INFO] [1772609597.223489417] [behavior_server]: Activating spin
[process_manager-1] [component_container_isolated-1] [INFO] [1772609597.223523397] [behavior_server]: Activating backup
[process_manager-1] [component_container_isolated-1] [INFO] [1772609597.223541354] [behavior_server]: Activating drive_on_heading
[process_manager-1] [component_container_isolated-1] [INFO] [1772609597.223556895] [behavior_server]: Activating assisted_teleop
[process_manager-1] [component_container_isolated-1] [INFO] [1772609597.223571756] [behavior_server]: Activating wait
[process_manager-1] [component_container_isolated-1] [INFO] [1772609597.223589909] [behavior_server]: Creating bond (behavior_server) to lifecycle manager.
[process_manager-1] [component_container_isolated-1] [WARN] [1772609597.299202811] [nav2_costmap_2d]: Robot is out of bounds of the costmap!
[process_manager-1] [component_container_isolated-1] [WARN] [1772609597.299249781] [global_costmap.global_costmap]: Sensor origin at (-128.18, 11.05) is out of map bounds (0.00, 0.00) to (4.98, 4.98). The costmap cannot raytrace for it.
[process_manager-1] [component_container_isolated-1] [INFO] [1772609597.344469342] [lifecycle_manager_navigation]: Server behavior_server connected with bond.
[process_manager-1] [component_container_isolated-1] [INFO] [1772609597.344507314] [lifecycle_manager_navigation]: [34m[1mActivating bt_navigator[0m[0m
[process_manager-1] [component_container_isolated-1] [INFO] [1772609597.344921771] [bt_navigator]: Activating
[process_manager-1] [navsat_transform_node-6] [INFO] [1772609597.413882729] [navsat_transform]: Datum (latitude, longitude, altitude) is (30.77, 103.98, 527.30)
[process_manager-1] [navsat_transform_node-6] [INFO] [1772609597.413954571] [navsat_transform]: Datum UTM coordinate is (48R, 402845.37, 3404336.04)
[process_manager-1] [component_container_isolated-1] [WARN] [1772609597.499228550] [nav2_costmap_2d]: Robot is out of bounds of the costmap!
[process_manager-1] [component_container_isolated-1] [WARN] [1772609597.499293997] [global_costmap.global_costmap]: Sensor origin at (-128.18, 11.05) is out of map bounds (0.00, 0.00) to (4.98, 4.98). The costmap cannot raytrace for it.
[process_manager-1] [component_container_isolated-1] [INFO] [1772609597.688205095] [bt_navigator]: Creating bond (bt_navigator) to lifecycle manager.
[process_manager-1] [component_container_isolated-1] [WARN] [1772609597.699209879] [nav2_costmap_2d]: Robot is out of bounds of the costmap!
[process_manager-1] [component_container_isolated-1] [WARN] [1772609597.699252953] [global_costmap.global_costmap]: Sensor origin at (-128.18, 11.04) is out of map bounds (0.00, 0.00) to (4.98, 4.98). The costmap cannot raytrace for it.
[process_manager-1] [component_container_isolated-1] [INFO] [1772609597.802369627] [lifecycle_manager_navigation]: Server bt_navigator connected with bond.
[process_manager-1] [component_container_isolated-1] [INFO] [1772609597.802431032] [lifecycle_manager_navigation]: [34m[1mActivating waypoint_follower[0m[0m
[process_manager-1] [component_container_isolated-1] [INFO] [1772609597.804155558] [waypoint_follower]: Activating
[process_manager-1] [component_container_isolated-1] [INFO] [1772609597.804302890] [waypoint_follower]: Creating bond (waypoint_follower) to lifecycle manager.
[process_manager-1] [component_container_isolated-1] [WARN] [1772609597.899209708] [nav2_costmap_2d]: Robot is out of bounds of the costmap!
[process_manager-1] [component_container_isolated-1] [WARN] [1772609597.899260265] [global_costmap.global_costmap]: Sensor origin at (-128.18, 11.02) is out of map bounds (0.00, 0.00) to (4.98, 4.98). The costmap cannot raytrace for it.
[process_manager-1] [component_container_isolated-1] [INFO] [1772609597.924285959] [lifecycle_manager_navigation]: Server waypoint_follower connected with bond.
[process_manager-1] [component_container_isolated-1] [INFO] [1772609597.924357074] [lifecycle_manager_navigation]: [34m[1mActivating velocity_smoother[0m[0m
[process_manager-1] [component_container_isolated-1] [INFO] [1772609597.924770154] [velocity_smoother]: Activating
[process_manager-1] [component_container_isolated-1] [INFO] [1772609597.924894419] [velocity_smoother]: Creating bond (velocity_smoother) to lifecycle manager.
[process_manager-1] [component_container_isolated-1] [INFO] [1772609598.037340888] [lifecycle_manager_navigation]: Server velocity_smoother connected with bond.
[process_manager-1] [component_container_isolated-1] [INFO] [1772609598.037390720] [lifecycle_manager_navigation]: [34m[1mManaged nodes are active[0m[0m
[process_manager-1] [component_container_isolated-1] [INFO] [1772609598.037438650] [lifecycle_manager_navigation]: [34m[1mCreating bond timer...[0m[0m
[process_manager-1] [component_container_isolated-1] [WARN] [1772609598.099201995] [nav2_costmap_2d]: Robot is out of bounds of the costmap!
[process_manager-1] [component_container_isolated-1] [WARN] [1772609598.099236002] [global_costmap.global_costmap]: Sensor origin at (-128.18, 11.05) is out of map bounds (0.00, 0.00) to (4.98, 4.98). The costmap cannot raytrace for it.
[process_manager-1] [component_container_isolated-1] [WARN] [1772609598.299212522] [nav2_costmap_2d]: Robot is out of bounds of the costmap!
[process_manager-1] [component_container_isolated-1] [WARN] [1772609598.299282276] [global_costmap.global_costmap]: Sensor origin at (-128.19, 11.07) is out of map bounds (0.00, 0.00) to (4.98, 4.98). The costmap cannot raytrace for it.
[process_manager-1] [navsat_transform_node-6] [INFO] [1772609598.403156386] [navsat_transform]: Datum (latitude, longitude, altitude) is (30.77, 103.98, 527.40)
[process_manager-1] [navsat_transform_node-6] [INFO] [1772609598.403217031] [navsat_transform]: Datum UTM coordinate is (48R, 402845.40, 3404335.99)
[process_manager-1] [component_container_isolated-1] [WARN] [1772609598.499222714] [nav2_costmap_2d]: Robot is out of bounds of the costmap!
[process_manager-1] [component_container_isolated-1] [WARN] [1772609598.499253492] [global_costmap.global_costmap]: Sensor origin at (-128.19, 11.05) is out of map bounds (0.00, 0.00) to (4.98, 4.98). The costmap cannot raytrace for it.
[navigation_manager-4] [0m[INFO] [1772609598.595358868] [navigation_manager]: 向Navigation2发送目标: x=-132.00, y=111.00, yaw=-90.00[0m
[process_manager-1] [component_container_isolated-1] [INFO] [1772609598.596383432] [bt_navigator]: Begin navigating from current location (-128.18, 11.04) to (-132.00, 111.00)
[navigation_manager-4] [0m[INFO] [1772609598.598399253] [navigation_manager]: 导航目标已接受[0m
[process_manager-1] [component_container_isolated-1] [WARN] [1772609598.699190932] [nav2_costmap_2d]: Robot is out of bounds of the costmap!
[process_manager-1] [component_container_isolated-1] [WARN] [1772609598.699225312] [global_costmap.global_costmap]: Sensor origin at (-128.18, 11.05) is out of map bounds (0.00, 0.00) to (4.98, 4.98). The costmap cannot raytrace for it.
[process_manager-1] [component_container_isolated-1] [WARN] [1772609598.899212326] [nav2_costmap_2d]: Robot is out of bounds of the costmap!
[process_manager-1] [component_container_isolated-1] [WARN] [1772609598.899240816] [global_costmap.global_costmap]: Sensor origin at (-128.19, 11.04) is out of map bounds (0.00, 0.00) to (4.98, 4.98). The costmap cannot raytrace for it.
[process_manager-1] [component_container_isolated-1] [WARN] [1772609598.899287730] [global_costmap.global_costmap]: Can't update static costmap layer, no map received
[process_manager-1] [component_container_isolated-1] [WARN] [1772609599.099173778] [nav2_costmap_2d]: Robot is out of bounds of the costmap!
[process_manager-1] [component_container_isolated-1] [WARN] [1772609599.099200615] [global_costmap.global_costmap]: Sensor origin at (-128.18, 11.04) is out of map bounds (0.00, 0.00) to (4.98, 4.98). The costmap cannot raytrace for it.
[process_manager-1] [component_container_isolated-1] [WARN] [1772609599.299193464] [nav2_costmap_2d]: Robot is out of bounds of the costmap!
[process_manager-1] [component_container_isolated-1] [WARN] [1772609599.299262359] [global_costmap.global_costmap]: Sensor origin at (-128.18, 11.04) is out of map bounds (0.00, 0.00) to (4.98, 4.98). The costmap cannot raytrace for it.
[process_manager-1] [navsat_transform_node-6] [INFO] [1772609599.413085455] [navsat_transform]: Datum (latitude, longitude, altitude) is (30.77, 103.98, 527.40)
[process_manager-1] [navsat_transform_node-6] [INFO] [1772609599.413134344] [navsat_transform]: Datum UTM coordinate is (48R, 402845.42, 3404335.93)
[process_manager-1] [component_container_isolated-1] [WARN] [1772609599.499205502] [nav2_costmap_2d]: Robot is out of bounds of the costmap!
[process_manager-1] [component_container_isolated-1] [WARN] [1772609599.499259157] [global_costmap.global_costmap]: Sensor origin at (-128.18, 11.04) is out of map bounds (0.00, 0.00) to (4.98, 4.98). The costmap cannot raytrace for it.
[process_manager-1] [component_container_isolated-1] [WARN] [1772609599.699202445] [nav2_costmap_2d]: Robot is out of bounds of the costmap!
[process_manager-1] [component_container_isolated-1] [WARN] [1772609599.699240372] [global_costmap.global_costmap]: Sensor origin at (-128.19, 11.04) is out of map bounds (0.00, 0.00) to (4.98, 4.98). The costmap cannot raytrace for it.
[process_manager-1] [component_container_isolated-1] [WARN] [1772609599.899183471] [nav2_costmap_2d]: Robot is out of bounds of the costmap!
[process_manager-1] [component_container_isolated-1] [WARN] [1772609599.899222499] [global_costmap.global_costmap]: Sensor origin at (-128.18, 11.04) is out of map bounds (0.00, 0.00) to (4.98, 4.98). The costmap cannot raytrace for it.
[process_manager-1] [component_container_isolated-1] [WARN] [1772609600.099177038] [nav2_costmap_2d]: Robot is out of bounds of the costmap!
[process_manager-1] [component_container_isolated-1] [WARN] [1772609600.099206264] [global_costmap.global_costmap]: Sensor origin at (-128.18, 11.04) is out of map bounds (0.00, 0.00) to (4.98, 4.98). The costmap cannot raytrace for it.
[process_manager-1] [component_container_isolated-1] [WARN] [1772609600.299259519] [nav2_costmap_2d]: Robot is out of bounds of the costmap!
[process_manager-1] [component_container_isolated-1] [WARN] [1772609600.299324892] [global_costmap.global_costmap]: Sensor origin at (-128.18, 11.04) is out of map bounds (0.00, 0.00) to (4.98, 4.98). The costmap cannot raytrace for it.
[process_manager-1] [navsat_transform_node-6] [INFO] [1772609600.393398052] [navsat_transform]: Datum (latitude, longitude, altitude) is (30.77, 103.98, 527.50)
[process_manager-1] [navsat_transform_node-6] [INFO] [1772609600.393542612] [navsat_transform]: Datum UTM coordinate is (48R, 402845.45, 3404335.88)
[process_manager-1] [component_container_isolated-1] [WARN] [1772609600.499191794] [nav2_costmap_2d]: Robot is out of bounds of the costmap!
[process_manager-1] [component_container_isolated-1] [WARN] [1772609600.499231533] [global_costmap.global_costmap]: Sensor origin at (-128.18, 11.03) is out of map bounds (0.00, 0.00) to (4.98, 4.98). The costmap cannot raytrace for it.
[process_manager-1] [component_container_isolated-1] [WARN] [1772609600.699188414] [nav2_costmap_2d]: Robot is out of bounds of the costmap!
[process_manager-1] [component_container_isolated-1] [WARN] [1772609600.699217104] [global_costmap.global_costmap]: Sensor origin at (-128.18, 11.04) is out of map bounds (0.00, 0.00) to (4.98, 4.98). The costmap cannot raytrace for it.
[process_manager-1] [component_container_isolated-1] [WARN] [1772609600.899186163] [nav2_costmap_2d]: Robot is out of bounds of the costmap!
[process_manager-1] [component_container_isolated-1] [WARN] [1772609600.899214832] [global_costmap.global_costmap]: Sensor origin at (-128.18, 11.04) is out of map bounds (0.00, 0.00) to (4.98, 4.98). The costmap cannot raytrace for it.
[process_manager-1] [component_container_isolated-1] [WARN] [1772609600.899277308] [global_costmap.global_costmap]: Can't update static costmap layer, no map received
[process_manager-1] [component_container_isolated-1] [WARN] [1772609601.099593046] [nav2_costmap_2d]: Robot is out of bounds of the costmap!
[process_manager-1] [component_container_isolated-1] [WARN] [1772609601.099709180] [global_costmap.global_costmap]: Sensor origin at (-128.18, 11.03) is out of map bounds (0.00, 0.00) to (4.98, 4.98). The costmap cannot raytrace for it.
[process_manager-1] [component_container_isolated-1] [WARN] [1772609601.299193607] [nav2_costmap_2d]: Robot is out of bounds of the costmap!
[process_manager-1] [component_container_isolated-1] [WARN] [1772609601.299254546] [global_costmap.global_costmap]: Sensor origin at (-128.19, 11.03) is out of map bounds (0.00, 0.00) to (4.98, 4.98). The costmap cannot raytrace for it.
[process_manager-1] [navsat_transform_node-6] [INFO] [1772609601.443564659] [navsat_transform]: Datum (latitude, longitude, altitude) is (30.77, 103.98, 527.50)
[process_manager-1] [navsat_transform_node-6] [INFO] [1772609601.443628279] [navsat_transform]: Datum UTM coordinate is (48R, 402845.50, 3404335.84)
[process_manager-1] [component_container_isolated-1] [WARN] [1772609601.499188421] [nav2_costmap_2d]: Robot is out of bounds of the costmap!
[process_manager-1] [component_container_isolated-1] [WARN] [1772609601.499218165] [global_costmap.global_costmap]: Sensor origin at (-128.19, 11.04) is out of map bounds (0.00, 0.00) to (4.98, 4.98). The costmap cannot raytrace for it.
[process_manager-1] [component_container_isolated-1] [WARN] [1772609601.699189411] [nav2_costmap_2d]: Robot is out of bounds of the costmap!
[process_manager-1] [component_container_isolated-1] [WARN] [1772609601.699224416] [global_costmap.global_costmap]: Sensor origin at (-128.19, 11.03) is out of map bounds (0.00, 0.00) to (4.98, 4.98). The costmap cannot raytrace for it.
[process_manager-1] [component_container_isolated-1] [WARN] [1772609601.899190572] [nav2_costmap_2d]: Robot is out of bounds of the costmap!
[process_manager-1] [component_container_isolated-1] [WARN] [1772609601.899226827] [global_costmap.global_costmap]: Sensor origin at (-128.19, 11.04) is out of map bounds (0.00, 0.00) to (4.98, 4.98). The costmap cannot raytrace for it.
[process_manager-1] [component_container_isolated-1] [INFO] [1772609602.040691791] [map_io]: Read map /home/akun/workspace/Car_jetson/multi_map_navigation/src/map/map1/map1_clean.pgm: 6832 X 7775 map @ 0.1 m/cell
[process_manager-1] [component_container_isolated-1] [WARN] [1772609602.099218840] [nav2_costmap_2d]: Robot is out of bounds of the costmap!
[process_manager-1] [component_container_isolated-1] [WARN] [1772609602.099262209] [global_costmap.global_costmap]: Sensor origin at (-128.19, 11.04) is out of map bounds (0.00, 0.00) to (4.98, 4.98). The costmap cannot raytrace for it.
[process_manager-1] [component_container_isolated-1] [INFO] [1772609602.221092997] [lifecycle_manager_localization]: [34m[1mActivating map_server[0m[0m
[process_manager-1] [component_container_isolated-1] [INFO] [1772609602.221489452] [map_server]: Activating
[process_manager-1] [component_container_isolated-1] [WARN] [1772609602.299223734] [nav2_costmap_2d]: Robot is out of bounds of the costmap!
[process_manager-1] [component_container_isolated-1] [WARN] [1772609602.299263672] [global_costmap.global_costmap]: Sensor origin at (-128.19, 11.04) is out of map bounds (0.00, 0.00) to (4.98, 4.98). The costmap cannot raytrace for it.
[process_manager-1] [component_container_isolated-1] [INFO] [1772609602.364098412] [map_server]: Creating bond (map_server) to lifecycle manager.
[process_manager-1] [component_container_isolated-1] [INFO] [1772609602.397515734] [global_costmap.global_costmap]: StaticLayer: Resizing costmap to 6832 X 7775 at 0.100000 m/pix
[process_manager-1] [navsat_transform_node-6] [INFO] [1772609602.428349921] [navsat_transform]: Datum (latitude, longitude, altitude) is (30.77, 103.98, 527.60)
[process_manager-1] [navsat_transform_node-6] [INFO] [1772609602.428659209] [navsat_transform]: Datum UTM coordinate is (48R, 402845.51, 3404335.79)
[process_manager-1] [component_container_isolated-1] [INFO] [1772609602.525265697] [lifecycle_manager_localization]: Server map_server connected with bond.
[process_manager-1] [component_container_isolated-1] [INFO] [1772609602.525444614] [lifecycle_manager_localization]: [34m[1mManaged nodes are active[0m[0m
[process_manager-1] [component_container_isolated-1] [INFO] [1772609602.525644793] [lifecycle_manager_localization]: [34m[1mCreating bond timer...[0m[0m
[process_manager-1] [rviz2-2] [INFO] [1772609602.658469904] [rviz2]: Trying to create a map of size 6832 x 7775 using 1 swatches
[process_manager-1] [navsat_transform_node-6] [INFO] [1772609603.423185073] [navsat_transform]: Datum (latitude, longitude, altitude) is (30.77, 103.98, 527.70)
[process_manager-1] [navsat_transform_node-6] [INFO] [1772609603.423251877] [navsat_transform]: Datum UTM coordinate is (48R, 402845.50, 3404335.71)
[process_manager-1] [navsat_transform_node-6] [INFO] [1772609604.423640029] [navsat_transform]: Datum (latitude, longitude, altitude) is (30.77, 103.98, 527.70)
[process_manager-1] [navsat_transform_node-6] [INFO] [1772609604.423769730] [navsat_transform]: Datum UTM coordinate is (48R, 402845.51, 3404335.66)
[process_manager-1] [navsat_transform_node-6] [INFO] [1772609605.403477680] [navsat_transform]: Datum (latitude, longitude, altitude) is (30.77, 103.98, 527.80)
[process_manager-1] [navsat_transform_node-6] [INFO] [1772609605.403583685] [navsat_transform]: Datum UTM coordinate is (48R, 402845.51, 3404335.62)
[process_manager-1] [component_container_isolated-1] [WARN] [1772609605.991530550] [planner_server]: Planner loop missed its desired rate of 20.0000 Hz. Current loop rate is 0.1352 Hz
[process_manager-1] [rviz2-2] [INFO] [1772609606.016708000] [rviz2]: Trying to create a map of size 6832 x 7775 using 1 swatches
[process_manager-1] [component_container_isolated-1] [INFO] [1772609606.019699873] [controller_server]: Received a goal, begin computing control effort.
[process_manager-1] [component_container_isolated-1] [WARN] [1772609606.019908961] [controller_server]: No goal checker was specified in parameter 'current_goal_checker'. Server will use only plugin loaded general_goal_checker . This warning will appear once.
[process_manager-1] [component_container_isolated-1] [INFO] [1772609606.039657958] [controller_server]: Optimizer reset
[process_manager-1] [component_container_isolated-1] [INFO] [1772609606.112110418] [controller_server]: [MPPI] === evalControl() called ===
[process_manager-1] [component_container_isolated-1] [INFO] [1772609606.112195160] [controller_server]: Robot pose: (-0.34, -0.00, 0.00), speed: (0.01, -0.01, -0.00)
[process_manager-1] [component_container_isolated-1] [INFO] [1772609606.112218942] [controller_server]: Plan size: 60
[process_manager-1] [component_container_isolated-1] [INFO] [1772609606.112250405] [controller_server]: [MPPI] prepare() done. critics_data_.fail_flag = 0
[process_manager-1] [component_container_isolated-1] [INFO] [1772609606.112262140] [controller_server]: [MPPI] Running optimize() iteration #0
[process_manager-1] [component_container_isolated-1] [INFO] [1772609606.159552280] [controller_server]: [MPPI] optimize() finished. fail_flag = 0
[process_manager-1] [component_container_isolated-1] [INFO] [1772609606.159743063] [controller_server]: [MPPI] Applied savitskyGolayFilter()
[process_manager-1] [component_container_isolated-1] [INFO] [1772609606.159778672] [controller_server]: [MPPI] Output control: vx=0.020, vy=0.000, wz=0.017
[process_manager-1] [component_container_isolated-1] [INFO] [1772609606.159806482] [controller_server]: [MPPI] === evalControl() complete ===
[process_manager-1] [component_container_isolated-1] [WARN] [1772609606.160390725] [controller_server]: Control loop missed its desired rate of 30.0000Hz
[process_manager-1] [component_container_isolated-1] [INFO] [1772609606.213579796] [controller_server]: [MPPI] === evalControl() called ===
[process_manager-1] [component_container_isolated-1] [INFO] [1772609606.213725114] [controller_server]: Robot pose: (-0.34, 0.00, 0.00), speed: (0.01, -0.01, -0.00)
[process_manager-1] [component_container_isolated-1] [INFO] [1772609606.213754847] [controller_server]: Plan size: 60
[process_manager-1] [component_container_isolated-1] [INFO] [1772609606.213801554] [controller_server]: [MPPI] prepare() done. critics_data_.fail_flag = 0
[process_manager-1] [component_container_isolated-1] [INFO] [1772609606.213814757] [controller_server]: [MPPI] Running optimize() iteration #0
[process_manager-1] [component_container_isolated-1] [INFO] [1772609606.271897772] [controller_server]: [MPPI] optimize() finished. fail_flag = 0
[process_manager-1] [component_container_isolated-1] [INFO] [1772609606.272170092] [controller_server]: [MPPI] Applied savitskyGolayFilter()
[process_manager-1] [component_container_isolated-1] [INFO] [1772609606.272197649] [controller_server]: [MPPI] Output control: vx=0.036, vy=0.000, wz=0.029
[process_manager-1] [component_container_isolated-1] [INFO] [1772609606.272224141] [controller_server]: [MPPI] === evalControl() complete ===
[process_manager-1] [component_container_isolated-1] [WARN] [1772609606.272833902] [controller_server]: Control loop missed its desired rate of 30.0000Hz
[process_manager-1] [component_container_isolated-1] [INFO] [1772609606.316745916] [controller_server]: [MPPI] === evalControl() called ===
[process_manager-1] [component_container_isolated-1] [INFO] [1772609606.316890694] [controller_server]: Robot pose: (-0.34, -0.00, 0.00), speed: (0.02, -0.01, -0.00)
[process_manager-1] [component_container_isolated-1] [INFO] [1772609606.316929979] [controller_server]: Plan size: 60
[process_manager-1] [component_container_isolated-1] [INFO] [1772609606.316961438] [controller_server]: [MPPI] prepare() done. critics_data_.fail_flag = 0
[process_manager-1] [component_container_isolated-1] [INFO] [1772609606.316976684] [controller_server]: [MPPI] Running optimize() iteration #0
[process_manager-1] [component_container_isolated-1] [INFO] [1772609606.369856686] [controller_server]: [MPPI] optimize() finished. fail_flag = 0
[process_manager-1] [component_container_isolated-1] [INFO] [1772609606.369992707] [controller_server]: [MPPI] Applied savitskyGolayFilter()
[process_manager-1] [component_container_isolated-1] [INFO] [1772609606.370006821] [controller_server]: [MPPI] Output control: vx=0.052, vy=0.000, wz=0.041
[process_manager-1] [component_container_isolated-1] [INFO] [1772609606.370021019] [controller_server]: [MPPI] === evalControl() complete ===
[process_manager-1] [component_container_isolated-1] [WARN] [1772609606.370458817] [controller_server]: Control loop missed its desired rate of 30.0000Hz
[process_manager-1] [navsat_transform_node-6] [INFO] [1772609606.403378481] [navsat_transform]: Datum (latitude, longitude, altitude) is (30.77, 103.98, 527.80)
[process_manager-1] [navsat_transform_node-6] [INFO] [1772609606.403536151] [navsat_transform]: Datum UTM coordinate is (48R, 402845.50, 3404335.56)
[process_manager-1] [component_container_isolated-1] [INFO] [1772609606.412212644] [controller_server]: [MPPI] === evalControl() called ===
[process_manager-1] [component_container_isolated-1] [INFO] [1772609606.412364683] [controller_server]: Robot pose: (-0.35, 0.00, 0.00), speed: (0.02, -0.01, -0.00)
[process_manager-1] [component_container_isolated-1] [INFO] [1772609606.412392525] [controller_server]: Plan size: 60
[process_manager-1] [component_container_isolated-1] [INFO] [1772609606.412419985] [controller_server]: [MPPI] prepare() done. critics_data_.fail_flag = 0
[process_manager-1] [component_container_isolated-1] [INFO] [1772609606.412434113] [controller_server]: [MPPI] Running optimize() iteration #0
[process_manager-1] [component_container_isolated-1] [INFO] [1772609606.475683589] [controller_server]: [MPPI] optimize() finished. fail_flag = 0
[process_manager-1] [component_container_isolated-1] [INFO] [1772609606.476007284] [controller_server]: [MPPI] Applied savitskyGolayFilter()
[process_manager-1] [component_container_isolated-1] [INFO] [1772609606.476183596] [controller_server]: [MPPI] Output control: vx=0.065, vy=0.000, wz=0.047
[process_manager-1] [component_container_isolated-1] [INFO] [1772609606.476269997] [controller_server]: [MPPI] === evalControl() complete ===
[process_manager-1] [component_container_isolated-1] [WARN] [1772609606.477437628] [controller_server]: Control loop missed its desired rate of 30.0000Hz
[process_manager-1] [component_container_isolated-1] [INFO] [1772609606.509155831] [controller_server]: [MPPI] === evalControl() called ===
[process_manager-1] [component_container_isolated-1] [INFO] [1772609606.509310711] [controller_server]: Robot pose: (-0.34, -0.00, 0.00), speed: (0.02, -0.01, -0.00)
[process_manager-1] [component_container_isolated-1] [INFO] [1772609606.509337978] [controller_server]: Plan size: 60
[process_manager-1] [component_container_isolated-1] [INFO] [1772609606.509365727] [controller_server]: [MPPI] prepare() done. critics_data_.fail_flag = 0
[process_manager-1] [component_container_isolated-1] [INFO] [1772609606.509379214] [controller_server]: [MPPI] Running optimize() iteration #0
[process_manager-1] [component_container_isolated-1] [INFO] [1772609606.561366592] [controller_server]: [MPPI] optimize() finished. fail_flag = 0
[process_manager-1] [component_container_isolated-1] [INFO] [1772609606.561522199] [controller_server]: [MPPI] Applied savitskyGolayFilter()
[process_manager-1] [component_container_isolated-1] [INFO] [1772609606.561543846] [controller_server]: [MPPI] Output control: vx=0.070, vy=0.000, wz=0.058
[process_manager-1] [component_container_isolated-1] [INFO] [1772609606.561561600] [controller_server]: [MPPI] === evalControl() complete ===
[process_manager-1] [component_container_isolated-1] [WARN] [1772609606.561811512] [controller_server]: Control loop missed its desired rate of 30.0000Hz
[process_manager-1] [component_container_isolated-1] [INFO] [1772609606.613225773] [controller_server]: [MPPI] === evalControl() called ===
[process_manager-1] [component_container_isolated-1] [INFO] [1772609606.613270047] [controller_server]: Robot pose: (-0.35, -0.00, 0.00), speed: (0.02, -0.01, -0.00)
[process_manager-1] [component_container_isolated-1] [INFO] [1772609606.613298548] [controller_server]: Plan size: 60
[process_manager-1] [component_container_isolated-1] [INFO] [1772609606.613321185] [controller_server]: [MPPI] prepare() done. critics_data_.fail_flag = 0
[process_manager-1] [component_container_isolated-1] [INFO] [1772609606.613337695] [controller_server]: [MPPI] Running optimize() iteration #0
[process_manager-1] [component_container_isolated-1] [INFO] [1772609606.664327260] [controller_server]: [MPPI] optimize() finished. fail_flag = 0
[process_manager-1] [component_container_isolated-1] [INFO] [1772609606.664682660] [controller_server]: [MPPI] Applied savitskyGolayFilter()
[process_manager-1] [component_container_isolated-1] [INFO] [1772609606.664784417] [controller_server]: [MPPI] Output control: vx=0.076, vy=0.000, wz=0.060
[process_manager-1] [component_container_isolated-1] [INFO] [1772609606.664799372] [controller_server]: [MPPI] === evalControl() complete ===
[process_manager-1] [component_container_isolated-1] [WARN] [1772609606.666074536] [controller_server]: Control loop missed its desired rate of 30.0000Hz
[process_manager-1] [component_container_isolated-1] [INFO] [1772609606.707848002] [controller_server]: [MPPI] === evalControl() called ===
[process_manager-1] [component_container_isolated-1] [INFO] [1772609606.707953396] [controller_server]: Robot pose: (-0.34, -0.00, 0.00), speed: (0.03, -0.01, -0.00)
[process_manager-1] [component_container_isolated-1] [INFO] [1772609606.707989819] [controller_server]: Plan size: 60
[process_manager-1] [component_container_isolated-1] [INFO] [1772609606.708034307] [controller_server]: [MPPI] prepare() done. critics_data_.fail_flag = 0
[process_manager-1] [component_container_isolated-1] [INFO] [1772609606.708051268] [controller_server]: [MPPI] Running optimize() iteration #0
[process_manager-1] [component_container_isolated-1] [INFO] [1772609606.753505100] [controller_server]: [MPPI] optimize() finished. fail_flag = 0
[process_manager-1] [component_container_isolated-1] [INFO] [1772609606.753663376] [controller_server]: [MPPI] Applied savitskyGolayFilter()
[process_manager-1] [component_container_isolated-1] [INFO] [1772609606.753684827] [controller_server]: [MPPI] Output control: vx=0.079, vy=0.000, wz=0.061
[process_manager-1] [component_container_isolated-1] [INFO] [1772609606.753704289] [controller_server]: [MPPI] === evalControl() complete ===
[process_manager-1] [component_container_isolated-1] [WARN] [1772609606.754044826] [controller_server]: Control loop missed its desired rate of 30.0000Hz
[process_manager-1] [component_container_isolated-1] [INFO] [1772609606.815174871] [controller_server]: [MPPI] === evalControl() called ===
[process_manager-1] [component_container_isolated-1] [INFO] [1772609606.815238061] [controller_server]: Robot pose: (-0.34, -0.00, 0.00), speed: (0.03, -0.01, -0.00)
[process_manager-1] [component_container_isolated-1] [INFO] [1772609606.815262866] [controller_server]: Plan size: 60
[process_manager-1] [component_container_isolated-1] [INFO] [1772609606.815283821] [controller_server]: [MPPI] prepare() done. critics_data_.fail_flag = 0
[process_manager-1] [component_container_isolated-1] [INFO] [1772609606.815298300] [controller_server]: [MPPI] Running optimize() iteration #0
[process_manager-1] [component_container_isolated-1] [INFO] [1772609606.859487231] [controller_server]: [MPPI] optimize() finished. fail_flag = 0
[process_manager-1] [component_container_isolated-1] [INFO] [1772609606.859626938] [controller_server]: [MPPI] Applied savitskyGolayFilter()
[process_manager-1] [component_container_isolated-1] [INFO] [1772609606.859637835] [controller_server]: [MPPI] Output control: vx=0.077, vy=0.000, wz=0.056
[process_manager-1] [component_container_isolated-1] [INFO] [1772609606.859648342] [controller_server]: [MPPI] === evalControl() complete ===
[process_manager-1] [component_container_isolated-1] [WARN] [1772609606.860115427] [controller_server]: Control loop missed its desired rate of 30.0000Hz
[process_manager-1] [component_container_isolated-1] [INFO] [1772609606.911694286] [controller_server]: [MPPI] === evalControl() called ===
[process_manager-1] [component_container_isolated-1] [INFO] [1772609606.911913101] [controller_server]: Robot pose: (-0.34, -0.00, 0.00), speed: (0.03, -0.01, -0.00)
[process_manager-1] [component_container_isolated-1] [INFO] [1772609606.911934387] [controller_server]: Plan size: 60
[process_manager-1] [component_container_isolated-1] [INFO] [1772609606.911961268] [controller_server]: [MPPI] prepare() done. critics_data_.fail_flag = 0
[process_manager-1] [component_container_isolated-1] [INFO] [1772609606.911973222] [controller_server]: [MPPI] Running optimize() iteration #0
[process_manager-1] [component_container_isolated-1] [INFO] [1772609606.961896533] [controller_server]: [MPPI] optimize() finished. fail_flag = 0
[process_manager-1] [component_container_isolated-1] [INFO] [1772609606.962082705] [controller_server]: [MPPI] Applied savitskyGolayFilter()
[process_manager-1] [component_container_isolated-1] [INFO] [1772609606.962102480] [controller_server]: [MPPI] Output control: vx=0.074, vy=0.000, wz=0.052
[process_manager-1] [component_container_isolated-1] [INFO] [1772609606.962119371] [controller_server]: [MPPI] === evalControl() complete ===
[process_manager-1] [component_container_isolated-1] [WARN] [1772609606.962643155] [controller_server]: Control loop missed its desired rate of 30.0000Hz
[process_manager-1] [component_container_isolated-1] [INFO] [1772609607.013700009] [controller_server]: [MPPI] === evalControl() called ===
[process_manager-1] [component_container_isolated-1] [INFO] [1772609607.013752156] [controller_server]: Robot pose: (-0.34, -0.00, 0.00), speed: (0.02, -0.01, -0.00)
[process_manager-1] [component_container_isolated-1] [INFO] [1772609607.013788605] [controller_server]: Plan size: 60
[process_manager-1] [component_container_isolated-1] [INFO] [1772609607.013806707] [controller_server]: [MPPI] prepare() done. critics_data_.fail_flag = 0
[process_manager-1] [component_container_isolated-1] [INFO] [1772609607.013818481] [controller_server]: [MPPI] Running optimize() iteration #0
[process_manager-1] [component_container_isolated-1] [INFO] [1772609607.059239195] [controller_server]: [MPPI] optimize() finished. fail_flag = 0
[process_manager-1] [component_container_isolated-1] [INFO] [1772609607.059342293] [controller_server]: [MPPI] Applied savitskyGolayFilter()
[process_manager-1] [component_container_isolated-1] [INFO] [1772609607.059351448] [controller_server]: [MPPI] Output control: vx=0.068, vy=0.000, wz=0.046
[process_manager-1] [component_container_isolated-1] [INFO] [1772609607.059371192] [controller_server]: [MPPI] === evalControl() complete ===
[process_manager-1] [component_container_isolated-1] [WARN] [1772609607.059636448] [controller_server]: Control loop missed its desired rate of 30.0000Hz
[process_manager-1] [component_container_isolated-1] [INFO] [1772609607.111142803] [controller_server]: [MPPI] === evalControl() called ===
[process_manager-1] [component_container_isolated-1] [INFO] [1772609607.111283546] [controller_server]: Robot pose: (-0.33, -0.00, 0.00), speed: (0.02, -0.01, -0.00)
[process_manager-1] [component_container_isolated-1] [INFO] [1772609607.111302920] [controller_server]: Plan size: 60
[process_manager-1] [component_container_isolated-1] [INFO] [1772609607.111342074] [controller_server]: [MPPI] prepare() done. critics_data_.fail_flag = 0
[process_manager-1] [component_container_isolated-1] [INFO] [1772609607.111356445] [controller_server]: [MPPI] Running optimize() iteration #0
[process_manager-1] [component_container_isolated-1] [INFO] [1772609607.179608883] [controller_server]: [MPPI] optimize() finished. fail_flag = 0
[process_manager-1] [component_container_isolated-1] [INFO] [1772609607.179972001] [controller_server]: [MPPI] Applied savitskyGolayFilter()
[process_manager-1] [component_container_isolated-1] [INFO] [1772609607.180001380] [controller_server]: [MPPI] Output control: vx=0.063, vy=0.000, wz=0.042
[process_manager-1] [component_container_isolated-1] [INFO] [1772609607.180021509] [controller_server]: [MPPI] === evalControl() complete ===
[process_manager-1] [component_container_isolated-1] [WARN] [1772609607.181034557] [controller_server]: Control loop missed its desired rate of 30.0000Hz
[process_manager-1] [component_container_isolated-1] [INFO] [1772609607.212845265] [controller_server]: [MPPI] === evalControl() called ===
[process_manager-1] [component_container_isolated-1] [INFO] [1772609607.212977836] [controller_server]: Robot pose: (-0.33, -0.00, 0.00), speed: (0.02, -0.01, -0.00)
[process_manager-1] [component_container_isolated-1] [INFO] [1772609607.213007981] [controller_server]: Plan size: 60
[process_manager-1] [component_container_isolated-1] [INFO] [1772609607.213032774] [controller_server]: [MPPI] prepare() done. critics_data_.fail_flag = 0
[process_manager-1] [component_container_isolated-1] [INFO] [1772609607.213054527] [controller_server]: [MPPI] Running optimize() iteration #0
[process_manager-1] [component_container_isolated-1] [INFO] [1772609607.258267536] [controller_server]: [MPPI] optimize() finished. fail_flag = 0
[process_manager-1] [component_container_isolated-1] [INFO] [1772609607.258386903] [controller_server]: [MPPI] Applied savitskyGolayFilter()
[process_manager-1] [component_container_isolated-1] [INFO] [1772609607.258397448] [controller_server]: [MPPI] Output control: vx=0.059, vy=0.000, wz=0.036
[process_manager-1] [component_container_isolated-1] [INFO] [1772609607.258407335] [controller_server]: [MPPI] === evalControl() complete ===
[process_manager-1] [component_container_isolated-1] [WARN] [1772609607.258641216] [controller_server]: Control loop missed its desired rate of 30.0000Hz
[process_manager-1] [component_container_isolated-1] [INFO] [1772609607.309919833] [controller_server]: [MPPI] === evalControl() called ===
[process_manager-1] [component_container_isolated-1] [INFO] [1772609607.309963669] [controller_server]: Robot pose: (-0.33, -0.00, 0.00), speed: (0.02, -0.00, 0.00)
[process_manager-1] [component_container_isolated-1] [INFO] [1772609607.309982966] [controller_server]: Plan size: 60
[process_manager-1] [component_container_isolated-1] [INFO] [1772609607.309999776] [controller_server]: [MPPI] prepare() done. critics_data_.fail_flag = 0
[process_manager-1] [component_container_isolated-1] [INFO] [1772609607.310008479] [controller_server]: [MPPI] Running optimize() iteration #0
[process_manager-1] [component_container_isolated-1] [INFO] [1772609607.360820986] [controller_server]: [MPPI] optimize() finished. fail_flag = 0
[process_manager-1] [component_container_isolated-1] [INFO] [1772609607.361133545] [controller_server]: [MPPI] Applied savitskyGolayFilter()
[process_manager-1] [component_container_isolated-1] [INFO] [1772609607.361166866] [controller_server]: [MPPI] Output control: vx=0.055, vy=0.000, wz=0.032
[process_manager-1] [component_container_isolated-1] [INFO] [1772609607.361198470] [controller_server]: [MPPI] === evalControl() complete ===
[process_manager-1] [component_container_isolated-1] [WARN] [1772609607.362266697] [controller_server]: Control loop missed its desired rate of 30.0000Hz
[process_manager-1] [navsat_transform_node-6] [INFO] [1772609607.402794890] [navsat_transform]: Datum (latitude, longitude, altitude) is (30.77, 103.98, 527.90)
[process_manager-1] [navsat_transform_node-6] [INFO] [1772609607.402863952] [navsat_transform]: Datum UTM coordinate is (48R, 402845.51, 3404335.54)
[process_manager-1] [component_container_isolated-1] [INFO] [1772609607.414046116] [controller_server]: [MPPI] === evalControl() called ===
[process_manager-1] [component_container_isolated-1] [INFO] [1772609607.414176383] [controller_server]: Robot pose: (-0.33, -0.00, -0.00), speed: (0.02, -0.00, -0.00)
[process_manager-1] [component_container_isolated-1] [INFO] [1772609607.414217747] [controller_server]: Plan size: 60
[process_manager-1] [component_container_isolated-1] [INFO] [1772609607.414233073] [controller_server]: [MPPI] prepare() done. critics_data_.fail_flag = 0
[process_manager-1] [component_container_isolated-1] [INFO] [1772609607.414242696] [controller_server]: [MPPI] Running optimize() iteration #0
[process_manager-1] [component_container_isolated-1] [INFO] [1772609607.471318279] [controller_server]: [MPPI] optimize() finished. fail_flag = 0
[process_manager-1] [component_container_isolated-1] [INFO] [1772609607.471777066] [controller_server]: [MPPI] Applied savitskyGolayFilter()
[process_manager-1] [component_container_isolated-1] [INFO] [1772609607.471821751] [controller_server]: [MPPI] Output control: vx=0.053, vy=0.000, wz=0.030
[process_manager-1] [component_container_isolated-1] [INFO] [1772609607.471842517] [controller_server]: [MPPI] === evalControl() complete ===
[process_manager-1] [component_container_isolated-1] [WARN] [1772609607.472702127] [controller_server]: Control loop missed its desired rate of 30.0000Hz
[process_manager-1] [component_container_isolated-1] [INFO] [1772609607.514694896] [controller_server]: [MPPI] === evalControl() called ===
[process_manager-1] [component_container_isolated-1] [INFO] [1772609607.514898547] [controller_server]: Robot pose: (-0.33, 0.00, 0.00), speed: (0.02, -0.00, -0.00)
[process_manager-1] [component_container_isolated-1] [INFO] [1772609607.514939942] [controller_server]: Plan size: 60
[process_manager-1] [component_container_isolated-1] [INFO] [1772609607.514995007] [controller_server]: [MPPI] prepare() done. critics_data_.fail_flag = 0
[process_manager-1] [component_container_isolated-1] [INFO] [1772609607.515029375] [controller_server]: [MPPI] Running optimize() iteration #0
[process_manager-1] [component_container_isolated-1] [INFO] [1772609607.581703567] [controller_server]: [MPPI] optimize() finished. fail_flag = 0
[process_manager-1] [component_container_isolated-1] [INFO] [1772609607.582359460] [controller_server]: [MPPI] Applied savitskyGolayFilter()
[process_manager-1] [component_container_isolated-1] [INFO] [1772609607.582430615] [controller_server]: [MPPI] Output control: vx=0.053, vy=0.000, wz=0.026
[process_manager-1] [component_container_isolated-1] [INFO] [1772609607.582466315] [controller_server]: [MPPI] === evalControl() complete ===
[process_manager-1] [component_container_isolated-1] [WARN] [1772609607.583495767] [controller_server]: Control loop missed its desired rate of 30.0000Hz
[process_manager-1] [component_container_isolated-1] [INFO] [1772609607.615173842] [controller_server]: [MPPI] === evalControl() called ===
[process_manager-1] [component_container_isolated-1] [INFO] [1772609607.615350654] [controller_server]: Robot pose: (-0.33, -0.00, 0.00), speed: (0.02, -0.00, -0.00)
[process_manager-1] [component_container_isolated-1] [INFO] [1772609607.615385694] [controller_server]: Plan size: 60
[process_manager-1] [component_container_isolated-1] [INFO] [1772609607.615416230] [controller_server]: [MPPI] prepare() done. critics_data_.fail_flag = 0
[process_manager-1] [component_container_isolated-1] [INFO] [1772609607.615431685] [controller_server]: [MPPI] Running optimize() iteration #0
[process_manager-1] [component_container_isolated-1] [INFO] [1772609607.704120346] [controller_server]: [MPPI] optimize() finished. fail_flag = 0
[process_manager-1] [component_container_isolated-1] [INFO] [1772609607.704596615] [controller_server]: [MPPI] Applied savitskyGolayFilter()
[process_manager-1] [component_container_isolated-1] [INFO] [1772609607.704647622] [controller_server]: [MPPI] Output control: vx=0.049, vy=0.000, wz=0.026
[process_manager-1] [component_container_isolated-1] [INFO] [1772609607.704713887] [controller_server]: [MPPI] === evalControl() complete ===
[process_manager-1] [component_container_isolated-1] [WARN] [1772609607.705435539] [controller_server]: Control loop missed its desired rate of 30.0000Hz
[process_manager-1] [component_container_isolated-1] [INFO] [1772609607.809553339] [controller_server]: [MPPI] === evalControl() called ===
[process_manager-1] [component_container_isolated-1] [INFO] [1772609607.809625644] [controller_server]: Robot pose: (-0.33, 0.00, 0.00), speed: (0.02, -0.00, -0.00)
[process_manager-1] [component_container_isolated-1] [INFO] [1772609607.809640044] [controller_server]: Plan size: 60
[process_manager-1] [component_container_isolated-1] [INFO] [1772609607.809653235] [controller_server]: [MPPI] prepare() done. critics_data_.fail_flag = 0
[process_manager-1] [component_container_isolated-1] [INFO] [1772609607.809661412] [controller_server]: [MPPI] Running optimize() iteration #0
[process_manager-1] [component_container_isolated-1] [INFO] [1772609607.856845965] [controller_server]: [MPPI] optimize() finished. fail_flag = 0
[process_manager-1] [component_container_isolated-1] [INFO] [1772609607.857272890] [controller_server]: [MPPI] Applied savitskyGolayFilter()
[process_manager-1] [component_container_isolated-1] [INFO] [1772609607.857307100] [controller_server]: [MPPI] Output control: vx=0.046, vy=0.000, wz=0.026
[process_manager-1] [component_container_isolated-1] [INFO] [1772609607.857378152] [controller_server]: [MPPI] === evalControl() complete ===
[process_manager-1] [component_container_isolated-1] [WARN] [1772609607.858616619] [controller_server]: Control loop missed its desired rate of 30.0000Hz
[process_manager-1] [component_container_isolated-1] [INFO] [1772609607.910884318] [controller_server]: [MPPI] === evalControl() called ===
[process_manager-1] [component_container_isolated-1] [INFO] [1772609607.911157501] [controller_server]: Robot pose: (-0.33, 0.00, 0.00), speed: (0.02, -0.00, 0.00)
[process_manager-1] [component_container_isolated-1] [INFO] [1772609607.911231788] [controller_server]: Plan size: 60
[process_manager-1] [component_container_isolated-1] [INFO] [1772609607.911298338] [controller_server]: [MPPI] prepare() done. critics_data_.fail_flag = 0
[process_manager-1] [component_container_isolated-1] [INFO] [1772609607.911329996] [controller_server]: [MPPI] Running optimize() iteration #0
[process_manager-1] [component_container_isolated-1] [INFO] [1772609607.972737200] [controller_server]: [MPPI] optimize() finished. fail_flag = 0
[process_manager-1] [component_container_isolated-1] [INFO] [1772609607.973065852] [controller_server]: [MPPI] Applied savitskyGolayFilter()
[process_manager-1] [component_container_isolated-1] [INFO] [1772609607.973104999] [controller_server]: [MPPI] Output control: vx=0.042, vy=0.000, wz=0.025
[process_manager-1] [component_container_isolated-1] [INFO] [1772609607.973138998] [controller_server]: [MPPI] === evalControl() complete ===
[process_manager-1] [component_container_isolated-1] [WARN] [1772609607.974253620] [controller_server]: Control loop missed its desired rate of 30.0000Hz
[process_manager-1] [component_container_isolated-1] [INFO] [1772609608.025924352] [controller_server]: [MPPI] === evalControl() called ===
[process_manager-1] [component_container_isolated-1] [INFO] [1772609608.026010699] [controller_server]: Robot pose: (-0.33, 0.00, 0.00), speed: (0.01, -0.00, -0.00)
[process_manager-1] [component_container_isolated-1] [INFO] [1772609608.026031332] [controller_server]: Plan size: 60
[process_manager-1] [component_container_isolated-1] [INFO] [1772609608.026050903] [controller_server]: [MPPI] prepare() done. critics_data_.fail_flag = 0
[process_manager-1] [component_container_isolated-1] [INFO] [1772609608.026061057] [controller_server]: [MPPI] Running optimize() iteration #0
[process_manager-1] [component_container_isolated-1] [INFO] [1772609608.077992286] [controller_server]: [MPPI] optimize() finished. fail_flag = 0
[process_manager-1] [component_container_isolated-1] [INFO] [1772609608.078170697] [controller_server]: [MPPI] Applied savitskyGolayFilter()
[process_manager-1] [component_container_isolated-1] [INFO] [1772609608.078187870] [controller_server]: [MPPI] Output control: vx=0.039, vy=0.000, wz=0.021
[process_manager-1] [component_container_isolated-1] [INFO] [1772609608.078208746] [controller_server]: [MPPI] === evalControl() complete ===
[process_manager-1] [component_container_isolated-1] [WARN] [1772609608.078619000] [controller_server]: Control loop missed its desired rate of 30.0000Hz
[process_manager-1] [component_container_isolated-1] [INFO] [1772609608.120035756] [controller_server]: [MPPI] === evalControl() called ===
[process_manager-1] [component_container_isolated-1] [INFO] [1772609608.120159039] [controller_server]: Robot pose: (-0.33, -0.00, -0.00), speed: (0.01, -0.00, -0.00)
[process_manager-1] [component_container_isolated-1] [INFO] [1772609608.120179568] [controller_server]: Plan size: 60
[process_manager-1] [component_container_isolated-1] [INFO] [1772609608.120209053] [controller_server]: [MPPI] prepare() done. critics_data_.fail_flag = 0
[process_manager-1] [component_container_isolated-1] [INFO] [1772609608.120219945] [controller_server]: [MPPI] Running optimize() iteration #0
[process_manager-1] [component_container_isolated-1] [INFO] [1772609608.178018980] [controller_server]: [MPPI] optimize() finished. fail_flag = 0
[process_manager-1] [component_container_isolated-1] [INFO] [1772609608.178460435] [controller_server]: [MPPI] Applied savitskyGolayFilter()
[process_manager-1] [component_container_isolated-1] [INFO] [1772609608.178508563] [controller_server]: [MPPI] Output control: vx=0.036, vy=0.000, wz=0.020
[process_manager-1] [component_container_isolated-1] [INFO] [1772609608.178550934] [controller_server]: [MPPI] === evalControl() complete ===
[process_manager-1] [component_container_isolated-1] [WARN] [1772609608.179618635] [controller_server]: Control loop missed its desired rate of 30.0000Hz
[process_manager-1] [component_container_isolated-1] [INFO] [1772609608.210569229] [controller_server]: [MPPI] === evalControl() called ===
[process_manager-1] [component_container_isolated-1] [INFO] [1772609608.210733009] [controller_server]: Robot pose: (-0.33, 0.00, 0.00), speed: (0.02, -0.00, -0.00)
[process_manager-1] [component_container_isolated-1] [INFO] [1772609608.210768505] [controller_server]: Plan size: 60
[process_manager-1] [component_container_isolated-1] [INFO] [1772609608.210806093] [controller_server]: [MPPI] prepare() done. critics_data_.fail_flag = 0
[process_manager-1] [component_container_isolated-1] [INFO] [1772609608.210819844] [controller_server]: [MPPI] Running optimize() iteration #0
[process_manager-1] [component_container_isolated-1] [WARN] [1772609608.220454537] [planner_server]: Planner loop missed its desired rate of 20.0000 Hz. Current loop rate is 0.8449 Hz
[process_manager-1] [component_container_isolated-1] [INFO] [1772609608.253540835] [controller_server]: [MPPI] optimize() finished. fail_flag = 0
[process_manager-1] [component_container_isolated-1] [INFO] [1772609608.253687144] [controller_server]: [MPPI] Applied savitskyGolayFilter()
[process_manager-1] [component_container_isolated-1] [INFO] [1772609608.253725365] [controller_server]: [MPPI] Output control: vx=0.034, vy=0.000, wz=0.018
[process_manager-1] [component_container_isolated-1] [INFO] [1772609608.253741143] [controller_server]: [MPPI] === evalControl() complete ===
[process_manager-1] [component_container_isolated-1] [WARN] [1772609608.254128931] [controller_server]: Control loop missed its desired rate of 30.0000Hz
[process_manager-1] [component_container_isolated-1] [INFO] [1772609608.315874969] [controller_server]: [MPPI] === evalControl() called ===
[process_manager-1] [component_container_isolated-1] [INFO] [1772609608.315970880] [controller_server]: Robot pose: (-0.33, 0.00, 0.00), speed: (0.02, -0.00, -0.00)
[process_manager-1] [component_container_isolated-1] [INFO] [1772609608.316062357] [controller_server]: Plan size: 60
[process_manager-1] [component_container_isolated-1] [INFO] [1772609608.316088015] [controller_server]: [MPPI] prepare() done. critics_data_.fail_flag = 0
[process_manager-1] [component_container_isolated-1] [INFO] [1772609608.316100132] [controller_server]: [MPPI] Running optimize() iteration #0
[process_manager-1] [component_container_isolated-1] [INFO] [1772609608.362173516] [controller_server]: [MPPI] optimize() finished. fail_flag = 0
[process_manager-1] [component_container_isolated-1] [INFO] [1772609608.362631834] [controller_server]: [MPPI] Applied savitskyGolayFilter()
[process_manager-1] [component_container_isolated-1] [INFO] [1772609608.362683340] [controller_server]: [MPPI] Output control: vx=0.030, vy=0.000, wz=0.016
[process_manager-1] [component_container_isolated-1] [INFO] [1772609608.362713692] [controller_server]: [MPPI] === evalControl() complete ===
[process_manager-1] [component_container_isolated-1] [WARN] [1772609608.364382926] [controller_server]: Control loop missed its desired rate of 30.0000Hz
[process_manager-1] [component_container_isolated-1] [INFO] [1772609608.364493482] [controller_server]: Passing new path to controller.
[process_manager-1] [navsat_transform_node-6] [INFO] [1772609608.373696553] [navsat_transform]: Datum (latitude, longitude, altitude) is (30.77, 103.98, 527.90)
[process_manager-1] [navsat_transform_node-6] [INFO] [1772609608.373796910] [navsat_transform]: Datum UTM coordinate is (48R, 402845.51, 3404335.51)
[process_manager-1] [component_container_isolated-1] [INFO] [1772609608.450550051] [controller_server]: [MPPI] === evalControl() called ===
[process_manager-1] [component_container_isolated-1] [INFO] [1772609608.450660657] [controller_server]: Robot pose: (-0.33, 0.00, 0.00), speed: (0.02, -0.00, -0.00)
[process_manager-1] [component_container_isolated-1] [INFO] [1772609608.450724487] [controller_server]: Plan size: 60
[process_manager-1] [component_container_isolated-1] [INFO] [1772609608.450795849] [controller_server]: [MPPI] prepare() done. critics_data_.fail_flag = 0
[process_manager-1] [component_container_isolated-1] [INFO] [1772609608.450831790] [controller_server]: [MPPI] Running optimize() iteration #0
[process_manager-1] [component_container_isolated-1] [INFO] [1772609608.508669962] [controller_server]: [MPPI] optimize() finished. fail_flag = 0
[process_manager-1] [component_container_isolated-1] [INFO] [1772609608.508829754] [controller_server]: [MPPI] Applied savitskyGolayFilter()
[process_manager-1] [component_container_isolated-1] [INFO] [1772609608.508849194] [controller_server]: [MPPI] Output control: vx=0.030, vy=0.000, wz=0.016
[process_manager-1] [component_container_isolated-1] [INFO] [1772609608.508892449] [controller_server]: [MPPI] === evalControl() complete ===
[process_manager-1] [component_container_isolated-1] [WARN] [1772609608.509152678] [controller_server]: Control loop missed its desired rate of 30.0000Hz
[process_manager-1] [component_container_isolated-1] [INFO] [1772609608.509846366] [controller_server]: [MPPI] === evalControl() called ===
[process_manager-1] [component_container_isolated-1] [INFO] [1772609608.509878072] [controller_server]: Robot pose: (-0.33, 0.00, 0.00), speed: (0.02, 0.00, 0.00)
[process_manager-1] [component_container_isolated-1] [INFO] [1772609608.509898353] [controller_server]: Plan size: 60
[process_manager-1] [component_container_isolated-1] [INFO] [1772609608.509948326] [controller_server]: [MPPI] prepare() done. critics_data_.fail_flag = 0
[process_manager-1] [component_container_isolated-1] [INFO] [1772609608.509970641] [controller_server]: [MPPI] Running optimize() iteration #0
[process_manager-1] [component_container_isolated-1] [INFO] [1772609608.562968552] [controller_server]: [MPPI] optimize() finished. fail_flag = 0
[process_manager-1] [component_container_isolated-1] [INFO] [1772609608.563184373] [controller_server]: [MPPI] Applied savitskyGolayFilter()
[process_manager-1] [component_container_isolated-1] [INFO] [1772609608.563221193] [controller_server]: [MPPI] Output control: vx=0.029, vy=0.000, wz=0.011
[process_manager-1] [component_container_isolated-1] [INFO] [1772609608.563243800] [controller_server]: [MPPI] === evalControl() complete ===
[process_manager-1] [component_container_isolated-1] [INFO] [1772609608.617457814] [controller_server]: [MPPI] === evalControl() called ===
[process_manager-1] [component_container_isolated-1] [INFO] [1772609608.617538851] [controller_server]: Robot pose: (-0.33, 0.00, 0.00), speed: (0.02, 0.00, -0.00)
[process_manager-1] [component_container_isolated-1] [INFO] [1772609608.617558452] [controller_server]: Plan size: 60
[process_manager-1] [component_container_isolated-1] [INFO] [1772609608.617578508] [controller_server]: [MPPI] prepare() done. critics_data_.fail_flag = 0
[process_manager-1] [component_container_isolated-1] [INFO] [1772609608.617588747] [controller_server]: [MPPI] Running optimize() iteration #0
[process_manager-1] [component_container_isolated-1] [INFO] [1772609608.676405973] [controller_server]: [MPPI] optimize() finished. fail_flag = 0
[process_manager-1] [component_container_isolated-1] [INFO] [1772609608.676592349] [controller_server]: [MPPI] Applied savitskyGolayFilter()
[process_manager-1] [component_container_isolated-1] [INFO] [1772609608.676611959] [controller_server]: [MPPI] Output control: vx=0.025, vy=0.000, wz=0.007
[process_manager-1] [component_container_isolated-1] [INFO] [1772609608.676632780] [controller_server]: [MPPI] === evalControl() complete ===
[process_manager-1] [component_container_isolated-1] [WARN] [1772609608.677552231] [controller_server]: Control loop missed its desired rate of 30.0000Hz
[process_manager-1] [component_container_isolated-1] [INFO] [1772609608.719519393] [controller_server]: [MPPI] === evalControl() called ===
[process_manager-1] [component_container_isolated-1] [INFO] [1772609608.719685802] [controller_server]: Robot pose: (-0.32, 0.00, 0.00), speed: (0.02, 0.00, 0.00)
[process_manager-1] [component_container_isolated-1] [INFO] [1772609608.719727762] [controller_server]: Plan size: 60
[process_manager-1] [component_container_isolated-1] [INFO] [1772609608.719807981] [controller_server]: [MPPI] prepare() done. critics_data_.fail_flag = 0
[process_manager-1] [component_container_isolated-1] [INFO] [1772609608.719834716] [controller_server]: [MPPI] Running optimize() iteration #0
[process_manager-1] [component_container_isolated-1] [INFO] [1772609608.773527781] [controller_server]: [MPPI] optimize() finished. fail_flag = 0
[process_manager-1] [component_container_isolated-1] [INFO] [1772609608.773691427] [controller_server]: [MPPI] Applied savitskyGolayFilter()
[process_manager-1] [component_container_isolated-1] [INFO] [1772609608.773703147] [controller_server]: [MPPI] Output control: vx=0.023, vy=0.000, wz=0.004
[process_manager-1] [component_container_isolated-1] [INFO] [1772609608.773731246] [controller_server]: [MPPI] === evalControl() complete ===
[process_manager-1] [component_container_isolated-1] [WARN] [1772609608.773994124] [controller_server]: Control loop missed its desired rate of 30.0000Hz
[process_manager-1] [component_container_isolated-1] [INFO] [1772609608.815037273] [controller_server]: [MPPI] === evalControl() called ===
[process_manager-1] [component_container_isolated-1] [INFO] [1772609608.815151204] [controller_server]: Robot pose: (-0.33, 0.00, 0.00), speed: (0.02, 0.00, -0.00)
[process_manager-1] [component_container_isolated-1] [INFO] [1772609608.815180086] [controller_server]: Plan size: 60
[process_manager-1] [component_container_isolated-1] [INFO] [1772609608.815201856] [controller_server]: [MPPI] prepare() done. critics_data_.fail_flag = 0
[process_manager-1] [component_container_isolated-1] [INFO] [1772609608.815215864] [controller_server]: [MPPI] Running optimize() iteration #0
[process_manager-1] [component_container_isolated-1] [INFO] [1772609608.875549292] [controller_server]: [MPPI] optimize() finished. fail_flag = 0
[process_manager-1] [component_container_isolated-1] [INFO] [1772609608.875893654] [controller_server]: [MPPI] Applied savitskyGolayFilter()
[process_manager-1] [component_container_isolated-1] [INFO] [1772609608.875938218] [controller_server]: [MPPI] Output control: vx=0.027, vy=0.000, wz=0.011
[process_manager-1] [component_container_isolated-1] [INFO] [1772609608.875969908] [controller_server]: [MPPI] === evalControl() complete ===
[process_manager-1] [component_container_isolated-1] [WARN] [1772609608.876982408] [controller_server]: Control loop missed its desired rate of 30.0000Hz
[process_manager-1] [component_container_isolated-1] [INFO] [1772609608.911414354] [controller_server]: [MPPI] === evalControl() called ===
[process_manager-1] [component_container_isolated-1] [INFO] [1772609608.911555267] [controller_server]: Robot pose: (-0.33, 0.00, 0.00), speed: (0.02, 0.00, -0.00)
[process_manager-1] [component_container_isolated-1] [INFO] [1772609608.911584859] [controller_server]: Plan size: 60
[process_manager-1] [component_container_isolated-1] [INFO] [1772609608.911612361] [controller_server]: [MPPI] prepare() done. critics_data_.fail_flag = 0
[process_manager-1] [component_container_isolated-1] [INFO] [1772609608.911624670] [controller_server]: [MPPI] Running optimize() iteration #0
[process_manager-1] [component_container_isolated-1] [INFO] [1772609608.970265468] [controller_server]: [MPPI] optimize() finished. fail_flag = 0
[process_manager-1] [component_container_isolated-1] [INFO] [1772609608.970436873] [controller_server]: [MPPI] Applied savitskyGolayFilter()
[process_manager-1] [component_container_isolated-1] [INFO] [1772609608.970460673] [controller_server]: [MPPI] Output control: vx=0.029, vy=0.000, wz=0.011
[process_manager-1] [component_container_isolated-1] [INFO] [1772609608.970482083] [controller_server]: [MPPI] === evalControl() complete ===
[process_manager-1] [component_container_isolated-1] [WARN] [1772609608.970862082] [controller_server]: Control loop missed its desired rate of 30.0000Hz
[process_manager-1] [component_container_isolated-1] [INFO] [1772609609.012598223] [controller_server]: [MPPI] === evalControl() called ===
[process_manager-1] [component_container_isolated-1] [INFO] [1772609609.012793307] [controller_server]: Robot pose: (-0.33, 0.00, 0.00), speed: (0.02, 0.00, -0.00)
[process_manager-1] [component_container_isolated-1] [INFO] [1772609609.012842356] [controller_server]: Plan size: 60
[process_manager-1] [component_container_isolated-1] [INFO] [1772609609.012876310] [controller_server]: [MPPI] prepare() done. critics_data_.fail_flag = 0
[process_manager-1] [component_container_isolated-1] [INFO] [1772609609.012889700] [controller_server]: [MPPI] Running optimize() iteration #0
[process_manager-1] [component_container_isolated-1] [INFO] [1772609609.068429577] [controller_server]: [MPPI] optimize() finished. fail_flag = 0
[process_manager-1] [component_container_isolated-1] [INFO] [1772609609.068704193] [controller_server]: [MPPI] Applied savitskyGolayFilter()
[process_manager-1] [component_container_isolated-1] [INFO] [1772609609.068732432] [controller_server]: [MPPI] Output control: vx=0.029, vy=0.000, wz=0.012
[process_manager-1] [component_container_isolated-1] [INFO] [1772609609.068774736] [controller_server]: [MPPI] === evalControl() complete ===
[process_manager-1] [component_container_isolated-1] [WARN] [1772609609.069753032] [controller_server]: Control loop missed its desired rate of 30.0000Hz
[process_manager-1] [component_container_isolated-1] [INFO] [1772609609.110958080] [controller_server]: [MPPI] === evalControl() called ===
[process_manager-1] [component_container_isolated-1] [INFO] [1772609609.111029057] [controller_server]: Robot pose: (-0.34, 0.00, 0.00), speed: (0.02, 0.00, -0.00)
[process_manager-1] [component_container_isolated-1] [INFO] [1772609609.111052892] [controller_server]: Plan size: 60
[process_manager-1] [component_container_isolated-1] [INFO] [1772609609.111073602] [controller_server]: [MPPI] prepare() done. critics_data_.fail_flag = 0
[process_manager-1] [component_container_isolated-1] [INFO] [1772609609.111092433] [controller_server]: [MPPI] Running optimize() iteration #0
[process_manager-1] [component_container_isolated-1] [INFO] [1772609609.152021325] [controller_server]: [MPPI] optimize() finished. fail_flag = 0
[process_manager-1] [component_container_isolated-1] [INFO] [1772609609.152110008] [controller_server]: [MPPI] Applied savitskyGolayFilter()
[process_manager-1] [component_container_isolated-1] [INFO] [1772609609.152118043] [controller_server]: [MPPI] Output control: vx=0.044, vy=0.000, wz=0.023
[process_manager-1] [component_container_isolated-1] [INFO] [1772609609.152126478] [controller_server]: [MPPI] === evalControl() complete ===
[process_manager-1] [component_container_isolated-1] [WARN] [1772609609.152268610] [controller_server]: Control loop missed its desired rate of 30.0000Hz
[process_manager-1] [component_container_isolated-1] [INFO] [1772609609.213736993] [controller_server]: [MPPI] === evalControl() called ===
[process_manager-1] [component_container_isolated-1] [INFO] [1772609609.213887948] [controller_server]: Robot pose: (-0.34, 0.00, -0.00), speed: (0.02, 0.00, 0.00)
[process_manager-1] [component_container_isolated-1] [INFO] [1772609609.213915659] [controller_server]: Plan size: 60
[process_manager-1] [component_container_isolated-1] [INFO] [1772609609.213976247] [controller_server]: [MPPI] prepare() done. critics_data_.fail_flag = 0
[process_manager-1] [component_container_isolated-1] [INFO] [1772609609.213989245] [controller_server]: [MPPI] Running optimize() iteration #0
[process_manager-1] [component_container_isolated-1] [INFO] [1772609609.245013845] [controller_server]: [MPPI] optimize() finished. fail_flag = 0
[process_manager-1] [component_container_isolated-1] [INFO] [1772609609.245111462] [controller_server]: [MPPI] Applied savitskyGolayFilter()
[process_manager-1] [component_container_isolated-1] [INFO] [1772609609.245120754] [controller_server]: [MPPI] Output control: vx=0.045, vy=0.000, wz=0.028
[process_manager-1] [component_container_isolated-1] [INFO] [1772609609.245129994] [controller_server]: [MPPI] === evalControl() complete ===
[process_manager-1] [component_container_isolated-1] [WARN] [1772609609.245408094] [controller_server]: Control loop missed its desired rate of 30.0000Hz
[process_manager-1] [component_container_isolated-1] [INFO] [1772609609.320247678] [controller_server]: [MPPI] === evalControl() called ===
[process_manager-1] [component_container_isolated-1] [INFO] [1772609609.321850336] [controller_server]: Robot pose: (-0.35, 0.00, 0.00), speed: (0.02, 0.00, -0.00)
[process_manager-1] [component_container_isolated-1] [INFO] [1772609609.321903576] [controller_server]: Plan size: 60
[process_manager-1] [component_container_isolated-1] [INFO] [1772609609.321942321] [controller_server]: [MPPI] prepare() done. critics_data_.fail_flag = 0
[process_manager-1] [component_container_isolated-1] [INFO] [1772609609.321956445] [controller_server]: [MPPI] Running optimize() iteration #0
[process_manager-1] [component_container_isolated-1] [INFO] [1772609609.377064035] [controller_server]: [MPPI] optimize() finished. fail_flag = 0
[process_manager-1] [component_container_isolated-1] [INFO] [1772609609.377303932] [controller_server]: [MPPI] Applied savitskyGolayFilter()
[process_manager-1] [component_container_isolated-1] [INFO] [1772609609.377339670] [controller_server]: [MPPI] Output control: vx=0.058, vy=0.000, wz=0.040
[process_manager-1] [component_container_isolated-1] [INFO] [1772609609.377363699] [controller_server]: [MPPI] === evalControl() complete ===
[process_manager-1] [component_container_isolated-1] [WARN] [1772609609.377882594] [controller_server]: Control loop missed its desired rate of 30.0000Hz
[process_manager-1] [component_container_isolated-1] [INFO] [1772609609.408984674] [controller_server]: [MPPI] === evalControl() called ===
[process_manager-1] [component_container_isolated-1] [INFO] [1772609609.409053820] [controller_server]: Robot pose: (-0.34, 0.00, 0.00), speed: (0.01, 0.00, -0.00)
[process_manager-1] [component_container_isolated-1] [INFO] [1772609609.409078321] [controller_server]: Plan size: 60
[process_manager-1] [component_container_isolated-1] [INFO] [1772609609.409100258] [controller_server]: [MPPI] prepare() done. critics_data_.fail_flag = 0
[process_manager-1] [component_container_isolated-1] [INFO] [1772609609.409113534] [controller_server]: [MPPI] Running optimize() iteration #0
[process_manager-1] [navsat_transform_node-6] [INFO] [1772609609.441898324] [navsat_transform]: Datum (latitude, longitude, altitude) is (30.77, 103.98, 527.80)
[process_manager-1] [navsat_transform_node-6] [INFO] [1772609609.442036845] [navsat_transform]: Datum UTM coordinate is (48R, 402845.49, 3404335.47)
[process_manager-1] [component_container_isolated-1] [INFO] [1772609609.462515767] [controller_server]: [MPPI] optimize() finished. fail_flag = 0
[process_manager-1] [component_container_isolated-1] [INFO] [1772609609.462886805] [controller_server]: [MPPI] Applied savitskyGolayFilter()
[process_manager-1] [component_container_isolated-1] [INFO] [1772609609.462943586] [controller_server]: [MPPI] Output control: vx=0.061, vy=0.000, wz=0.044
[process_manager-1] [component_container_isolated-1] [INFO] [1772609609.462971942] [controller_server]: [MPPI] === evalControl() complete ===
[process_manager-1] [component_container_isolated-1] [WARN] [1772609609.463720095] [controller_server]: Control loop missed its desired rate of 30.0000Hz
[process_manager-1] [component_container_isolated-1] [INFO] [1772609609.515549372] [controller_server]: [MPPI] === evalControl() called ===
[process_manager-1] [component_container_isolated-1] [INFO] [1772609609.515656968] [controller_server]: Robot pose: (-0.34, 0.00, 0.00), speed: (0.01, 0.00, -0.00)
[process_manager-1] [component_container_isolated-1] [INFO] [1772609609.515679412] [controller_server]: Plan size: 60
[process_manager-1] [component_container_isolated-1] [INFO] [1772609609.515700413] [controller_server]: [MPPI] prepare() done. critics_data_.fail_flag = 0
[process_manager-1] [component_container_isolated-1] [INFO] [1772609609.515726318] [controller_server]: [MPPI] Running optimize() iteration #0
[process_manager-1] [component_container_isolated-1] [INFO] [1772609609.567190568] [controller_server]: [MPPI] optimize() finished. fail_flag = 0
[process_manager-1] [component_container_isolated-1] [INFO] [1772609609.567508425] [controller_server]: [MPPI] Applied savitskyGolayFilter()
[process_manager-1] [component_container_isolated-1] [INFO] [1772609609.567525896] [controller_server]: [MPPI] Output control: vx=0.065, vy=0.000, wz=0.045
[process_manager-1] [component_container_isolated-1] [INFO] [1772609609.567549796] [controller_server]: [MPPI] === evalControl() complete ===
[process_manager-1] [component_container_isolated-1] [WARN] [1772609609.568250596] [controller_server]: Control loop missed its desired rate of 30.0000Hz
[process_manager-1] [component_container_isolated-1] [INFO] [1772609609.608994373] [controller_server]: [MPPI] === evalControl() called ===
[process_manager-1] [component_container_isolated-1] [INFO] [1772609609.609036566] [controller_server]: Robot pose: (-0.34, 0.00, -0.00), speed: (0.02, 0.01, -0.00)
[process_manager-1] [component_container_isolated-1] [INFO] [1772609609.609048735] [controller_server]: Plan size: 60
[process_manager-1] [component_container_isolated-1] [INFO] [1772609609.609058616] [controller_server]: [MPPI] prepare() done. critics_data_.fail_flag = 0
[process_manager-1] [component_container_isolated-1] [INFO] [1772609609.609089967] [controller_server]: [MPPI] Running optimize() iteration #0
[process_manager-1] [component_container_isolated-1] [INFO] [1772609609.657321076] [controller_server]: [MPPI] optimize() finished. fail_flag = 0
[process_manager-1] [component_container_isolated-1] [INFO] [1772609609.657731410] [controller_server]: [MPPI] Applied savitskyGolayFilter()
[process_manager-1] [component_container_isolated-1] [INFO] [1772609609.657853848] [controller_server]: [MPPI] Output control: vx=0.071, vy=0.000, wz=0.044
[process_manager-1] [component_container_isolated-1] [INFO] [1772609609.657892985] [controller_server]: [MPPI] === evalControl() complete ===
[process_manager-1] [component_container_isolated-1] [WARN] [1772609609.658534564] [controller_server]: Control loop missed its desired rate of 30.0000Hz
[process_manager-1] [component_container_isolated-1] [INFO] [1772609609.710299247] [controller_server]: [MPPI] === evalControl() called ===
[process_manager-1] [component_container_isolated-1] [INFO] [1772609609.710460137] [controller_server]: Robot pose: (-0.34, 0.00, 0.00), speed: (0.02, 0.00, -0.00)
[process_manager-1] [component_container_isolated-1] [INFO] [1772609609.710489368] [controller_server]: Plan size: 60
[process_manager-1] [component_container_isolated-1] [INFO] [1772609609.710520324] [controller_server]: [MPPI] prepare() done. critics_data_.fail_flag = 0
[process_manager-1] [component_container_isolated-1] [INFO] [1772609609.710534591] [controller_server]: [MPPI] Running optimize() iteration #0
[process_manager-1] [component_container_isolated-1] [INFO] [1772609609.774873364] [controller_server]: [MPPI] optimize() finished. fail_flag = 0
[process_manager-1] [component_container_isolated-1] [INFO] [1772609609.775133143] [controller_server]: [MPPI] Applied savitskyGolayFilter()
[process_manager-1] [component_container_isolated-1] [INFO] [1772609609.775153398] [controller_server]: [MPPI] Output control: vx=0.071, vy=0.000, wz=0.043
[process_manager-1] [component_container_isolated-1] [INFO] [1772609609.775177850] [controller_server]: [MPPI] === evalControl() complete ===
[process_manager-1] [component_container_isolated-1] [WARN] [1772609609.775998295] [controller_server]: Control loop missed its desired rate of 30.0000Hz
[process_manager-1] [component_container_isolated-1] [INFO] [1772609609.817867789] [controller_server]: [MPPI] === evalControl() called ===
[process_manager-1] [component_container_isolated-1] [INFO] [1772609609.818331962] [controller_server]: Robot pose: (-0.34, 0.00, 0.00), speed: (0.02, 0.00, 0.00)
[process_manager-1] [component_container_isolated-1] [INFO] [1772609609.818381186] [controller_server]: Plan size: 60
[process_manager-1] [component_container_isolated-1] [INFO] [1772609609.818461564] [controller_server]: [MPPI] prepare() done. critics_data_.fail_flag = 0
[process_manager-1] [component_container_isolated-1] [INFO] [1772609609.818488159] [controller_server]: [MPPI] Running optimize() iteration #0
[process_manager-1] [component_container_isolated-1] [INFO] [1772609609.884594200] [controller_server]: [MPPI] optimize() finished. fail_flag = 0
[process_manager-1] [component_container_isolated-1] [INFO] [1772609609.884851899] [controller_server]: [MPPI] Applied savitskyGolayFilter()
[process_manager-1] [component_container_isolated-1] [INFO] [1772609609.884874814] [controller_server]: [MPPI] Output control: vx=0.069, vy=0.000, wz=0.045
[process_manager-1] [component_container_isolated-1] [INFO] [1772609609.884903520] [controller_server]: [MPPI] === evalControl() complete ===
[process_manager-1] [component_container_isolated-1] [WARN] [1772609609.885994858] [controller_server]: Control loop missed its desired rate of 30.0000Hz
[process_manager-1] [component_container_isolated-1] [INFO] [1772609609.948016931] [controller_server]: [MPPI] === evalControl() called ===
[process_manager-1] [component_container_isolated-1] [INFO] [1772609609.948070178] [controller_server]: Robot pose: (-0.33, 0.00, 0.00), speed: (0.02, 0.00, -0.00)
[process_manager-1] [component_container_isolated-1] [INFO] [1772609609.948086253] [controller_server]: Plan size: 60
[process_manager-1] [component_container_isolated-1] [INFO] [1772609609.948099676] [controller_server]: [MPPI] prepare() done. critics_data_.fail_flag = 0
[process_manager-1] [component_container_isolated-1] [INFO] [1772609609.948106530] [controller_server]: [MPPI] Running optimize() iteration #0
[process_manager-1] [component_container_isolated-1] [INFO] [1772609610.004839002] [controller_server]: [MPPI] optimize() finished. fail_flag = 0
[process_manager-1] [component_container_isolated-1] [INFO] [1772609610.005231149] [controller_server]: [MPPI] Applied savitskyGolayFilter()
[process_manager-1] [component_container_isolated-1] [INFO] [1772609610.005259180] [controller_server]: [MPPI] Output control: vx=0.070, vy=0.000, wz=0.049
[process_manager-1] [component_container_isolated-1] [INFO] [1772609610.005336493] [controller_server]: [MPPI] === evalControl() complete ===
[process_manager-1] [component_container_isolated-1] [WARN] [1772609610.006463801] [controller_server]: Control loop missed its desired rate of 30.0000Hz
[process_manager-1] [component_container_isolated-1] [INFO] [1772609610.017270454] [controller_server]: [MPPI] === evalControl() called ===
[process_manager-1] [component_container_isolated-1] [INFO] [1772609610.017404002] [controller_server]: Robot pose: (-0.33, 0.00, 0.00), speed: (0.01, 0.00, -0.00)
[process_manager-1] [component_container_isolated-1] [INFO] [1772609610.017432740] [controller_server]: Plan size: 60
[process_manager-1] [component_container_isolated-1] [INFO] [1772609610.017465594] [controller_server]: [MPPI] prepare() done. critics_data_.fail_flag = 0
[process_manager-1] [component_container_isolated-1] [INFO] [1772609610.017485765] [controller_server]: [MPPI] Running optimize() iteration #0
[process_manager-1] [component_container_isolated-1] [INFO] [1772609610.070334272] [controller_server]: [MPPI] optimize() finished. fail_flag = 0
[process_manager-1] [component_container_isolated-1] [INFO] [1772609610.070784055] [controller_server]: [MPPI] Applied savitskyGolayFilter()
[process_manager-1] [component_container_isolated-1] [INFO] [1772609610.070840249] [controller_server]: [MPPI] Output control: vx=0.067, vy=0.000, wz=0.046
[process_manager-1] [component_container_isolated-1] [INFO] [1772609610.071030959] [controller_server]: [MPPI] === evalControl() complete ===
[process_manager-1] [component_container_isolated-1] [WARN] [1772609610.073568880] [controller_server]: Control loop missed its desired rate of 30.0000Hz
[process_manager-1] [component_container_isolated-1] [INFO] [1772609610.115169714] [controller_server]: [MPPI] === evalControl() called ===
[process_manager-1] [component_container_isolated-1] [INFO] [1772609610.115271125] [controller_server]: Robot pose: (-0.33, 0.00, 0.00), speed: (0.01, 0.00, -0.00)
[process_manager-1] [component_container_isolated-1] [INFO] [1772609610.115290674] [controller_server]: Plan size: 60
[process_manager-1] [component_container_isolated-1] [INFO] [1772609610.115307196] [controller_server]: [MPPI] prepare() done. critics_data_.fail_flag = 0
[process_manager-1] [component_container_isolated-1] [INFO] [1772609610.115316453] [controller_server]: [MPPI] Running optimize() iteration #0
[process_manager-1] [component_container_isolated-1] [INFO] [1772609610.158980691] [controller_server]: [MPPI] optimize() finished. fail_flag = 0
[process_manager-1] [component_container_isolated-1] [INFO] [1772609610.159177845] [controller_server]: [MPPI] Applied savitskyGolayFilter()
[process_manager-1] [component_container_isolated-1] [INFO] [1772609610.159202751] [controller_server]: [MPPI] Output control: vx=0.065, vy=0.000, wz=0.046
[process_manager-1] [component_container_isolated-1] [INFO] [1772609610.159244891] [controller_server]: [MPPI] === evalControl() complete ===
[process_manager-1] [component_container_isolated-1] [WARN] [1772609610.159676307] [controller_server]: Control loop missed its desired rate of 30.0000Hz
[process_manager-1] [component_container_isolated-1] [INFO] [1772609610.211414354] [controller_server]: [MPPI] === evalControl() called ===
[process_manager-1] [component_container_isolated-1] [INFO] [1772609610.211725562] [controller_server]: Robot pose: (-0.34, 0.00, -0.00), speed: (0.01, 0.00, -0.00)
[process_manager-1] [component_container_isolated-1] [INFO] [1772609610.211815297] [controller_server]: Plan size: 60
[process_manager-1] [component_container_isolated-1] [INFO] [1772609610.211881114] [controller_server]: [MPPI] prepare() done. critics_data_.fail_flag = 0
[process_manager-1] [component_container_isolated-1] [INFO] [1772609610.211912548] [controller_server]: [MPPI] Running optimize() iteration #0
[process_manager-1] [component_container_isolated-1] [INFO] [1772609610.254399958] [controller_server]: [MPPI] optimize() finished. fail_flag = 0
[process_manager-1] [component_container_isolated-1] [INFO] [1772609610.254646217] [controller_server]: [MPPI] Applied savitskyGolayFilter()
[process_manager-1] [component_container_isolated-1] [INFO] [1772609610.254663925] [controller_server]: [MPPI] Output control: vx=0.068, vy=0.000, wz=0.049
[process_manager-1] [component_container_isolated-1] [INFO] [1772609610.254681657] [controller_server]: [MPPI] === evalControl() complete ===
[process_manager-1] [component_container_isolated-1] [WARN] [1772609610.255294432] [controller_server]: Control loop missed its desired rate of 30.0000Hz
[process_manager-1] [component_container_isolated-1] [INFO] [1772609610.317546226] [controller_server]: [MPPI] === evalControl() called ===
[process_manager-1] [component_container_isolated-1] [INFO] [1772609610.317676790] [controller_server]: Robot pose: (-0.34, 0.00, -0.00), speed: (0.01, 0.00, 0.00)
[process_manager-1] [component_container_isolated-1] [INFO] [1772609610.317707993] [controller_server]: Plan size: 60
[process_manager-1] [component_container_isolated-1] [INFO] [1772609610.317743716] [controller_server]: [MPPI] prepare() done. critics_data_.fail_flag = 0
[process_manager-1] [component_container_isolated-1] [INFO] [1772609610.317775467] [controller_server]: [MPPI] Running optimize() iteration #0
[process_manager-1] [component_container_isolated-1] [INFO] [1772609610.363220186] [controller_server]: [MPPI] optimize() finished. fail_flag = 0
[process_manager-1] [component_container_isolated-1] [INFO] [1772609610.363602337] [controller_server]: [MPPI] Applied savitskyGolayFilter()
[process_manager-1] [component_container_isolated-1] [INFO] [1772609610.363635297] [controller_server]: [MPPI] Output control: vx=0.045, vy=0.000, wz=0.041
[process_manager-1] [component_container_isolated-1] [INFO] [1772609610.363660392] [controller_server]: [MPPI] === evalControl() complete ===
[process_manager-1] [component_container_isolated-1] [WARN] [1772609610.364667195] [controller_server]: Control loop missed its desired rate of 30.0000Hz
[process_manager-1] [navsat_transform_node-6] [INFO] [1772609610.402770427] [navsat_transform]: Datum (latitude, longitude, altitude) is (30.77, 103.98, 527.80)
[process_manager-1] [navsat_transform_node-6] [INFO] [1772609610.402926194] [navsat_transform]: Datum UTM coordinate is (48R, 402845.49, 3404335.42)
[process_manager-1] [component_container_isolated-1] [INFO] [1772609610.416239883] [controller_server]: [MPPI] === evalControl() called ===
[process_manager-1] [component_container_isolated-1] [INFO] [1772609610.416380944] [controller_server]: Robot pose: (-0.34, -0.00, -0.00), speed: (0.02, 0.00, 0.00)
[process_manager-1] [component_container_isolated-1] [INFO] [1772609610.416398074] [controller_server]: Plan size: 60
[process_manager-1] [component_container_isolated-1] [INFO] [1772609610.416421065] [controller_server]: [MPPI] prepare() done. critics_data_.fail_flag = 0
[process_manager-1] [component_container_isolated-1] [INFO] [1772609610.416430196] [controller_server]: [MPPI] Running optimize() iteration #0
[process_manager-1] [component_container_isolated-1] [WARN] [1772609610.425009759] [planner_server]: Planner loop missed its desired rate of 20.0000 Hz. Current loop rate is 0.8709 Hz
[process_manager-1] [component_container_isolated-1] [INFO] [1772609610.453324891] [controller_server]: [MPPI] optimize() finished. fail_flag = 0
[process_manager-1] [component_container_isolated-1] [INFO] [1772609610.453450392] [controller_server]: [MPPI] Applied savitskyGolayFilter()
[process_manager-1] [component_container_isolated-1] [INFO] [1772609610.453463985] [controller_server]: [MPPI] Output control: vx=0.040, vy=0.000, wz=0.032
[process_manager-1] [component_container_isolated-1] [INFO] [1772609610.453473625] [controller_server]: [MPPI] === evalControl() complete ===
[process_manager-1] [component_container_isolated-1] [WARN] [1772609610.453954017] [controller_server]: Control loop missed its desired rate of 30.0000Hz
[process_manager-1] [component_container_isolated-1] [INFO] [1772609610.515196798] [controller_server]: [MPPI] === evalControl() called ===
[process_manager-1] [component_container_isolated-1] [INFO] [1772609610.515439797] [controller_server]: Robot pose: (-0.34, -0.00, -0.00), speed: (0.01, 0.00, -0.00)
[process_manager-1] [component_container_isolated-1] [INFO] [1772609610.515466837] [controller_server]: Plan size: 60
[process_manager-1] [component_container_isolated-1] [INFO] [1772609610.515491466] [controller_server]: [MPPI] prepare() done. critics_data_.fail_flag = 0
[process_manager-1] [component_container_isolated-1] [INFO] [1772609610.515503691] [controller_server]: [MPPI] Running optimize() iteration #0
[process_manager-1] [component_container_isolated-1] [INFO] [1772609610.549237179] [controller_server]: [MPPI] optimize() finished. fail_flag = 0
[process_manager-1] [component_container_isolated-1] [INFO] [1772609610.549382574] [controller_server]: [MPPI] Applied savitskyGolayFilter()
[process_manager-1] [component_container_isolated-1] [INFO] [1772609610.549400229] [controller_server]: [MPPI] Output control: vx=0.031, vy=0.000, wz=0.027
[process_manager-1] [component_container_isolated-1] [INFO] [1772609610.549423063] [controller_server]: [MPPI] === evalControl() complete ===
[process_manager-1] [component_container_isolated-1] [WARN] [1772609610.550548205] [controller_server]: Control loop missed its desired rate of 30.0000Hz
[process_manager-1] [component_container_isolated-1] [INFO] [1772609610.550617553] [controller_server]: Passing new path to controller.
[process_manager-1] [component_container_isolated-1] [INFO] [1772609610.613641564] [controller_server]: [MPPI] === evalControl() called ===
[process_manager-1] [component_container_isolated-1] [INFO] [1772609610.613824235] [controller_server]: Robot pose: (-0.34, -0.00, 0.00), speed: (0.00, 0.00, -0.00)
[process_manager-1] [component_container_isolated-1] [INFO] [1772609610.613860088] [controller_server]: Plan size: 50
[process_manager-1] [component_container_isolated-1] [INFO] [1772609610.613896463] [controller_server]: [MPPI] prepare() done. critics_data_.fail_flag = 0
[process_manager-1] [component_container_isolated-1] [INFO] [1772609610.613914968] [controller_server]: [MPPI] Running optimize() iteration #0
[process_manager-1] [component_container_isolated-1] [INFO] [1772609610.647670174] [controller_server]: [MPPI] optimize() finished. fail_flag = 0
[process_manager-1] [component_container_isolated-1] [INFO] [1772609610.647811064] [controller_server]: [MPPI] Applied savitskyGolayFilter()
[process_manager-1] [component_container_isolated-1] [INFO] [1772609610.647826944] [controller_server]: [MPPI] Output control: vx=0.014, vy=0.000, wz=0.012
[process_manager-1] [component_container_isolated-1] [INFO] [1772609610.647841402] [controller_server]: [MPPI] === evalControl() complete ===
[process_manager-1] [component_container_isolated-1] [WARN] [1772609610.648062736] [controller_server]: Control loop missed its desired rate of 30.0000Hz
[process_manager-1] [component_container_isolated-1] [INFO] [1772609610.709355129] [controller_server]: [MPPI] === evalControl() called ===
[process_manager-1] [component_container_isolated-1] [INFO] [1772609610.709396315] [controller_server]: Robot pose: (-0.34, -0.00, 0.00), speed: (0.00, 0.00, -0.00)
[process_manager-1] [component_container_isolated-1] [INFO] [1772609610.709418351] [controller_server]: Plan size: 50
[process_manager-1] [component_container_isolated-1] [INFO] [1772609610.709435404] [controller_server]: [MPPI] prepare() done. critics_data_.fail_flag = 0
[process_manager-1] [component_container_isolated-1] [INFO] [1772609610.709447203] [controller_server]: [MPPI] Running optimize() iteration #0
[process_manager-1] [component_container_isolated-1] [INFO] [1772609610.753714712] [controller_server]: [MPPI] optimize() finished. fail_flag = 0
[process_manager-1] [component_container_isolated-1] [INFO] [1772609610.753841646] [controller_server]: [MPPI] Applied savitskyGolayFilter()
[process_manager-1] [component_container_isolated-1] [INFO] [1772609610.753851961] [controller_server]: [MPPI] Output control: vx=0.010, vy=0.000, wz=0.005
[process_manager-1] [component_container_isolated-1] [INFO] [1772609610.753862367] [controller_server]: [MPPI] === evalControl() complete ===
[process_manager-1] [component_container_isolated-1] [WARN] [1772609610.754097874] [controller_server]: Control loop missed its desired rate of 30.0000Hz
[process_manager-1] [component_container_isolated-1] [INFO] [1772609610.815699997] [controller_server]: [MPPI] === evalControl() called ===
[process_manager-1] [component_container_isolated-1] [INFO] [1772609610.815755284] [controller_server]: Robot pose: (-0.34, -0.00, -0.00), speed: (0.00, -0.00, 0.00)
[process_manager-1] [component_container_isolated-1] [INFO] [1772609610.815784158] [controller_server]: Plan size: 50
[process_manager-1] [component_container_isolated-1] [INFO] [1772609610.815798838] [controller_server]: [MPPI] prepare() done. critics_data_.fail_flag = 0
[process_manager-1] [component_container_isolated-1] [INFO] [1772609610.815808513] [controller_server]: [MPPI] Running optimize() iteration #0
[process_manager-1] [component_container_isolated-1] [INFO] [1772609610.849141038] [controller_server]: [MPPI] optimize() finished. fail_flag = 0
[process_manager-1] [component_container_isolated-1] [INFO] [1772609610.849257627] [controller_server]: [MPPI] Applied savitskyGolayFilter()
[process_manager-1] [component_container_isolated-1] [INFO] [1772609610.849274913] [controller_server]: [MPPI] Output control: vx=-0.032, vy=0.000, wz=0.015
[process_manager-1] [component_container_isolated-1] [INFO] [1772609610.849294478] [controller_server]: [MPPI] === evalControl() complete ===
[process_manager-1] [component_container_isolated-1] [WARN] [1772609610.849652785] [controller_server]: Control loop missed its desired rate of 30.0000Hz
[process_manager-1] [component_container_isolated-1] [INFO] [1772609610.942006188] [controller_server]: [MPPI] === evalControl() called ===
[process_manager-1] [component_container_isolated-1] [INFO] [1772609610.942069805] [controller_server]: Robot pose: (-0.34, -0.00, -0.00), speed: (0.01, -0.00, -0.00)
[process_manager-1] [component_container_isolated-1] [INFO] [1772609610.942093039] [controller_server]: Plan size: 50
[process_manager-1] [component_container_isolated-1] [INFO] [1772609610.942115784] [controller_server]: [MPPI] prepare() done. critics_data_.fail_flag = 0
[process_manager-1] [component_container_isolated-1] [INFO] [1772609610.942177731] [controller_server]: [MPPI] Running optimize() iteration #0
[process_manager-1] [component_container_isolated-1] [INFO] [1772609610.978405723] [controller_server]: [MPPI] optimize() finished. fail_flag = 0
[process_manager-1] [component_container_isolated-1] [INFO] [1772609610.978767649] [controller_server]: [MPPI] Applied savitskyGolayFilter()
[process_manager-1] [component_container_isolated-1] [INFO] [1772609610.978792046] [controller_server]: [MPPI] Output control: vx=-0.046, vy=0.000, wz=0.024
[process_manager-1] [component_container_isolated-1] [INFO] [1772609610.978923118] [controller_server]: [MPPI] === evalControl() complete ===
[process_manager-1] [component_container_isolated-1] [WARN] [1772609610.979415254] [controller_server]: Control loop missed its desired rate of 30.0000Hz
[process_manager-1] [component_container_isolated-1] [INFO] [1772609611.061162035] [controller_server]: [MPPI] === evalControl() called ===
[process_manager-1] [component_container_isolated-1] [INFO] [1772609611.061345448] [controller_server]: Robot pose: (-0.35, -0.00, 0.00), speed: (0.01, -0.00, -0.00)
[process_manager-1] [component_container_isolated-1] [INFO] [1772609611.061900884] [controller_server]: Plan size: 50
[process_manager-1] [component_container_isolated-1] [INFO] [1772609611.061960195] [controller_server]: [MPPI] prepare() done. critics_data_.fail_flag = 0
[process_manager-1] [component_container_isolated-1] [INFO] [1772609611.061977002] [controller_server]: [MPPI] Running optimize() iteration #0
[process_manager-1] [component_container_isolated-1] [INFO] [1772609611.096338116] [controller_server]: [MPPI] optimize() finished. fail_flag = 0
[process_manager-1] [component_container_isolated-1] [INFO] [1772609611.096648035] [controller_server]: [MPPI] Applied savitskyGolayFilter()
[process_manager-1] [component_container_isolated-1] [INFO] [1772609611.096671704] [controller_server]: [MPPI] Output control: vx=-0.050, vy=0.000, wz=0.026
[process_manager-1] [component_container_isolated-1] [INFO] [1772609611.096689514] [controller_server]: [MPPI] === evalControl() complete ===
[process_manager-1] [component_container_isolated-1] [WARN] [1772609611.097513209] [controller_server]: Control loop missed its desired rate of 30.0000Hz
[process_manager-1] [component_container_isolated-1] [INFO] [1772609611.108141545] [controller_server]: [MPPI] === evalControl() called ===
[process_manager-1] [component_container_isolated-1] [INFO] [1772609611.108209847] [controller_server]: Robot pose: (-0.34, -0.00, -0.00), speed: (0.01, -0.00, -0.00)
[process_manager-1] [component_container_isolated-1] [INFO] [1772609611.108237849] [controller_server]: Plan size: 50
[process_manager-1] [component_container_isolated-1] [INFO] [1772609611.108281153] [controller_server]: [MPPI] prepare() done. critics_data_.fail_flag = 0
[process_manager-1] [component_container_isolated-1] [INFO] [1772609611.108292845] [controller_server]: [MPPI] Running optimize() iteration #0
[process_manager-1] [component_container_isolated-1] [INFO] [1772609611.141051895] [controller_server]: [MPPI] optimize() finished. fail_flag = 0
[process_manager-1] [component_container_isolated-1] [INFO] [1772609611.141250619] [controller_server]: [MPPI] Applied savitskyGolayFilter()
[process_manager-1] [component_container_isolated-1] [INFO] [1772609611.141269659] [controller_server]: [MPPI] Output control: vx=-0.058, vy=0.000, wz=0.030
[process_manager-1] [component_container_isolated-1] [INFO] [1772609611.141288328] [controller_server]: [MPPI] === evalControl() complete ===
[process_manager-1] [component_container_isolated-1] [INFO] [1772609611.215272011] [controller_server]: [MPPI] === evalControl() called ===
[process_manager-1] [component_container_isolated-1] [INFO] [1772609611.215356747] [controller_server]: Robot pose: (-0.34, -0.00, -0.00), speed: (0.00, -0.00, -0.00)
[process_manager-1] [component_container_isolated-1] [INFO] [1772609611.215383229] [controller_server]: Plan size: 50
[process_manager-1] [component_container_isolated-1] [INFO] [1772609611.215404827] [controller_server]: [MPPI] prepare() done. critics_data_.fail_flag = 0
[process_manager-1] [component_container_isolated-1] [INFO] [1772609611.215422316] [controller_server]: [MPPI] Running optimize() iteration #0
[process_manager-1] [component_container_isolated-1] [INFO] [1772609611.249243439] [controller_server]: [MPPI] optimize() finished. fail_flag = 0
[process_manager-1] [component_container_isolated-1] [INFO] [1772609611.249690963] [controller_server]: [MPPI] Applied savitskyGolayFilter()
[process_manager-1] [component_container_isolated-1] [INFO] [1772609611.249740042] [controller_server]: [MPPI] Output control: vx=-0.061, vy=0.000, wz=0.033
[process_manager-1] [component_container_isolated-1] [INFO] [1772609611.249807438] [controller_server]: [MPPI] === evalControl() complete ===
[process_manager-1] [component_container_isolated-1] [WARN] [1772609611.251334559] [controller_server]: Control loop missed its desired rate of 30.0000Hz
[process_manager-1] [component_container_isolated-1] [INFO] [1772609611.313283078] [controller_server]: [MPPI] === evalControl() called ===
[process_manager-1] [component_container_isolated-1] [INFO] [1772609611.313386034] [controller_server]: Robot pose: (-0.34, -0.00, -0.00), speed: (0.00, -0.00, 0.00)
[process_manager-1] [component_container_isolated-1] [INFO] [1772609611.313415161] [controller_server]: Plan size: 50
[process_manager-1] [component_container_isolated-1] [INFO] [1772609611.313444852] [controller_server]: [MPPI] prepare() done. critics_data_.fail_flag = 0
[process_manager-1] [component_container_isolated-1] [INFO] [1772609611.313462768] [controller_server]: [MPPI] Running optimize() iteration #0
[process_manager-1] [component_container_isolated-1] [INFO] [1772609611.353665550] [controller_server]: [MPPI] optimize() finished. fail_flag = 0
[process_manager-1] [component_container_isolated-1] [INFO] [1772609611.353887166] [controller_server]: [MPPI] Applied savitskyGolayFilter()
[process_manager-1] [component_container_isolated-1] [INFO] [1772609611.353908037] [controller_server]: [MPPI] Output control: vx=-0.064, vy=0.000, wz=0.034
[process_manager-1] [component_container_isolated-1] [INFO] [1772609611.353928518] [controller_server]: [MPPI] === evalControl() complete ===
[process_manager-1] [component_container_isolated-1] [WARN] [1772609611.354226441] [controller_server]: Control loop missed its desired rate of 30.0000Hz
[process_manager-1] [navsat_transform_node-6] [INFO] [1772609611.413487864] [navsat_transform]: Datum (latitude, longitude, altitude) is (30.77, 103.98, 527.80)
[process_manager-1] [navsat_transform_node-6] [INFO] [1772609611.413648261] [navsat_transform]: Datum UTM coordinate is (48R, 402845.48, 3404335.36)
[process_manager-1] [component_container_isolated-1] [INFO] [1772609611.415336427] [controller_server]: [MPPI] === evalControl() called ===
[process_manager-1] [component_container_isolated-1] [INFO] [1772609611.415377094] [controller_server]: Robot pose: (-0.34, -0.00, 0.00), speed: (-0.00, -0.00, -0.00)
[process_manager-1] [component_container_isolated-1] [INFO] [1772609611.415397249] [controller_server]: Plan size: 50
[process_manager-1] [component_container_isolated-1] [INFO] [1772609611.415413777] [controller_server]: [MPPI] prepare() done. critics_data_.fail_flag = 0
[process_manager-1] [component_container_isolated-1] [INFO] [1772609611.415425531] [controller_server]: [MPPI] Running optimize() iteration #0
[process_manager-1] [component_container_isolated-1] [INFO] [1772609611.442948942] [controller_server]: [MPPI] optimize() finished. fail_flag = 0
[process_manager-1] [component_container_isolated-1] [INFO] [1772609611.443108398] [controller_server]: [MPPI] Applied savitskyGolayFilter()
[process_manager-1] [component_container_isolated-1] [INFO] [1772609611.443124796] [controller_server]: [MPPI] Output control: vx=-0.069, vy=0.000, wz=0.036
[process_manager-1] [component_container_isolated-1] [INFO] [1772609611.443141490] [controller_server]: [MPPI] === evalControl() complete ===
[process_manager-1] [component_container_isolated-1] [WARN] [1772609611.443448966] [controller_server]: Control loop missed its desired rate of 30.0000Hz
[process_manager-1] [component_container_isolated-1] [INFO] [1772609611.515815767] [controller_server]: [MPPI] === evalControl() called ===
[process_manager-1] [component_container_isolated-1] [INFO] [1772609611.516040022] [controller_server]: Robot pose: (-0.34, -0.00, 0.00), speed: (-0.01, -0.00, -0.00)
[process_manager-1] [component_container_isolated-1] [INFO] [1772609611.516080803] [controller_server]: Plan size: 50
[process_manager-1] [component_container_isolated-1] [INFO] [1772609611.516126176] [controller_server]: [MPPI] prepare() done. critics_data_.fail_flag = 0
[process_manager-1] [component_container_isolated-1] [INFO] [1772609611.516148394] [controller_server]: [MPPI] Running optimize() iteration #0
[process_manager-1] [component_container_isolated-1] [INFO] [1772609611.549468544] [controller_server]: [MPPI] optimize() finished. fail_flag = 0
[process_manager-1] [component_container_isolated-1] [INFO] [1772609611.549577483] [controller_server]: [MPPI] Applied savitskyGolayFilter()
[process_manager-1] [component_container_isolated-1] [INFO] [1772609611.549585445] [controller_server]: [MPPI] Output control: vx=-0.072, vy=0.000, wz=0.037
[process_manager-1] [component_container_isolated-1] [INFO] [1772609611.549613355] [controller_server]: [MPPI] === evalControl() complete ===
[process_manager-1] [component_container_isolated-1] [WARN] [1772609611.549888071] [controller_server]: Control loop missed its desired rate of 30.0000Hz
[process_manager-1] [component_container_isolated-1] [INFO] [1772609611.612076584] [controller_server]: [MPPI] === evalControl() called ===
[process_manager-1] [component_container_isolated-1] [INFO] [1772609611.612171390] [controller_server]: Robot pose: (-0.34, 0.00, 0.00), speed: (-0.00, -0.00, -0.00)
[process_manager-1] [component_container_isolated-1] [INFO] [1772609611.612197578] [controller_server]: Plan size: 50
[process_manager-1] [component_container_isolated-1] [INFO] [1772609611.612222835] [controller_server]: [MPPI] prepare() done. critics_data_.fail_flag = 0
[process_manager-1] [component_container_isolated-1] [INFO] [1772609611.612237166] [controller_server]: [MPPI] Running optimize() iteration #0
[process_manager-1] [component_container_isolated-1] [INFO] [1772609611.651870725] [controller_server]: [MPPI] optimize() finished. fail_flag = 0
[process_manager-1] [component_container_isolated-1] [INFO] [1772609611.652042703] [controller_server]: [MPPI] Applied savitskyGolayFilter()
[process_manager-1] [component_container_isolated-1] [INFO] [1772609611.652067499] [controller_server]: [MPPI] Output control: vx=-0.076, vy=0.000, wz=0.040
[process_manager-1] [component_container_isolated-1] [INFO] [1772609611.652083477] [controller_server]: [MPPI] === evalControl() complete ===
[process_manager-1] [component_container_isolated-1] [WARN] [1772609611.653316328] [controller_server]: Control loop missed its desired rate of 30.0000Hz
[process_manager-1] [component_container_isolated-1] [INFO] [1772609611.715030140] [controller_server]: [MPPI] === evalControl() called ===
[process_manager-1] [component_container_isolated-1] [INFO] [1772609611.715123702] [controller_server]: Robot pose: (-0.34, -0.00, 0.00), speed: (-0.00, -0.00, -0.00)
[process_manager-1] [component_container_isolated-1] [INFO] [1772609611.715145730] [controller_server]: Plan size: 50
[process_manager-1] [component_container_isolated-1] [INFO] [1772609611.715167020] [controller_server]: [MPPI] prepare() done. critics_data_.fail_flag = 0
[process_manager-1] [component_container_isolated-1] [INFO] [1772609611.715181262] [controller_server]: [MPPI] Running optimize() iteration #0
[process_manager-1] [component_container_isolated-1] [INFO] [1772609611.745287616] [controller_server]: [MPPI] optimize() finished. fail_flag = 0
[process_manager-1] [component_container_isolated-1] [INFO] [1772609611.745381153] [controller_server]: [MPPI] Applied savitskyGolayFilter()
[process_manager-1] [component_container_isolated-1] [INFO] [1772609611.745390324] [controller_server]: [MPPI] Output control: vx=-0.080, vy=0.000, wz=0.043
[process_manager-1] [component_container_isolated-1] [INFO] [1772609611.745398424] [controller_server]: [MPPI] === evalControl() complete ===
[process_manager-1] [component_container_isolated-1] [WARN] [1772609611.745553343] [controller_server]: Control loop missed its desired rate of 30.0000Hz
[process_manager-1] [component_container_isolated-1] [INFO] [1772609611.817204605] [controller_server]: [MPPI] === evalControl() called ===
[process_manager-1] [component_container_isolated-1] [INFO] [1772609611.817303733] [controller_server]: Robot pose: (-0.34, -0.00, 0.00), speed: (0.00, -0.00, -0.00)
[process_manager-1] [component_container_isolated-1] [INFO] [1772609611.817323424] [controller_server]: Plan size: 50
[process_manager-1] [component_container_isolated-1] [INFO] [1772609611.817444293] [controller_server]: [MPPI] prepare() done. critics_data_.fail_flag = 0
[process_manager-1] [component_container_isolated-1] [INFO] [1772609611.817465636] [controller_server]: [MPPI] Running optimize() iteration #0
[process_manager-1] [component_container_isolated-1] [INFO] [1772609611.857293367] [controller_server]: [MPPI] optimize() finished. fail_flag = 0
[process_manager-1] [component_container_isolated-1] [INFO] [1772609611.857531170] [controller_server]: [MPPI] Applied savitskyGolayFilter()
[process_manager-1] [component_container_isolated-1] [INFO] [1772609611.857554880] [controller_server]: [MPPI] Output control: vx=-0.085, vy=0.000, wz=0.047
[process_manager-1] [component_container_isolated-1] [INFO] [1772609611.857583445] [controller_server]: [MPPI] === evalControl() complete ===
[process_manager-1] [component_container_isolated-1] [WARN] [1772609611.858147186] [controller_server]: Control loop missed its desired rate of 30.0000Hz
[process_manager-1] [component_container_isolated-1] [INFO] [1772609611.911038784] [controller_server]: [MPPI] === evalControl() called ===
[process_manager-1] [component_container_isolated-1] [INFO] [1772609611.911448112] [controller_server]: Robot pose: (-0.34, -0.00, 0.00), speed: (0.00, -0.00, 0.00)
[process_manager-1] [component_container_isolated-1] [INFO] [1772609611.911510971] [controller_server]: Plan size: 50
[process_manager-1] [component_container_isolated-1] [INFO] [1772609611.911572790] [controller_server]: [MPPI] prepare() done. critics_data_.fail_flag = 0
[process_manager-1] [component_container_isolated-1] [INFO] [1772609611.911624836] [controller_server]: [MPPI] Running optimize() iteration #0
[process_manager-1] [component_container_isolated-1] [INFO] [1772609611.965579862] [controller_server]: [MPPI] optimize() finished. fail_flag = 0
[process_manager-1] [component_container_isolated-1] [INFO] [1772609611.966177513] [controller_server]: [MPPI] Applied savitskyGolayFilter()
[process_manager-1] [component_container_isolated-1] [INFO] [1772609611.966245478] [controller_server]: [MPPI] Output control: vx=-0.087, vy=0.000, wz=0.049
[process_manager-1] [component_container_isolated-1] [INFO] [1772609611.966302736] [controller_server]: [MPPI] === evalControl() complete ===
[process_manager-1] [component_container_isolated-1] [WARN] [1772609611.968409766] [controller_server]: Control loop missed its desired rate of 30.0000Hz
[process_manager-1] [component_container_isolated-1] [INFO] [1772609612.092939757] [controller_server]: [MPPI] === evalControl() called ===
[process_manager-1] [component_container_isolated-1] [INFO] [1772609612.093039888] [controller_server]: Robot pose: (-0.34, -0.00, -0.00), speed: (0.00, -0.00, -0.00)
[process_manager-1] [component_container_isolated-1] [INFO] [1772609612.093060321] [controller_server]: Plan size: 50
[process_manager-1] [component_container_isolated-1] [INFO] [1772609612.093086012] [controller_server]: [MPPI] prepare() done. critics_data_.fail_flag = 0
[process_manager-1] [component_container_isolated-1] [INFO] [1772609612.093097403] [controller_server]: [MPPI] Running optimize() iteration #0
[process_manager-1] [component_container_isolated-1] [INFO] [1772609612.141558161] [controller_server]: [MPPI] optimize() finished. fail_flag = 0
[process_manager-1] [component_container_isolated-1] [INFO] [1772609612.141865209] [controller_server]: [MPPI] Applied savitskyGolayFilter()
[process_manager-1] [component_container_isolated-1] [INFO] [1772609612.141891669] [controller_server]: [MPPI] Output control: vx=-0.086, vy=0.000, wz=0.050
[process_manager-1] [component_container_isolated-1] [INFO] [1772609612.141910629] [controller_server]: [MPPI] === evalControl() complete ===
[process_manager-1] [component_container_isolated-1] [WARN] [1772609612.142727574] [controller_server]: Control loop missed its desired rate of 30.0000Hz
[process_manager-1] [component_container_isolated-1] [INFO] [1772609612.245261455] [controller_server]: [MPPI] === evalControl() called ===
[process_manager-1] [component_container_isolated-1] [INFO] [1772609612.245373310] [controller_server]: Robot pose: (-0.34, -0.00, -0.00), speed: (-0.00, -0.00, -0.00)
[process_manager-1] [component_container_isolated-1] [INFO] [1772609612.245397036] [controller_server]: Plan size: 50
[process_manager-1] [component_container_isolated-1] [INFO] [1772609612.245420349] [controller_server]: [MPPI] prepare() done. critics_data_.fail_flag = 0
[process_manager-1] [component_container_isolated-1] [INFO] [1772609612.245431983] [controller_server]: [MPPI] Running optimize() iteration #0
[process_manager-1] [component_container_isolated-1] [INFO] [1772609612.280371529] [controller_server]: [MPPI] optimize() finished. fail_flag = 0
[process_manager-1] [component_container_isolated-1] [INFO] [1772609612.281201283] [controller_server]: [MPPI] Applied savitskyGolayFilter()
[process_manager-1] [component_container_isolated-1] [INFO] [1772609612.281239616] [controller_server]: [MPPI] Output control: vx=-0.088, vy=0.000, wz=0.052
[process_manager-1] [component_container_isolated-1] [INFO] [1772609612.281272790] [controller_server]: [MPPI] === evalControl() complete ===
[process_manager-1] [component_container_isolated-1] [WARN] [1772609612.282587280] [controller_server]: Control loop missed its desired rate of 30.0000Hz
[process_manager-1] [component_container_isolated-1] [INFO] [1772609612.313595036] [controller_server]: [MPPI] === evalControl() called ===
[process_manager-1] [component_container_isolated-1] [INFO] [1772609612.313721672] [controller_server]: Robot pose: (-0.34, -0.00, -0.00), speed: (-0.00, 0.00, -0.00)
[process_manager-1] [component_container_isolated-1] [INFO] [1772609612.313752145] [controller_server]: Plan size: 50
[process_manager-1] [component_container_isolated-1] [INFO] [1772609612.313775144] [controller_server]: [MPPI] prepare() done. critics_data_.fail_flag = 0
[process_manager-1] [component_container_isolated-1] [INFO] [1772609612.313785390] [controller_server]: [MPPI] Running optimize() iteration #0
[process_manager-1] [component_container_isolated-1] [INFO] [1772609612.357125744] [controller_server]: [MPPI] optimize() finished. fail_flag = 0
[process_manager-1] [component_container_isolated-1] [INFO] [1772609612.357395001] [controller_server]: [MPPI] Applied savitskyGolayFilter()
[process_manager-1] [component_container_isolated-1] [INFO] [1772609612.357506571] [controller_server]: [MPPI] Output control: vx=-0.086, vy=0.000, wz=0.050
[process_manager-1] [component_container_isolated-1] [INFO] [1772609612.357531855] [controller_server]: [MPPI] === evalControl() complete ===
[process_manager-1] [component_container_isolated-1] [WARN] [1772609612.357961257] [controller_server]: Control loop missed its desired rate of 30.0000Hz
[process_manager-1] [navsat_transform_node-6] [INFO] [1772609612.403650285] [navsat_transform]: Datum (latitude, longitude, altitude) is (30.77, 103.98, 527.80)
[process_manager-1] [navsat_transform_node-6] [INFO] [1772609612.404009151] [navsat_transform]: Datum UTM coordinate is (48R, 402845.46, 3404335.31)
[process_manager-1] [component_container_isolated-1] [INFO] [1772609612.409989251] [controller_server]: [MPPI] === evalControl() called ===
[process_manager-1] [component_container_isolated-1] [INFO] [1772609612.410043938] [controller_server]: Robot pose: (-0.34, -0.00, -0.00), speed: (-0.00, -0.00, -0.01)
[process_manager-1] [component_container_isolated-1] [INFO] [1772609612.410058767] [controller_server]: Plan size: 50
[process_manager-1] [component_container_isolated-1] [INFO] [1772609612.410108682] [controller_server]: [MPPI] prepare() done. critics_data_.fail_flag = 0
[process_manager-1] [component_container_isolated-1] [INFO] [1772609612.410126165] [controller_server]: [MPPI] Running optimize() iteration #0
[process_manager-1] [component_container_isolated-1] [INFO] [1772609612.455678379] [controller_server]: [MPPI] optimize() finished. fail_flag = 0
[process_manager-1] [component_container_isolated-1] [INFO] [1772609612.455834476] [controller_server]: [MPPI] Applied savitskyGolayFilter()
[process_manager-1] [component_container_isolated-1] [INFO] [1772609612.455849792] [controller_server]: [MPPI] Output control: vx=-0.084, vy=0.000, wz=0.049
[process_manager-1] [component_container_isolated-1] [INFO] [1772609612.455865620] [controller_server]: [MPPI] === evalControl() complete ===
[process_manager-1] [component_container_isolated-1] [WARN] [1772609612.456234315] [controller_server]: Control loop missed its desired rate of 30.0000Hz
[process_manager-1] [component_container_isolated-1] [INFO] [1772609612.518170192] [controller_server]: [MPPI] === evalControl() called ===
[process_manager-1] [component_container_isolated-1] [INFO] [1772609612.518289839] [controller_server]: Robot pose: (-0.35, -0.00, -0.00), speed: (-0.01, -0.00, -0.00)
[process_manager-1] [component_container_isolated-1] [INFO] [1772609612.518317477] [controller_server]: Plan size: 50
[process_manager-1] [component_container_isolated-1] [INFO] [1772609612.518346721] [controller_server]: [MPPI] prepare() done. critics_data_.fail_flag = 0
[process_manager-1] [component_container_isolated-1] [INFO] [1772609612.518358722] [controller_server]: [MPPI] Running optimize() iteration #0
[process_manager-1] [component_container_isolated-1] [INFO] [1772609612.560690643] [controller_server]: [MPPI] optimize() finished. fail_flag = 0
[process_manager-1] [component_container_isolated-1] [INFO] [1772609612.561000228] [controller_server]: [MPPI] Applied savitskyGolayFilter()
[process_manager-1] [component_container_isolated-1] [INFO] [1772609612.561026840] [controller_server]: [MPPI] Output control: vx=-0.082, vy=0.000, wz=0.045
[process_manager-1] [component_container_isolated-1] [INFO] [1772609612.561053217] [controller_server]: [MPPI] === evalControl() complete ===
[process_manager-1] [component_container_isolated-1] [WARN] [1772609612.561581982] [controller_server]: Control loop missed its desired rate of 30.0000Hz
[process_manager-1] [component_container_isolated-1] [WARN] [1772609612.572348418] [planner_server]: Planner loop missed its desired rate of 20.0000 Hz. Current loop rate is 0.9128 Hz
[process_manager-1] [component_container_isolated-1] [INFO] [1772609612.612859870] [controller_server]: [MPPI] === evalControl() called ===
[process_manager-1] [component_container_isolated-1] [INFO] [1772609612.612906698] [controller_server]: Robot pose: (-0.35, -0.00, -0.00), speed: (-0.00, -0.00, 0.01)
[process_manager-1] [component_container_isolated-1] [INFO] [1772609612.612925070] [controller_server]: Plan size: 50
[process_manager-1] [component_container_isolated-1] [INFO] [1772609612.612943338] [controller_server]: [MPPI] prepare() done. critics_data_.fail_flag = 0
[process_manager-1] [component_container_isolated-1] [INFO] [1772609612.612955795] [controller_server]: [MPPI] Running optimize() iteration #0
[process_manager-1] [component_container_isolated-1] [INFO] [1772609612.647151426] [controller_server]: [MPPI] optimize() finished. fail_flag = 0
[process_manager-1] [component_container_isolated-1] [INFO] [1772609612.647427734] [controller_server]: [MPPI] Applied savitskyGolayFilter()
[process_manager-1] [component_container_isolated-1] [INFO] [1772609612.647456781] [controller_server]: [MPPI] Output control: vx=-0.079, vy=0.000, wz=0.044
[process_manager-1] [component_container_isolated-1] [INFO] [1772609612.647472208] [controller_server]: [MPPI] === evalControl() complete ===
[process_manager-1] [component_container_isolated-1] [WARN] [1772609612.648246167] [controller_server]: Control loop missed its desired rate of 30.0000Hz
[process_manager-1] [component_container_isolated-1] [INFO] [1772609612.648355455] [controller_server]: Passing new path to controller.
[process_manager-1] [component_container_isolated-1] [INFO] [1772609612.711305931] [controller_server]: [MPPI] === evalControl() called ===
[process_manager-1] [component_container_isolated-1] [INFO] [1772609612.711423047] [controller_server]: Robot pose: (-0.35, -0.00, -0.00), speed: (0.00, 0.00, -0.00)
[process_manager-1] [component_container_isolated-1] [INFO] [1772609612.711447629] [controller_server]: Plan size: 60
[process_manager-1] [component_container_isolated-1] [INFO] [1772609612.711482975] [controller_server]: [MPPI] prepare() done. critics_data_.fail_flag = 0
[process_manager-1] [component_container_isolated-1] [INFO] [1772609612.711499351] [controller_server]: [MPPI] Running optimize() iteration #0
[process_manager-1] [component_container_isolated-1] [INFO] [1772609612.739411564] [controller_server]: [MPPI] optimize() finished. fail_flag = 0
[process_manager-1] [component_container_isolated-1] [INFO] [1772609612.739511459] [controller_server]: [MPPI] Applied savitskyGolayFilter()
[process_manager-1] [component_container_isolated-1] [INFO] [1772609612.739520635] [controller_server]: [MPPI] Output control: vx=-0.078, vy=0.000, wz=0.012
[process_manager-1] [component_container_isolated-1] [INFO] [1772609612.739551616] [controller_server]: [MPPI] === evalControl() complete ===
[process_manager-1] [component_container_isolated-1] [WARN] [1772609612.739768412] [controller_server]: Control loop missed its desired rate of 30.0000Hz
[process_manager-1] [component_container_isolated-1] [INFO] [1772609612.812096114] [controller_server]: [MPPI] === evalControl() called ===
[process_manager-1] [component_container_isolated-1] [INFO] [1772609612.812217487] [controller_server]: Robot pose: (-0.35, 0.00, -0.00), speed: (0.00, 0.00, 0.01)
[process_manager-1] [component_container_isolated-1] [INFO] [1772609612.812242137] [controller_server]: Plan size: 60
[process_manager-1] [component_container_isolated-1] [INFO] [1772609612.812263071] [controller_server]: [MPPI] prepare() done. critics_data_.fail_flag = 0
[process_manager-1] [component_container_isolated-1] [INFO] [1772609612.812278902] [controller_server]: [MPPI] Running optimize() iteration #0
[process_manager-1] [component_container_isolated-1] [INFO] [1772609612.839296503] [controller_server]: [MPPI] optimize() finished. fail_flag = 0
[process_manager-1] [component_container_isolated-1] [INFO] [1772609612.839470232] [controller_server]: [MPPI] Applied savitskyGolayFilter()
[process_manager-1] [component_container_isolated-1] [INFO] [1772609612.839481807] [controller_server]: [MPPI] Output control: vx=-0.081, vy=0.000, wz=-0.016
[process_manager-1] [component_container_isolated-1] [INFO] [1772609612.839492938] [controller_server]: [MPPI] === evalControl() complete ===
[process_manager-1] [component_container_isolated-1] [WARN] [1772609612.839940448] [controller_server]: Control loop missed its desired rate of 30.0000Hz
[process_manager-1] [component_container_isolated-1] [INFO] [1772609612.913315476] [controller_server]: [MPPI] === evalControl() called ===
[process_manager-1] [component_container_isolated-1] [INFO] [1772609612.913375652] [controller_server]: Robot pose: (-0.35, 0.00, 0.00), speed: (0.01, 0.00, 0.00)
[process_manager-1] [component_container_isolated-1] [INFO] [1772609612.913398471] [controller_server]: Plan size: 60
[process_manager-1] [component_container_isolated-1] [INFO] [1772609612.913419609] [controller_server]: [MPPI] prepare() done. critics_data_.fail_flag = 0
[process_manager-1] [component_container_isolated-1] [INFO] [1772609612.913432320] [controller_server]: [MPPI] Running optimize() iteration #0
[process_manager-1] [component_container_isolated-1] [INFO] [1772609612.947080438] [controller_server]: [MPPI] optimize() finished. fail_flag = 0
[process_manager-1] [component_container_isolated-1] [INFO] [1772609612.947214073] [controller_server]: [MPPI] Applied savitskyGolayFilter()
[process_manager-1] [component_container_isolated-1] [INFO] [1772609612.947225343] [controller_server]: [MPPI] Output control: vx=-0.087, vy=0.000, wz=-0.040
[process_manager-1] [component_container_isolated-1] [INFO] [1772609612.947238964] [controller_server]: [MPPI] === evalControl() complete ===
[process_manager-1] [component_container_isolated-1] [WARN] [1772609612.947640061] [controller_server]: Control loop missed its desired rate of 30.0000Hz
[process_manager-1] [component_container_isolated-1] [INFO] [1772609613.082058784] [controller_server]: [MPPI] === evalControl() called ===
[process_manager-1] [component_container_isolated-1] [INFO] [1772609613.082144785] [controller_server]: Robot pose: (-0.35, 0.00, 0.00), speed: (0.01, 0.00, 0.01)
[process_manager-1] [component_container_isolated-1] [INFO] [1772609613.082181305] [controller_server]: Plan size: 60
[process_manager-1] [component_container_isolated-1] [INFO] [1772609613.082204665] [controller_server]: [MPPI] prepare() done. critics_data_.fail_flag = 0
[process_manager-1] [component_container_isolated-1] [INFO] [1772609613.082217759] [controller_server]: [MPPI] Running optimize() iteration #0
[process_manager-1] [component_container_isolated-1] [INFO] [1772609613.117558443] [controller_server]: [MPPI] optimize() finished. fail_flag = 0
[process_manager-1] [component_container_isolated-1] [INFO] [1772609613.117714114] [controller_server]: [MPPI] Applied savitskyGolayFilter()
[process_manager-1] [component_container_isolated-1] [INFO] [1772609613.117729076] [controller_server]: [MPPI] Output control: vx=-0.094, vy=0.000, wz=-0.063
[process_manager-1] [component_container_isolated-1] [INFO] [1772609613.117801841] [controller_server]: [MPPI] === evalControl() complete ===
[process_manager-1] [component_container_isolated-1] [WARN] [1772609613.118115213] [controller_server]: Control loop missed its desired rate of 30.0000Hz
[process_manager-1] [component_container_isolated-1] [INFO] [1772609613.210401055] [controller_server]: [MPPI] === evalControl() called ===
[process_manager-1] [component_container_isolated-1] [INFO] [1772609613.210486797] [controller_server]: Robot pose: (-0.34, 0.00, 0.00), speed: (0.01, 0.00, 0.00)
[process_manager-1] [component_container_isolated-1] [INFO] [1772609613.210518569] [controller_server]: Plan size: 60
[process_manager-1] [component_container_isolated-1] [INFO] [1772609613.210544256] [controller_server]: [MPPI] prepare() done. critics_data_.fail_flag = 0
[process_manager-1] [component_container_isolated-1] [INFO] [1772609613.210557114] [controller_server]: [MPPI] Running optimize() iteration #0
[process_manager-1] [component_container_isolated-1] [INFO] [1772609613.242660401] [controller_server]: [MPPI] optimize() finished. fail_flag = 0
[process_manager-1] [component_container_isolated-1] [INFO] [1772609613.242807004] [controller_server]: [MPPI] Applied savitskyGolayFilter()
[process_manager-1] [component_container_isolated-1] [INFO] [1772609613.242826225] [controller_server]: [MPPI] Output control: vx=-0.099, vy=0.000, wz=-0.081
[process_manager-1] [component_container_isolated-1] [INFO] [1772609613.242841868] [controller_server]: [MPPI] === evalControl() complete ===
[process_manager-1] [component_container_isolated-1] [WARN] [1772609613.243138181] [controller_server]: Control loop missed its desired rate of 30.0000Hz
[process_manager-1] [component_container_isolated-1] [INFO] [1772609613.314442041] [controller_server]: [MPPI] === evalControl() called ===
[process_manager-1] [component_container_isolated-1] [INFO] [1772609613.314490293] [controller_server]: Robot pose: (-0.34, -0.00, 0.00), speed: (0.01, 0.01, 0.01)
[process_manager-1] [component_container_isolated-1] [INFO] [1772609613.314539348] [controller_server]: Plan size: 60
[process_manager-1] [component_container_isolated-1] [INFO] [1772609613.314549742] [controller_server]: [MPPI] prepare() done. critics_data_.fail_flag = 0
[process_manager-1] [component_container_isolated-1] [INFO] [1772609613.314556477] [controller_server]: [MPPI] Running optimize() iteration #0
[process_manager-1] [component_container_isolated-1] [INFO] [1772609613.341388371] [controller_server]: [MPPI] optimize() finished. fail_flag = 0
[process_manager-1] [component_container_isolated-1] [INFO] [1772609613.341531845] [controller_server]: [MPPI] Applied savitskyGolayFilter()
[process_manager-1] [component_container_isolated-1] [INFO] [1772609613.341543870] [controller_server]: [MPPI] Output control: vx=-0.107, vy=0.000, wz=-0.095
[process_manager-1] [component_container_isolated-1] [INFO] [1772609613.341557175] [controller_server]: [MPPI] === evalControl() complete ===
[process_manager-1] [component_container_isolated-1] [WARN] [1772609613.341907622] [controller_server]: Control loop missed its desired rate of 30.0000Hz
[process_manager-1] [component_container_isolated-1] [INFO] [1772609613.413111069] [controller_server]: [MPPI] === evalControl() called ===
[process_manager-1] [component_container_isolated-1] [INFO] [1772609613.413193986] [controller_server]: Robot pose: (-0.34, 0.00, 0.00), speed: (0.01, 0.01, 0.00)
[process_manager-1] [component_container_isolated-1] [INFO] [1772609613.413207556] [controller_server]: Plan size: 60
[process_manager-1] [component_container_isolated-1] [INFO] [1772609613.413220896] [controller_server]: [MPPI] prepare() done. critics_data_.fail_flag = 0
[process_manager-1] [component_container_isolated-1] [INFO] [1772609613.413228511] [controller_server]: [MPPI] Running optimize() iteration #0
[process_manager-1] [navsat_transform_node-6] [INFO] [1772609613.443206960] [navsat_transform]: Datum (latitude, longitude, altitude) is (30.77, 103.98, 527.80)
[process_manager-1] [navsat_transform_node-6] [INFO] [1772609613.443326199] [navsat_transform]: Datum UTM coordinate is (48R, 402845.46, 3404335.29)
[process_manager-1] [component_container_isolated-1] [INFO] [1772609613.446681088] [controller_server]: [MPPI] optimize() finished. fail_flag = 0
[process_manager-1] [component_container_isolated-1] [INFO] [1772609613.446801715] [controller_server]: [MPPI] Applied savitskyGolayFilter()
[process_manager-1] [component_container_isolated-1] [INFO] [1772609613.446812124] [controller_server]: [MPPI] Output control: vx=-0.116, vy=0.000, wz=-0.108
[process_manager-1] [component_container_isolated-1] [INFO] [1772609613.446821859] [controller_server]: [MPPI] === evalControl() complete ===
[process_manager-1] [component_container_isolated-1] [WARN] [1772609613.447065597] [controller_server]: Control loop missed its desired rate of 30.0000Hz
[process_manager-1] [component_container_isolated-1] [INFO] [1772609613.508346908] [controller_server]: [MPPI] === evalControl() called ===
[process_manager-1] [component_container_isolated-1] [INFO] [1772609613.508404044] [controller_server]: Robot pose: (-0.34, 0.00, 0.00), speed: (0.00, 0.00, 0.00)
[process_manager-1] [component_container_isolated-1] [INFO] [1772609613.508429229] [controller_server]: Plan size: 60
[process_manager-1] [component_container_isolated-1] [INFO] [1772609613.508451451] [controller_server]: [MPPI] prepare() done. critics_data_.fail_flag = 0
[process_manager-1] [component_container_isolated-1] [INFO] [1772609613.508472294] [controller_server]: [MPPI] Running optimize() iteration #0
[process_manager-1] [component_container_isolated-1] [INFO] [1772609613.540383769] [controller_server]: [MPPI] optimize() finished. fail_flag = 0
[process_manager-1] [component_container_isolated-1] [INFO] [1772609613.540551374] [controller_server]: [MPPI] Applied savitskyGolayFilter()
[process_manager-1] [component_container_isolated-1] [INFO] [1772609613.540573087] [controller_server]: [MPPI] Output control: vx=-0.126, vy=0.000, wz=-0.120
[process_manager-1] [component_container_isolated-1] [INFO] [1772609613.540590660] [controller_server]: [MPPI] === evalControl() complete ===
[process_manager-1] [component_container_isolated-1] [WARN] [1772609613.541093471] [controller_server]: Control loop missed its desired rate of 30.0000Hz
[process_manager-1] [component_container_isolated-1] [INFO] [1772609613.612698678] [controller_server]: [MPPI] === evalControl() called ===
[process_manager-1] [component_container_isolated-1] [INFO] [1772609613.612754394] [controller_server]: Robot pose: (-0.34, -0.00, 0.00), speed: (-0.00, -0.00, 0.00)
[process_manager-1] [component_container_isolated-1] [INFO] [1772609613.612795237] [controller_server]: Plan size: 60
[process_manager-1] [component_container_isolated-1] [INFO] [1772609613.612818227] [controller_server]: [MPPI] prepare() done. critics_data_.fail_flag = 0
[process_manager-1] [component_container_isolated-1] [INFO] [1772609613.612831586] [controller_server]: [MPPI] Running optimize() iteration #0
[process_manager-1] [component_container_isolated-1] [INFO] [1772609613.647807374] [controller_server]: [MPPI] optimize() finished. fail_flag = 0
[process_manager-1] [component_container_isolated-1] [INFO] [1772609613.647970662] [controller_server]: [MPPI] Applied savitskyGolayFilter()
[process_manager-1] [component_container_isolated-1] [INFO] [1772609613.647984689] [controller_server]: [MPPI] Output control: vx=-0.139, vy=0.000, wz=-0.130
[process_manager-1] [component_container_isolated-1] [INFO] [1772609613.648001220] [controller_server]: [MPPI] === evalControl() complete ===
[process_manager-1] [component_container_isolated-1] [WARN] [1772609613.648332940] [controller_server]: Control loop missed its desired rate of 30.0000Hz
[process_manager-1] [component_container_isolated-1] [INFO] [1772609613.709977091] [controller_server]: [MPPI] === evalControl() called ===
[process_manager-1] [component_container_isolated-1] [INFO] [1772609613.710063910] [controller_server]: Robot pose: (-0.34, 0.00, 0.00), speed: (-0.01, 0.00, 0.00)
[process_manager-1] [component_container_isolated-1] [INFO] [1772609613.710089142] [controller_server]: Plan size: 60
[process_manager-1] [component_container_isolated-1] [INFO] [1772609613.710110669] [controller_server]: [MPPI] prepare() done. critics_data_.fail_flag = 0
[process_manager-1] [component_container_isolated-1] [INFO] [1772609613.710124852] [controller_server]: [MPPI] Running optimize() iteration #0
[process_manager-1] [component_container_isolated-1] [INFO] [1772609613.743731841] [controller_server]: [MPPI] optimize() finished. fail_flag = 0
[process_manager-1] [component_container_isolated-1] [INFO] [1772609613.743884691] [controller_server]: [MPPI] Applied savitskyGolayFilter()
[process_manager-1] [component_container_isolated-1] [INFO] [1772609613.743928648] [controller_server]: [MPPI] Output control: vx=-0.157, vy=0.000, wz=-0.143
[process_manager-1] [component_container_isolated-1] [INFO] [1772609613.743944986] [controller_server]: [MPPI] === evalControl() complete ===
[process_manager-1] [component_container_isolated-1] [WARN] [1772609613.744295920] [controller_server]: Control loop missed its desired rate of 30.0000Hz
[process_manager-1] [component_container_isolated-1] [INFO] [1772609613.816266786] [controller_server]: [MPPI] === evalControl() called ===
[process_manager-1] [component_container_isolated-1] [INFO] [1772609613.816468149] [controller_server]: Robot pose: (-0.34, 0.00, 0.00), speed: (-0.01, 0.00, -0.00)
[process_manager-1] [component_container_isolated-1] [INFO] [1772609613.816510952] [controller_server]: Plan size: 60
[process_manager-1] [component_container_isolated-1] [INFO] [1772609613.816558753] [controller_server]: [MPPI] prepare() done. critics_data_.fail_flag = 0
[process_manager-1] [component_container_isolated-1] [INFO] [1772609613.816581240] [controller_server]: [MPPI] Running optimize() iteration #0
[process_manager-1] [component_container_isolated-1] [INFO] [1772609613.854996988] [controller_server]: [MPPI] optimize() finished. fail_flag = 0
[process_manager-1] [component_container_isolated-1] [INFO] [1772609613.855121423] [controller_server]: [MPPI] Applied savitskyGolayFilter()
[process_manager-1] [component_container_isolated-1] [INFO] [1772609613.855130615] [controller_server]: [MPPI] Output control: vx=-0.176, vy=0.000, wz=-0.152
[process_manager-1] [component_container_isolated-1] [INFO] [1772609613.855140993] [controller_server]: [MPPI] === evalControl() complete ===
[process_manager-1] [component_container_isolated-1] [WARN] [1772609613.855425453] [controller_server]: Control loop missed its desired rate of 30.0000Hz
[process_manager-1] [component_container_isolated-1] [INFO] [1772609613.918137169] [controller_server]: [MPPI] === evalControl() called ===
[process_manager-1] [component_container_isolated-1] [INFO] [1772609613.918227441] [controller_server]: Robot pose: (-0.35, 0.00, 0.00), speed: (-0.02, 0.00, -0.01)
[process_manager-1] [component_container_isolated-1] [INFO] [1772609613.918250189] [controller_server]: Plan size: 60
[process_manager-1] [component_container_isolated-1] [INFO] [1772609613.918275297] [controller_server]: [MPPI] prepare() done. critics_data_.fail_flag = 0
[process_manager-1] [component_container_isolated-1] [INFO] [1772609613.918289482] [controller_server]: [MPPI] Running optimize() iteration #0
[process_manager-1] [component_container_isolated-1] [INFO] [1772609613.953689204] [controller_server]: [MPPI] optimize() finished. fail_flag = 0
[process_manager-1] [component_container_isolated-1] [INFO] [1772609613.953822210] [controller_server]: [MPPI] Applied savitskyGolayFilter()
[process_manager-1] [component_container_isolated-1] [INFO] [1772609613.953832963] [controller_server]: [MPPI] Output control: vx=-0.192, vy=0.000, wz=-0.163
[process_manager-1] [component_container_isolated-1] [INFO] [1772609613.953843398] [controller_server]: [MPPI] === evalControl() complete ===
[process_manager-1] [component_container_isolated-1] [WARN] [1772609613.954136165] [controller_server]: Control loop missed its desired rate of 30.0000Hz
[process_manager-1] [component_container_isolated-1] [INFO] [1772609614.016270213] [controller_server]: [MPPI] === evalControl() called ===
[process_manager-1] [component_container_isolated-1] [INFO] [1772609614.016493162] [controller_server]: Robot pose: (-0.35, -0.00, 0.00), speed: (-0.02, -0.01, -0.02)
[process_manager-1] [component_container_isolated-1] [INFO] [1772609614.016522273] [controller_server]: Plan size: 60
[process_manager-1] [component_container_isolated-1] [INFO] [1772609614.016552959] [controller_server]: [MPPI] prepare() done. critics_data_.fail_flag = 0
[process_manager-1] [component_container_isolated-1] [INFO] [1772609614.016570240] [controller_server]: [MPPI] Running optimize() iteration #0
[process_manager-1] [component_container_isolated-1] [INFO] [1772609614.062708906] [controller_server]: [MPPI] optimize() finished. fail_flag = 0
[process_manager-1] [component_container_isolated-1] [INFO] [1772609614.062989969] [controller_server]: [MPPI] Applied savitskyGolayFilter()
[process_manager-1] [component_container_isolated-1] [INFO] [1772609614.063020694] [controller_server]: [MPPI] Output control: vx=-0.206, vy=0.000, wz=-0.173
[process_manager-1] [component_container_isolated-1] [INFO] [1772609614.063039747] [controller_server]: [MPPI] === evalControl() complete ===
[process_manager-1] [component_container_isolated-1] [WARN] [1772609614.063537735] [controller_server]: Control loop missed its desired rate of 30.0000Hz
[process_manager-1] [component_container_isolated-1] [INFO] [1772609614.115703852] [controller_server]: [MPPI] === evalControl() called ===
[process_manager-1] [component_container_isolated-1] [INFO] [1772609614.115973134] [controller_server]: Robot pose: (-0.36, -0.00, -0.00), speed: (-0.03, -0.01, -0.03)
[process_manager-1] [component_container_isolated-1] [INFO] [1772609614.116001074] [controller_server]: Plan size: 60
[process_manager-1] [component_container_isolated-1] [INFO] [1772609614.116029255] [controller_server]: [MPPI] prepare() done. critics_data_.fail_flag = 0
[process_manager-1] [component_container_isolated-1] [INFO] [1772609614.116039923] [controller_server]: [MPPI] Running optimize() iteration #0
[process_manager-1] [component_container_isolated-1] [INFO] [1772609614.163409058] [controller_server]: [MPPI] optimize() finished. fail_flag = 0
[process_manager-1] [component_container_isolated-1] [INFO] [1772609614.164058895] [controller_server]: [MPPI] Applied savitskyGolayFilter()
[process_manager-1] [component_container_isolated-1] [INFO] [1772609614.164137635] [controller_server]: [MPPI] Output control: vx=-0.217, vy=0.000, wz=-0.181
[process_manager-1] [component_container_isolated-1] [INFO] [1772609614.164198755] [controller_server]: [MPPI] === evalControl() complete ===
[process_manager-1] [component_container_isolated-1] [WARN] [1772609614.170004038] [controller_server]: Control loop missed its desired rate of 30.0000Hz
[process_manager-1] [component_container_isolated-1] [INFO] [1772609614.253684311] [controller_server]: [MPPI] === evalControl() called ===
[process_manager-1] [component_container_isolated-1] [INFO] [1772609614.253859795] [controller_server]: Robot pose: (-0.36, -0.00, -0.00), speed: (-0.03, -0.01, -0.04)
[process_manager-1] [component_container_isolated-1] [INFO] [1772609614.253895805] [controller_server]: Plan size: 60
[process_manager-1] [component_container_isolated-1] [INFO] [1772609614.254845872] [controller_server]: [MPPI] prepare() done. critics_data_.fail_flag = 0
[process_manager-1] [component_container_isolated-1] [INFO] [1772609614.254891010] [controller_server]: [MPPI] Running optimize() iteration #0
[process_manager-1] [component_container_isolated-1] [INFO] [1772609614.300860826] [controller_server]: [MPPI] optimize() finished. fail_flag = 0
[process_manager-1] [component_container_isolated-1] [INFO] [1772609614.301185369] [controller_server]: [MPPI] Applied savitskyGolayFilter()
[process_manager-1] [component_container_isolated-1] [INFO] [1772609614.301273807] [controller_server]: [MPPI] Output control: vx=-0.225, vy=0.000, wz=-0.189
[process_manager-1] [component_container_isolated-1] [INFO] [1772609614.301313452] [controller_server]: [MPPI] === evalControl() complete ===
[process_manager-1] [component_container_isolated-1] [WARN] [1772609614.302231205] [controller_server]: Control loop missed its desired rate of 30.0000Hz
[process_manager-1] [component_container_isolated-1] [INFO] [1772609614.313689187] [controller_server]: [MPPI] === evalControl() called ===
[process_manager-1] [component_container_isolated-1] [INFO] [1772609614.313887235] [controller_server]: Robot pose: (-0.36, -0.00, -0.01), speed: (-0.03, -0.01, -0.04)
[process_manager-1] [component_container_isolated-1] [INFO] [1772609614.313955346] [controller_server]: Plan size: 60
[process_manager-1] [component_container_isolated-1] [INFO] [1772609614.313993910] [controller_server]: [MPPI] prepare() done. critics_data_.fail_flag = 0
[process_manager-1] [component_container_isolated-1] [INFO] [1772609614.314012142] [controller_server]: [MPPI] Running optimize() iteration #0
[process_manager-1] [component_container_isolated-1] [INFO] [1772609614.358508550] [controller_server]: [MPPI] optimize() finished. fail_flag = 0
[process_manager-1] [component_container_isolated-1] [INFO] [1772609614.358724905] [controller_server]: [MPPI] Applied savitskyGolayFilter()
[process_manager-1] [component_container_isolated-1] [INFO] [1772609614.358780730] [controller_server]: [MPPI] Output control: vx=-0.233, vy=0.000, wz=-0.195
[process_manager-1] [component_container_isolated-1] [INFO] [1772609614.358800929] [controller_server]: [MPPI] === evalControl() complete ===
[process_manager-1] [navsat_transform_node-6] [INFO] [1772609614.382443148] [navsat_transform]: Datum (latitude, longitude, altitude) is (30.77, 103.98, 527.80)
[process_manager-1] [navsat_transform_node-6] [INFO] [1772609614.382572091] [navsat_transform]: Datum UTM coordinate is (48R, 402845.48, 3404335.25)
[process_manager-1] [component_container_isolated-1] [INFO] [1772609614.411135461] [controller_server]: [MPPI] === evalControl() called ===
[process_manager-1] [component_container_isolated-1] [INFO] [1772609614.411744043] [controller_server]: Robot pose: (-0.36, -0.00, -0.01), speed: (-0.02, -0.01, -0.04)
[process_manager-1] [component_container_isolated-1] [INFO] [1772609614.411787014] [controller_server]: Plan size: 60
[process_manager-1] [component_container_isolated-1] [INFO] [1772609614.411810147] [controller_server]: [MPPI] prepare() done. critics_data_.fail_flag = 0
[process_manager-1] [component_container_isolated-1] [INFO] [1772609614.411823550] [controller_server]: [MPPI] Running optimize() iteration #0
[process_manager-1] [component_container_isolated-1] [INFO] [1772609614.476998248] [controller_server]: [MPPI] optimize() finished. fail_flag = 0
[process_manager-1] [component_container_isolated-1] [INFO] [1772609614.477370176] [controller_server]: [MPPI] Applied savitskyGolayFilter()
[process_manager-1] [component_container_isolated-1] [INFO] [1772609614.477416853] [controller_server]: [MPPI] Output control: vx=-0.240, vy=0.000, wz=-0.202
[process_manager-1] [component_container_isolated-1] [INFO] [1772609614.477450025] [controller_server]: [MPPI] === evalControl() complete ===
[process_manager-1] [component_container_isolated-1] [WARN] [1772609614.479086174] [controller_server]: Control loop missed its desired rate of 30.0000Hz
[process_manager-1] [component_container_isolated-1] [INFO] [1772609614.541486664] [controller_server]: [MPPI] === evalControl() called ===
[process_manager-1] [component_container_isolated-1] [INFO] [1772609614.541626547] [controller_server]: Robot pose: (-0.37, 0.00, -0.01), speed: (-0.02, -0.01, -0.04)
[process_manager-1] [component_container_isolated-1] [INFO] [1772609614.541653805] [controller_server]: Plan size: 60
[process_manager-1] [component_container_isolated-1] [INFO] [1772609614.541677813] [controller_server]: [MPPI] prepare() done. critics_data_.fail_flag = 0
[process_manager-1] [component_container_isolated-1] [INFO] [1772609614.541691870] [controller_server]: [MPPI] Running optimize() iteration #0
[process_manager-1] [component_container_isolated-1] [INFO] [1772609614.586636518] [controller_server]: [MPPI] optimize() finished. fail_flag = 0
[process_manager-1] [component_container_isolated-1] [INFO] [1772609614.586994720] [controller_server]: [MPPI] Applied savitskyGolayFilter()
[process_manager-1] [component_container_isolated-1] [INFO] [1772609614.587121269] [controller_server]: [MPPI] Output control: vx=-0.247, vy=0.000, wz=-0.205
[process_manager-1] [component_container_isolated-1] [INFO] [1772609614.587236527] [controller_server]: [MPPI] === evalControl() complete ===
[process_manager-1] [component_container_isolated-1] [WARN] [1772609614.589118123] [controller_server]: Control loop missed its desired rate of 30.0000Hz
[process_manager-1] [component_container_isolated-1] [INFO] [1772609614.611277627] [controller_server]: [MPPI] === evalControl() called ===
[process_manager-1] [component_container_isolated-1] [INFO] [1772609614.611373604] [controller_server]: Robot pose: (-0.37, 0.00, -0.02), speed: (-0.01, -0.01, -0.03)
[process_manager-1] [component_container_isolated-1] [INFO] [1772609614.611397126] [controller_server]: Plan size: 60
[process_manager-1] [component_container_isolated-1] [INFO] [1772609614.611419060] [controller_server]: [MPPI] prepare() done. critics_data_.fail_flag = 0
[process_manager-1] [component_container_isolated-1] [INFO] [1772609614.611431501] [controller_server]: [MPPI] Running optimize() iteration #0
[process_manager-1] [component_container_isolated-1] [INFO] [1772609614.658110177] [controller_server]: [MPPI] optimize() finished. fail_flag = 0
[process_manager-1] [component_container_isolated-1] [INFO] [1772609614.658359042] [controller_server]: [MPPI] Applied savitskyGolayFilter()
[process_manager-1] [component_container_isolated-1] [INFO] [1772609614.658385760] [controller_server]: [MPPI] Output control: vx=-0.252, vy=0.000, wz=-0.206
[process_manager-1] [component_container_isolated-1] [INFO] [1772609614.658407671] [controller_server]: [MPPI] === evalControl() complete ===
[process_manager-1] [component_container_isolated-1] [WARN] [1772609614.659216149] [controller_server]: Control loop missed its desired rate of 30.0000Hz
[process_manager-1] [component_container_isolated-1] [INFO] [1772609614.711119940] [controller_server]: [MPPI] === evalControl() called ===
[process_manager-1] [component_container_isolated-1] [INFO] [1772609614.711195597] [controller_server]: Robot pose: (-0.37, 0.00, -0.02), speed: (-0.01, -0.01, -0.03)
[process_manager-1] [component_container_isolated-1] [INFO] [1772609614.711218047] [controller_server]: Plan size: 60
[process_manager-1] [component_container_isolated-1] [INFO] [1772609614.711239128] [controller_server]: [MPPI] prepare() done. critics_data_.fail_flag = 0
[process_manager-1] [component_container_isolated-1] [INFO] [1772609614.711251870] [controller_server]: [MPPI] Running optimize() iteration #0
[process_manager-1] [component_container_isolated-1] [INFO] [1772609614.757696563] [controller_server]: [MPPI] optimize() finished. fail_flag = 0
[process_manager-1] [component_container_isolated-1] [INFO] [1772609614.757922496] [controller_server]: [MPPI] Applied savitskyGolayFilter()
[process_manager-1] [component_container_isolated-1] [INFO] [1772609614.757986420] [controller_server]: [MPPI] Output control: vx=-0.261, vy=0.000, wz=-0.204
[process_manager-1] [component_container_isolated-1] [INFO] [1772609614.758004958] [controller_server]: [MPPI] === evalControl() complete ===
[process_manager-1] [component_container_isolated-1] [WARN] [1772609614.758343868] [controller_server]: Control loop missed its desired rate of 30.0000Hz
[process_manager-1] [component_container_isolated-1] [WARN] [1772609614.769660532] [planner_server]: Planner loop missed its desired rate of 20.0000 Hz. Current loop rate is 0.8675 Hz
[process_manager-1] [component_container_isolated-1] [INFO] [1772609614.809913025] [controller_server]: [MPPI] === evalControl() called ===
[process_manager-1] [component_container_isolated-1] [INFO] [1772609614.809949956] [controller_server]: Robot pose: (-0.37, 0.00, -0.02), speed: (-0.01, -0.01, -0.03)
[process_manager-1] [component_container_isolated-1] [INFO] [1772609614.809960286] [controller_server]: Plan size: 60
[process_manager-1] [component_container_isolated-1] [INFO] [1772609614.809969643] [controller_server]: [MPPI] prepare() done. critics_data_.fail_flag = 0
[process_manager-1] [component_container_isolated-1] [INFO] [1772609614.809975979] [controller_server]: [MPPI] Running optimize() iteration #0
[process_manager-1] [component_container_isolated-1] [INFO] [1772609614.841119889] [controller_server]: [MPPI] optimize() finished. fail_flag = 0
[process_manager-1] [component_container_isolated-1] [INFO] [1772609614.841483953] [controller_server]: [MPPI] Applied savitskyGolayFilter()
[process_manager-1] [component_container_isolated-1] [INFO] [1772609614.841515408] [controller_server]: [MPPI] Output control: vx=-0.268, vy=0.000, wz=-0.201
[process_manager-1] [component_container_isolated-1] [INFO] [1772609614.841534649] [controller_server]: [MPPI] === evalControl() complete ===
[process_manager-1] [component_container_isolated-1] [WARN] [1772609614.842450238] [controller_server]: Control loop missed its desired rate of 30.0000Hz
[process_manager-1] [component_container_isolated-1] [INFO] [1772609614.842511930] [controller_server]: Passing new path to controller.
[process_manager-1] [component_container_isolated-1] [INFO] [1772609614.915641959] [controller_server]: [MPPI] === evalControl() called ===
[process_manager-1] [component_container_isolated-1] [INFO] [1772609614.915820542] [controller_server]: Robot pose: (-0.37, -0.00, -0.03), speed: (-0.01, -0.01, -0.04)
[process_manager-1] [component_container_isolated-1] [INFO] [1772609614.915893931] [controller_server]: Plan size: 59
[process_manager-1] [component_container_isolated-1] [INFO] [1772609614.915930855] [controller_server]: [MPPI] prepare() done. critics_data_.fail_flag = 0
[process_manager-1] [component_container_isolated-1] [INFO] [1772609614.915947749] [controller_server]: [MPPI] Running optimize() iteration #0
[process_manager-1] [component_container_isolated-1] [INFO] [1772609614.945662065] [controller_server]: [MPPI] optimize() finished. fail_flag = 0
[process_manager-1] [component_container_isolated-1] [INFO] [1772609614.945766824] [controller_server]: [MPPI] Applied savitskyGolayFilter()
[process_manager-1] [component_container_isolated-1] [INFO] [1772609614.945778546] [controller_server]: [MPPI] Output control: vx=-0.274, vy=0.000, wz=-0.201
[process_manager-1] [component_container_isolated-1] [INFO] [1772609614.945787734] [controller_server]: [MPPI] === evalControl() complete ===
[process_manager-1] [component_container_isolated-1] [WARN] [1772609614.946033128] [controller_server]: Control loop missed its desired rate of 30.0000Hz
[process_manager-1] [component_container_isolated-1] [INFO] [1772609615.007430486] [controller_server]: [MPPI] === evalControl() called ===
[process_manager-1] [component_container_isolated-1] [INFO] [1772609615.007495144] [controller_server]: Robot pose: (-0.37, -0.00, -0.03), speed: (-0.03, -0.02, -0.05)
[process_manager-1] [component_container_isolated-1] [INFO] [1772609615.007515836] [controller_server]: Plan size: 60
[process_manager-1] [component_container_isolated-1] [INFO] [1772609615.007534431] [controller_server]: [MPPI] prepare() done. critics_data_.fail_flag = 0
[process_manager-1] [component_container_isolated-1] [INFO] [1772609615.007545476] [controller_server]: [MPPI] Running optimize() iteration #0
[process_manager-1] [component_container_isolated-1] [INFO] [1772609615.038991664] [controller_server]: [MPPI] optimize() finished. fail_flag = 0
[process_manager-1] [component_container_isolated-1] [INFO] [1772609615.039159261] [controller_server]: [MPPI] Applied savitskyGolayFilter()
[process_manager-1] [component_container_isolated-1] [INFO] [1772609615.039204105] [controller_server]: [MPPI] Output control: vx=-0.278, vy=0.000, wz=-0.200
[process_manager-1] [component_container_isolated-1] [INFO] [1772609615.039222059] [controller_server]: [MPPI] === evalControl() complete ===
[process_manager-1] [component_container_isolated-1] [WARN] [1772609615.039518815] [controller_server]: Control loop missed its desired rate of 30.0000Hz
[process_manager-1] [component_container_isolated-1] [INFO] [1772609615.110970869] [controller_server]: [MPPI] === evalControl() called ===
[process_manager-1] [component_container_isolated-1] [INFO] [1772609615.111019262] [controller_server]: Robot pose: (-0.37, -0.00, -0.04), speed: (-0.04, -0.03, -0.07)
[process_manager-1] [component_container_isolated-1] [INFO] [1772609615.111046237] [controller_server]: Plan size: 60
[process_manager-1] [component_container_isolated-1] [INFO] [1772609615.111067287] [controller_server]: [MPPI] prepare() done. critics_data_.fail_flag = 0
[process_manager-1] [component_container_isolated-1] [INFO] [1772609615.111079253] [controller_server]: [MPPI] Running optimize() iteration #0
[process_manager-1] [component_container_isolated-1] [INFO] [1772609615.149341632] [controller_server]: [MPPI] optimize() finished. fail_flag = 0
[process_manager-1] [component_container_isolated-1] [INFO] [1772609615.149550782] [controller_server]: [MPPI] Applied savitskyGolayFilter()
[process_manager-1] [component_container_isolated-1] [INFO] [1772609615.149566654] [controller_server]: [MPPI] Output control: vx=-0.282, vy=0.000, wz=-0.201
[process_manager-1] [component_container_isolated-1] [INFO] [1772609615.149584812] [controller_server]: [MPPI] === evalControl() complete ===
[process_manager-1] [component_container_isolated-1] [WARN] [1772609615.149883478] [controller_server]: Control loop missed its desired rate of 30.0000Hz
[status_reporter-3] [0m[INFO] [1772609615.159707926] [status_reporter]: 车辆恢复运动，速度: 0.2 km/h[0m
[process_manager-1] [component_container_isolated-1] [INFO] [1772609615.211749386] [controller_server]: [MPPI] === evalControl() called ===
[process_manager-1] [component_container_isolated-1] [INFO] [1772609615.211851330] [controller_server]: Robot pose: (-0.39, -0.00, -0.04), speed: (-0.07, -0.04, -0.09)
[process_manager-1] [component_container_isolated-1] [INFO] [1772609615.211873109] [controller_server]: Plan size: 60
[process_manager-1] [component_container_isolated-1] [INFO] [1772609615.211892473] [controller_server]: [MPPI] prepare() done. critics_data_.fail_flag = 0
[process_manager-1] [component_container_isolated-1] [INFO] [1772609615.211905702] [controller_server]: [MPPI] Running optimize() iteration #0
[process_manager-1] [component_container_isolated-1] [INFO] [1772609615.263951396] [controller_server]: [MPPI] optimize() finished. fail_flag = 0
[process_manager-1] [component_container_isolated-1] [INFO] [1772609615.264252240] [controller_server]: [MPPI] Applied savitskyGolayFilter()
[process_manager-1] [component_container_isolated-1] [INFO] [1772609615.264277355] [controller_server]: [MPPI] Output control: vx=-0.285, vy=0.000, wz=-0.207
[process_manager-1] [component_container_isolated-1] [INFO] [1772609615.264298345] [controller_server]: [MPPI] === evalControl() complete ===
[process_manager-1] [component_container_isolated-1] [WARN] [1772609615.265161801] [controller_server]: Control loop missed its desired rate of 30.0000Hz
[process_manager-1] [component_container_isolated-1] [INFO] [1772609615.369255648] [controller_server]: [MPPI] === evalControl() called ===
[process_manager-1] [component_container_isolated-1] [INFO] [1772609615.369575832] [controller_server]: Robot pose: (-0.40, -0.00, -0.06), speed: (-0.08, -0.04, -0.10)
[process_manager-1] [component_container_isolated-1] [INFO] [1772609615.369626677] [controller_server]: Plan size: 60
[process_manager-1] [component_container_isolated-1] [INFO] [1772609615.369693366] [controller_server]: [MPPI] prepare() done. critics_data_.fail_flag = 0
[process_manager-1] [component_container_isolated-1] [INFO] [1772609615.369719111] [controller_server]: [MPPI] Running optimize() iteration #0
[process_manager-1] [navsat_transform_node-6] [INFO] [1772609615.403569730] [navsat_transform]: Datum (latitude, longitude, altitude) is (30.77, 103.98, 527.70)
[process_manager-1] [navsat_transform_node-6] [INFO] [1772609615.403834307] [navsat_transform]: Datum UTM coordinate is (48R, 402845.48, 3404335.18)
[process_manager-1] [component_container_isolated-1] [INFO] [1772609615.421485582] [controller_server]: [MPPI] optimize() finished. fail_flag = 0
[process_manager-1] [component_container_isolated-1] [INFO] [1772609615.421969690] [controller_server]: [MPPI] Applied savitskyGolayFilter()
[process_manager-1] [component_container_isolated-1] [INFO] [1772609615.422027379] [controller_server]: [MPPI] Output control: vx=-0.279, vy=0.000, wz=-0.213
[process_manager-1] [component_container_isolated-1] [INFO] [1772609615.422059375] [controller_server]: [MPPI] === evalControl() complete ===
[process_manager-1] [component_container_isolated-1] [WARN] [1772609615.423470595] [controller_server]: Control loop missed its desired rate of 30.0000Hz
[process_manager-1] [component_container_isolated-1] [INFO] [1772609615.423993265] [controller_server]: [MPPI] === evalControl() called ===
[process_manager-1] [component_container_isolated-1] [INFO] [1772609615.424021229] [controller_server]: Robot pose: (-0.41, -0.00, -0.07), speed: (-0.06, -0.04, -0.09)
[process_manager-1] [component_container_isolated-1] [INFO] [1772609615.424037931] [controller_server]: Plan size: 60
[process_manager-1] [component_container_isolated-1] [INFO] [1772609615.424056539] [controller_server]: [MPPI] prepare() done. critics_data_.fail_flag = 0
[process_manager-1] [component_container_isolated-1] [INFO] [1772609615.424068485] [controller_server]: [MPPI] Running optimize() iteration #0
[process_manager-1] [component_container_isolated-1] [INFO] [1772609615.468547251] [controller_server]: [MPPI] optimize() finished. fail_flag = 0
[process_manager-1] [component_container_isolated-1] [INFO] [1772609615.468926804] [controller_server]: [MPPI] Applied savitskyGolayFilter()
[process_manager-1] [component_container_isolated-1] [INFO] [1772609615.468988159] [controller_server]: [MPPI] Output control: vx=-0.273, vy=0.000, wz=-0.217
[process_manager-1] [component_container_isolated-1] [INFO] [1772609615.469027952] [controller_server]: [MPPI] === evalControl() complete ===
[process_manager-1] [component_container_isolated-1] [INFO] [1772609615.522190511] [controller_server]: [MPPI] === evalControl() called ===
[process_manager-1] [component_container_isolated-1] [INFO] [1772609615.522325465] [controller_server]: Robot pose: (-0.41, -0.01, -0.07), speed: (-0.05, -0.02, -0.08)
[process_manager-1] [component_container_isolated-1] [INFO] [1772609615.522501964] [controller_server]: Plan size: 60
[process_manager-1] [component_container_isolated-1] [INFO] [1772609615.522554560] [controller_server]: [MPPI] prepare() done. critics_data_.fail_flag = 0
[process_manager-1] [component_container_isolated-1] [INFO] [1772609615.522574899] [controller_server]: [MPPI] Running optimize() iteration #0
[process_manager-1] [component_container_isolated-1] [INFO] [1772609615.557986342] [controller_server]: [MPPI] optimize() finished. fail_flag = 0
[process_manager-1] [component_container_isolated-1] [INFO] [1772609615.558100633] [controller_server]: [MPPI] Applied savitskyGolayFilter()
[process_manager-1] [component_container_isolated-1] [INFO] [1772609615.558111486] [controller_server]: [MPPI] Output control: vx=-0.268, vy=0.000, wz=-0.221
[process_manager-1] [component_container_isolated-1] [INFO] [1772609615.558121855] [controller_server]: [MPPI] === evalControl() complete ===
[process_manager-1] [component_container_isolated-1] [WARN] [1772609615.558596611] [controller_server]: Control loop missed its desired rate of 30.0000Hz
[process_manager-1] [component_container_isolated-1] [INFO] [1772609615.609782318] [controller_server]: [MPPI] === evalControl() called ===
[process_manager-1] [component_container_isolated-1] [INFO] [1772609615.609824795] [controller_server]: Robot pose: (-0.42, -0.01, -0.08), speed: (-0.04, -0.01, -0.07)
[process_manager-1] [component_container_isolated-1] [INFO] [1772609615.609835676] [controller_server]: Plan size: 60
[process_manager-1] [component_container_isolated-1] [INFO] [1772609615.609845087] [controller_server]: [MPPI] prepare() done. critics_data_.fail_flag = 0
[process_manager-1] [component_container_isolated-1] [INFO] [1772609615.609851536] [controller_server]: [MPPI] Running optimize() iteration #0
[process_manager-1] [component_container_isolated-1] [INFO] [1772609615.652750122] [controller_server]: [MPPI] optimize() finished. fail_flag = 0
[process_manager-1] [component_container_isolated-1] [INFO] [1772609615.653072678] [controller_server]: [MPPI] Applied savitskyGolayFilter()
[process_manager-1] [component_container_isolated-1] [INFO] [1772609615.653099912] [controller_server]: [MPPI] Output control: vx=-0.264, vy=0.000, wz=-0.226
[process_manager-1] [component_container_isolated-1] [INFO] [1772609615.653114019] [controller_server]: [MPPI] === evalControl() complete ===
[process_manager-1] [component_container_isolated-1] [WARN] [1772609615.653747138] [controller_server]: Control loop missed its desired rate of 30.0000Hz
[process_manager-1] [component_container_isolated-1] [INFO] [1772609615.714993583] [controller_server]: [MPPI] === evalControl() called ===
[process_manager-1] [component_container_isolated-1] [INFO] [1772609615.715053455] [controller_server]: Robot pose: (-0.42, -0.01, -0.09), speed: (-0.03, -0.02, -0.06)
[process_manager-1] [component_container_isolated-1] [INFO] [1772609615.715069750] [controller_server]: Plan size: 60
[process_manager-1] [component_container_isolated-1] [INFO] [1772609615.715086627] [controller_server]: [MPPI] prepare() done. critics_data_.fail_flag = 0
[process_manager-1] [component_container_isolated-1] [INFO] [1772609615.715101194] [controller_server]: [MPPI] Running optimize() iteration #0
[process_manager-1] [component_container_isolated-1] [INFO] [1772609615.750781016] [controller_server]: [MPPI] optimize() finished. fail_flag = 0
[process_manager-1] [component_container_isolated-1] [INFO] [1772609615.751083787] [controller_server]: [MPPI] Applied savitskyGolayFilter()
[process_manager-1] [component_container_isolated-1] [INFO] [1772609615.751115928] [controller_server]: [MPPI] Output control: vx=-0.259, vy=0.000, wz=-0.231
[process_manager-1] [component_container_isolated-1] [INFO] [1772609615.751135099] [controller_server]: [MPPI] === evalControl() complete ===
[process_manager-1] [component_container_isolated-1] [WARN] [1772609615.751936993] [controller_server]: Control loop missed its desired rate of 30.0000Hz
[process_manager-1] [component_container_isolated-1] [INFO] [1772609615.813639414] [controller_server]: [MPPI] === evalControl() called ===
[process_manager-1] [component_container_isolated-1] [INFO] [1772609615.813712374] [controller_server]: Robot pose: (-0.42, -0.01, -0.09), speed: (-0.02, -0.02, -0.05)
[process_manager-1] [component_container_isolated-1] [INFO] [1772609615.813740700] [controller_server]: Plan size: 60
[process_manager-1] [component_container_isolated-1] [INFO] [1772609615.813767695] [controller_server]: [MPPI] prepare() done. critics_data_.fail_flag = 0
[process_manager-1] [component_container_isolated-1] [INFO] [1772609615.813783951] [controller_server]: [MPPI] Running optimize() iteration #0
[process_manager-1] [component_container_isolated-1] [INFO] [1772609615.862404381] [controller_server]: [MPPI] optimize() finished. fail_flag = 0
[process_manager-1] [component_container_isolated-1] [INFO] [1772609615.862627118] [controller_server]: [MPPI] Applied savitskyGolayFilter()
[process_manager-1] [component_container_isolated-1] [INFO] [1772609615.862647697] [controller_server]: [MPPI] Output control: vx=-0.255, vy=0.000, wz=-0.237
[process_manager-1] [component_container_isolated-1] [INFO] [1772609615.862665486] [controller_server]: [MPPI] === evalControl() complete ===
[process_manager-1] [component_container_isolated-1] [WARN] [1772609615.863107381] [controller_server]: Control loop missed its desired rate of 30.0000Hz
[process_manager-1] [component_container_isolated-1] [INFO] [1772609615.915747729] [controller_server]: [MPPI] === evalControl() called ===
[process_manager-1] [component_container_isolated-1] [INFO] [1772609615.916019576] [controller_server]: Robot pose: (-0.44, -0.02, -0.10), speed: (-0.02, -0.02, -0.04)
[process_manager-1] [component_container_isolated-1] [INFO] [1772609615.916067316] [controller_server]: Plan size: 60
[process_manager-1] [component_container_isolated-1] [INFO] [1772609615.916113617] [controller_server]: [MPPI] prepare() done. critics_data_.fail_flag = 0
[process_manager-1] [component_container_isolated-1] [INFO] [1772609615.916135037] [controller_server]: [MPPI] Running optimize() iteration #0
[process_manager-1] [component_container_isolated-1] [INFO] [1772609615.954516602] [controller_server]: [MPPI] optimize() finished. fail_flag = 0
[process_manager-1] [component_container_isolated-1] [INFO] [1772609615.954852181] [controller_server]: [MPPI] Applied savitskyGolayFilter()
[process_manager-1] [component_container_isolated-1] [INFO] [1772609615.954886687] [controller_server]: [MPPI] Output control: vx=-0.278, vy=0.000, wz=-0.237
[process_manager-1] [component_container_isolated-1] [INFO] [1772609615.954908694] [controller_server]: [MPPI] === evalControl() complete ===
[process_manager-1] [component_container_isolated-1] [WARN] [1772609615.956341284] [controller_server]: Control loop missed its desired rate of 30.0000Hz
[process_manager-1] [component_container_isolated-1] [INFO] [1772609616.007697489] [controller_server]: [MPPI] === evalControl() called ===
[process_manager-1] [component_container_isolated-1] [INFO] [1772609616.007785757] [controller_server]: Robot pose: (-0.44, -0.02, -0.10), speed: (-0.01, -0.02, -0.04)
[process_manager-1] [component_container_isolated-1] [INFO] [1772609616.007815735] [controller_server]: Plan size: 60
[process_manager-1] [component_container_isolated-1] [INFO] [1772609616.007842209] [controller_server]: [MPPI] prepare() done. critics_data_.fail_flag = 0
[process_manager-1] [component_container_isolated-1] [INFO] [1772609616.007858469] [controller_server]: [MPPI] Running optimize() iteration #0
[process_manager-1] [component_container_isolated-1] [INFO] [1772609616.046390186] [controller_server]: [MPPI] optimize() finished. fail_flag = 0
[process_manager-1] [component_container_isolated-1] [INFO] [1772609616.046895927] [controller_server]: [MPPI] Applied savitskyGolayFilter()
[process_manager-1] [component_container_isolated-1] [INFO] [1772609616.046995640] [controller_server]: [MPPI] Output control: vx=-0.286, vy=0.000, wz=-0.241
[process_manager-1] [component_container_isolated-1] [INFO] [1772609616.047042780] [controller_server]: [MPPI] === evalControl() complete ===
[process_manager-1] [component_container_isolated-1] [WARN] [1772609616.048435550] [controller_server]: Control loop missed its desired rate of 30.0000Hz
[process_manager-1] [component_container_isolated-1] [ERROR] [1772609616.048802062] [controller_server]: Failed to make progress
[process_manager-1] [component_container_isolated-1] [WARN] [1772609616.049147700] [controller_server]: [follow_path] [ActionServer] Aborting handle.
[process_manager-1] [component_container_isolated-1] [INFO] [1772609616.096878158] [local_costmap.local_costmap]: Received request to clear entirely the local_costmap
[process_manager-1] [component_container_isolated-1] [INFO] [1772609616.099036528] [controller_server]: Received a goal, begin computing control effort.
[process_manager-1] [component_container_isolated-1] [INFO] [1772609616.211870335] [controller_server]: [MPPI] === evalControl() called ===
[process_manager-1] [component_container_isolated-1] [INFO] [1772609616.212017396] [controller_server]: Robot pose: (-0.44, -0.02, -0.11), speed: (-0.00, -0.01, -0.04)
[process_manager-1] [component_container_isolated-1] [INFO] [1772609616.212044635] [controller_server]: Plan size: 60
[process_manager-1] [component_container_isolated-1] [INFO] [1772609616.212068171] [controller_server]: [MPPI] prepare() done. critics_data_.fail_flag = 0
[process_manager-1] [component_container_isolated-1] [INFO] [1772609616.212085441] [controller_server]: [MPPI] Running optimize() iteration #0
[process_manager-1] [component_container_isolated-1] [INFO] [1772609616.229976636] [controller_server]: [MPPI] optimize() finished. fail_flag = 0
[process_manager-1] [component_container_isolated-1] [INFO] [1772609616.230170432] [controller_server]: [MPPI] Applied savitskyGolayFilter()
[process_manager-1] [component_container_isolated-1] [INFO] [1772609616.230195537] [controller_server]: [MPPI] Output control: vx=-0.389, vy=0.000, wz=-0.246
[process_manager-1] [component_container_isolated-1] [INFO] [1772609616.230214629] [controller_server]: [MPPI] === evalControl() complete ===
[process_manager-1] [component_container_isolated-1] [WARN] [1772609616.230765493] [controller_server]: Control loop missed its desired rate of 30.0000Hz
[process_manager-1] [component_container_isolated-1] [INFO] [1772609616.314368945] [controller_server]: [MPPI] === evalControl() called ===
[process_manager-1] [component_container_isolated-1] [INFO] [1772609616.314476459] [controller_server]: Robot pose: (-0.44, -0.02, -0.11), speed: (0.01, -0.00, -0.03)
[process_manager-1] [component_container_isolated-1] [INFO] [1772609616.314503493] [controller_server]: Plan size: 60
[process_manager-1] [component_container_isolated-1] [INFO] [1772609616.314529433] [controller_server]: [MPPI] prepare() done. critics_data_.fail_flag = 0
[process_manager-1] [component_container_isolated-1] [INFO] [1772609616.314541435] [controller_server]: [MPPI] Running optimize() iteration #0
[process_manager-1] [component_container_isolated-1] [INFO] [1772609616.342513423] [controller_server]: [MPPI] optimize() finished. fail_flag = 0
[process_manager-1] [component_container_isolated-1] [INFO] [1772609616.342657558] [controller_server]: [MPPI] Applied savitskyGolayFilter()
[process_manager-1] [component_container_isolated-1] [INFO] [1772609616.342670425] [controller_server]: [MPPI] Output control: vx=-0.467, vy=0.000, wz=-0.247
[process_manager-1] [component_container_isolated-1] [INFO] [1772609616.342682530] [controller_server]: [MPPI] === evalControl() complete ===
[process_manager-1] [component_container_isolated-1] [WARN] [1772609616.343518503] [controller_server]: Control loop missed its desired rate of 30.0000Hz
[process_manager-1] [navsat_transform_node-6] [INFO] [1772609616.383056319] [navsat_transform]: Datum (latitude, longitude, altitude) is (30.77, 103.98, 527.60)
[process_manager-1] [navsat_transform_node-6] [INFO] [1772609616.383264776] [navsat_transform]: Datum UTM coordinate is (48R, 402845.48, 3404335.10)
[process_manager-1] [component_container_isolated-1] [INFO] [1772609616.418541735] [controller_server]: [MPPI] === evalControl() called ===
[process_manager-1] [component_container_isolated-1] [INFO] [1772609616.418741787] [controller_server]: Robot pose: (-0.44, -0.02, -0.11), speed: (0.02, 0.00, -0.02)
[process_manager-1] [component_container_isolated-1] [INFO] [1772609616.418794198] [controller_server]: Plan size: 60
[process_manager-1] [component_container_isolated-1] [INFO] [1772609616.418848069] [controller_server]: [MPPI] prepare() done. critics_data_.fail_flag = 0
[process_manager-1] [component_container_isolated-1] [INFO] [1772609616.418870040] [controller_server]: [MPPI] Running optimize() iteration #0
[process_manager-1] [component_container_isolated-1] [INFO] [1772609616.447307610] [controller_server]: [MPPI] optimize() finished. fail_flag = 0
[process_manager-1] [component_container_isolated-1] [INFO] [1772609616.447492999] [controller_server]: [MPPI] Applied savitskyGolayFilter()
[process_manager-1] [component_container_isolated-1] [INFO] [1772609616.447515759] [controller_server]: [MPPI] Output control: vx=-0.542, vy=0.000, wz=-0.241
[process_manager-1] [component_container_isolated-1] [INFO] [1772609616.447532038] [controller_server]: [MPPI] === evalControl() complete ===
[process_manager-1] [component_container_isolated-1] [WARN] [1772609616.448011482] [controller_server]: Control loop missed its desired rate of 30.0000Hz
[process_manager-1] [component_container_isolated-1] [INFO] [1772609616.532517312] [controller_server]: [MPPI] === evalControl() called ===
[process_manager-1] [component_container_isolated-1] [INFO] [1772609616.532606086] [controller_server]: Robot pose: (-0.44, -0.02, -0.12), speed: (0.03, 0.00, -0.01)
[process_manager-1] [component_container_isolated-1] [INFO] [1772609616.532632141] [controller_server]: Plan size: 60
[process_manager-1] [component_container_isolated-1] [INFO] [1772609616.532655692] [controller_server]: [MPPI] prepare() done. critics_data_.fail_flag = 0
[process_manager-1] [component_container_isolated-1] [INFO] [1772609616.532669651] [controller_server]: [MPPI] Running optimize() iteration #0
[process_manager-1] [component_container_isolated-1] [INFO] [1772609616.561006413] [controller_server]: [MPPI] optimize() finished. fail_flag = 0
[process_manager-1] [component_container_isolated-1] [INFO] [1772609616.561351638] [controller_server]: [MPPI] Applied savitskyGolayFilter()
[process_manager-1] [component_container_isolated-1] [INFO] [1772609616.561385660] [controller_server]: [MPPI] Output control: vx=-0.546, vy=0.000, wz=-0.210
[process_manager-1] [component_container_isolated-1] [INFO] [1772609616.561405717] [controller_server]: [MPPI] === evalControl() complete ===
[process_manager-1] [component_container_isolated-1] [WARN] [1772609616.562444620] [controller_server]: Control loop missed its desired rate of 30.0000Hz
[process_manager-1] [component_container_isolated-1] [INFO] [1772609616.619409710] [controller_server]: [MPPI] === evalControl() called ===
[process_manager-1] [component_container_isolated-1] [INFO] [1772609616.619613962] [controller_server]: Robot pose: (-0.44, -0.02, -0.12), speed: (0.01, -0.01, -0.04)
[process_manager-1] [component_container_isolated-1] [INFO] [1772609616.619702808] [controller_server]: Plan size: 60
[process_manager-1] [component_container_isolated-1] [INFO] [1772609616.619744068] [controller_server]: [MPPI] prepare() done. critics_data_.fail_flag = 0
[process_manager-1] [component_container_isolated-1] [INFO] [1772609616.619768855] [controller_server]: [MPPI] Running optimize() iteration #0
[process_manager-1] [component_container_isolated-1] [INFO] [1772609616.675462802] [controller_server]: [MPPI] optimize() finished. fail_flag = 0
[process_manager-1] [component_container_isolated-1] [INFO] [1772609616.675649540] [controller_server]: [MPPI] Applied savitskyGolayFilter()
[process_manager-1] [component_container_isolated-1] [INFO] [1772609616.675669847] [controller_server]: [MPPI] Output control: vx=-0.543, vy=0.000, wz=-0.177
[process_manager-1] [component_container_isolated-1] [INFO] [1772609616.675683271] [controller_server]: [MPPI] === evalControl() complete ===
[process_manager-1] [component_container_isolated-1] [WARN] [1772609616.676198351] [controller_server]: Control loop missed its desired rate of 30.0000Hz
[process_manager-1] [component_container_isolated-1] [INFO] [1772609616.717706557] [controller_server]: [MPPI] === evalControl() called ===
[process_manager-1] [component_container_isolated-1] [INFO] [1772609616.717847498] [controller_server]: Robot pose: (-0.44, -0.02, -0.12), speed: (-0.01, -0.01, -0.06)
[process_manager-1] [component_container_isolated-1] [INFO] [1772609616.717871017] [controller_server]: Plan size: 60
[process_manager-1] [component_container_isolated-1] [INFO] [1772609616.717897183] [controller_server]: [MPPI] prepare() done. critics_data_.fail_flag = 0
[process_manager-1] [component_container_isolated-1] [INFO] [1772609616.717911838] [controller_server]: [MPPI] Running optimize() iteration #0
[process_manager-1] [component_container_isolated-1] [INFO] [1772609616.745818416] [controller_server]: [MPPI] optimize() finished. fail_flag = 0
[process_manager-1] [component_container_isolated-1] [INFO] [1772609616.746005997] [controller_server]: [MPPI] Applied savitskyGolayFilter()
[process_manager-1] [component_container_isolated-1] [INFO] [1772609616.746028814] [controller_server]: [MPPI] Output control: vx=-0.523, vy=0.000, wz=-0.141
[process_manager-1] [component_container_isolated-1] [INFO] [1772609616.746051184] [controller_server]: [MPPI] === evalControl() complete ===
[process_manager-1] [component_container_isolated-1] [WARN] [1772609616.747169691] [controller_server]: Control loop missed its desired rate of 30.0000Hz
[process_manager-1] [component_container_isolated-1] [INFO] [1772609616.809024126] [controller_server]: [MPPI] === evalControl() called ===
[process_manager-1] [component_container_isolated-1] [INFO] [1772609616.809067318] [controller_server]: Robot pose: (-0.45, -0.01, -0.13), speed: (-0.03, 0.00, -0.07)
[process_manager-1] [component_container_isolated-1] [INFO] [1772609616.809087574] [controller_server]: Plan size: 60
[process_manager-1] [component_container_isolated-1] [INFO] [1772609616.809105964] [controller_server]: [MPPI] prepare() done. critics_data_.fail_flag = 0
[process_manager-1] [component_container_isolated-1] [INFO] [1772609616.809118938] [controller_server]: [MPPI] Running optimize() iteration #0
[process_manager-1] [component_container_isolated-1] [INFO] [1772609616.837052628] [controller_server]: [MPPI] optimize() finished. fail_flag = 0
[process_manager-1] [component_container_isolated-1] [INFO] [1772609616.837648263] [controller_server]: [MPPI] Applied savitskyGolayFilter()
[process_manager-1] [component_container_isolated-1] [INFO] [1772609616.837695390] [controller_server]: [MPPI] Output control: vx=-0.494, vy=0.000, wz=-0.105
[process_manager-1] [component_container_isolated-1] [INFO] [1772609616.837723739] [controller_server]: [MPPI] === evalControl() complete ===
[process_manager-1] [component_container_isolated-1] [WARN] [1772609616.838804894] [controller_server]: Control loop missed its desired rate of 30.0000Hz
[process_manager-1] [component_container_isolated-1] [INFO] [1772609616.911937186] [controller_server]: [MPPI] === evalControl() called ===
[process_manager-1] [component_container_isolated-1] [INFO] [1772609616.912068611] [controller_server]: Robot pose: (-0.45, -0.01, -0.14), speed: (-0.04, -0.01, -0.08)
[process_manager-1] [component_container_isolated-1] [INFO] [1772609616.912093034] [controller_server]: Plan size: 60
[process_manager-1] [component_container_isolated-1] [INFO] [1772609616.912119850] [controller_server]: [MPPI] prepare() done. critics_data_.fail_flag = 0
[process_manager-1] [component_container_isolated-1] [INFO] [1772609616.912134425] [controller_server]: [MPPI] Running optimize() iteration #0
[process_manager-1] [component_container_isolated-1] [INFO] [1772609616.937660991] [controller_server]: [MPPI] optimize() finished. fail_flag = 0
[process_manager-1] [component_container_isolated-1] [INFO] [1772609616.937909158] [controller_server]: [MPPI] Applied savitskyGolayFilter()
[process_manager-1] [component_container_isolated-1] [INFO] [1772609616.937936858] [controller_server]: [MPPI] Output control: vx=-0.465, vy=0.000, wz=-0.071
[process_manager-1] [component_container_isolated-1] [INFO] [1772609616.937961727] [controller_server]: [MPPI] === evalControl() complete ===
[process_manager-1] [component_container_isolated-1] [WARN] [1772609616.938847751] [controller_server]: Control loop missed its desired rate of 30.0000Hz
[process_manager-1] [component_container_isolated-1] [INFO] [1772609617.011200633] [controller_server]: [MPPI] === evalControl() called ===
[process_manager-1] [component_container_isolated-1] [INFO] [1772609617.011311720] [controller_server]: Robot pose: (-0.48, -0.00, -0.14), speed: (-0.07, -0.01, -0.07)
[process_manager-1] [component_container_isolated-1] [INFO] [1772609617.011337710] [controller_server]: Plan size: 60
[process_manager-1] [component_container_isolated-1] [INFO] [1772609617.011365967] [controller_server]: [MPPI] prepare() done. critics_data_.fail_flag = 0
[process_manager-1] [component_container_isolated-1] [INFO] [1772609617.011381354] [controller_server]: [MPPI] Running optimize() iteration #0
[process_manager-1] [component_container_isolated-1] [WARN] [1772609617.025681243] [planner_server]: Planner loop missed its desired rate of 20.0000 Hz. Current loop rate is 0.8275 Hz
[process_manager-1] [component_container_isolated-1] [INFO] [1772609617.028271594] [controller_server]: [MPPI] optimize() finished. fail_flag = 0
[process_manager-1] [component_container_isolated-1] [INFO] [1772609617.028433089] [controller_server]: [MPPI] Applied savitskyGolayFilter()
[process_manager-1] [component_container_isolated-1] [INFO] [1772609617.028445060] [controller_server]: [MPPI] Output control: vx=-0.431, vy=0.000, wz=-0.039
[process_manager-1] [component_container_isolated-1] [INFO] [1772609617.028456073] [controller_server]: [MPPI] === evalControl() complete ===
[process_manager-1] [component_container_isolated-1] [WARN] [1772609617.028886312] [controller_server]: Control loop missed its desired rate of 30.0000Hz
[process_manager-1] [component_container_isolated-1] [INFO] [1772609617.112707389] [controller_server]: [MPPI] === evalControl() called ===
[process_manager-1] [component_container_isolated-1] [INFO] [1772609617.112766892] [controller_server]: Robot pose: (-0.48, 0.00, -0.15), speed: (-0.07, 0.01, -0.06)
[process_manager-1] [component_container_isolated-1] [INFO] [1772609617.112791098] [controller_server]: Plan size: 60
[process_manager-1] [component_container_isolated-1] [INFO] [1772609617.112810469] [controller_server]: [MPPI] prepare() done. critics_data_.fail_flag = 0
[process_manager-1] [component_container_isolated-1] [INFO] [1772609617.112821405] [controller_server]: [MPPI] Running optimize() iteration #0
[process_manager-1] [component_container_isolated-1] [INFO] [1772609617.134575332] [controller_server]: [MPPI] optimize() finished. fail_flag = 0
[process_manager-1] [component_container_isolated-1] [INFO] [1772609617.134778181] [controller_server]: [MPPI] Applied savitskyGolayFilter()
[process_manager-1] [component_container_isolated-1] [INFO] [1772609617.134806390] [controller_server]: [MPPI] Output control: vx=-0.394, vy=0.000, wz=-0.008
[process_manager-1] [component_container_isolated-1] [INFO] [1772609617.134826711] [controller_server]: [MPPI] === evalControl() complete ===
[process_manager-1] [component_container_isolated-1] [WARN] [1772609617.135304450] [controller_server]: Control loop missed its desired rate of 30.0000Hz
[process_manager-1] [component_container_isolated-1] [INFO] [1772609617.135386857] [controller_server]: Passing new path to controller.
[process_manager-1] [component_container_isolated-1] [INFO] [1772609617.208717657] [controller_server]: [MPPI] === evalControl() called ===
[process_manager-1] [component_container_isolated-1] [INFO] [1772609617.208775077] [controller_server]: Robot pose: (-0.49, 0.00, -0.16), speed: (-0.08, 0.02, -0.06)
[process_manager-1] [component_container_isolated-1] [INFO] [1772609617.208800878] [controller_server]: Plan size: 61
[process_manager-1] [component_container_isolated-1] [INFO] [1772609617.208822448] [controller_server]: [MPPI] prepare() done. critics_data_.fail_flag = 0
[process_manager-1] [component_container_isolated-1] [INFO] [1772609617.208837403] [controller_server]: [MPPI] Running optimize() iteration #0
[process_manager-1] [component_container_isolated-1] [INFO] [1772609617.234510715] [controller_server]: [MPPI] optimize() finished. fail_flag = 0
[process_manager-1] [component_container_isolated-1] [INFO] [1772609617.235028559] [controller_server]: [MPPI] Applied savitskyGolayFilter()
[process_manager-1] [component_container_isolated-1] [INFO] [1772609617.235052174] [controller_server]: [MPPI] Output control: vx=-0.651, vy=0.000, wz=-0.098
[process_manager-1] [component_container_isolated-1] [INFO] [1772609617.235068344] [controller_server]: [MPPI] === evalControl() complete ===
[process_manager-1] [component_container_isolated-1] [WARN] [1772609617.237362790] [controller_server]: Control loop missed its desired rate of 30.0000Hz
[process_manager-1] [component_container_isolated-1] [INFO] [1772609617.309064704] [controller_server]: [MPPI] === evalControl() called ===
[process_manager-1] [component_container_isolated-1] [INFO] [1772609617.309155714] [controller_server]: Robot pose: (-0.52, 0.00, -0.16), speed: (-0.08, 0.02, -0.03)
[process_manager-1] [component_container_isolated-1] [INFO] [1772609617.309183394] [controller_server]: Plan size: 61
[process_manager-1] [component_container_isolated-1] [INFO] [1772609617.309201713] [controller_server]: [MPPI] prepare() done. critics_data_.fail_flag = 0
[process_manager-1] [component_container_isolated-1] [INFO] [1772609617.309212411] [controller_server]: [MPPI] Running optimize() iteration #0
[process_manager-1] [component_container_isolated-1] [INFO] [1772609617.336979102] [controller_server]: [MPPI] optimize() finished. fail_flag = 0
[process_manager-1] [component_container_isolated-1] [INFO] [1772609617.337466935] [controller_server]: [MPPI] Applied savitskyGolayFilter()
[process_manager-1] [component_container_isolated-1] [INFO] [1772609617.337498059] [controller_server]: [MPPI] Output control: vx=-0.675, vy=0.000, wz=-0.118
[process_manager-1] [component_container_isolated-1] [INFO] [1772609617.337524684] [controller_server]: [MPPI] === evalControl() complete ===
[process_manager-1] [component_container_isolated-1] [WARN] [1772609617.338640444] [controller_server]: Control loop missed its desired rate of 30.0000Hz
[process_manager-1] [navsat_transform_node-6] [INFO] [1772609617.402022104] [navsat_transform]: Datum (latitude, longitude, altitude) is (30.77, 103.98, 527.60)
[process_manager-1] [navsat_transform_node-6] [INFO] [1772609617.402093078] [navsat_transform]: Datum UTM coordinate is (48R, 402845.49, 3404335.03)
[process_manager-1] [component_container_isolated-1] [INFO] [1772609617.412727303] [controller_server]: [MPPI] === evalControl() called ===
[process_manager-1] [component_container_isolated-1] [INFO] [1772609617.412778698] [controller_server]: Robot pose: (-0.51, 0.00, -0.16), speed: (-0.07, 0.01, -0.03)
[process_manager-1] [component_container_isolated-1] [INFO] [1772609617.412800286] [controller_server]: Plan size: 61
[process_manager-1] [component_container_isolated-1] [INFO] [1772609617.412822575] [controller_server]: [MPPI] prepare() done. critics_data_.fail_flag = 0
[process_manager-1] [component_container_isolated-1] [INFO] [1772609617.412836705] [controller_server]: [MPPI] Running optimize() iteration #0
[process_manager-1] [component_container_isolated-1] [INFO] [1772609617.440541609] [controller_server]: [MPPI] optimize() finished. fail_flag = 0
[process_manager-1] [component_container_isolated-1] [INFO] [1772609617.440806770] [controller_server]: [MPPI] Applied savitskyGolayFilter()
[process_manager-1] [component_container_isolated-1] [INFO] [1772609617.440833785] [controller_server]: [MPPI] Output control: vx=-0.726, vy=0.000, wz=-0.171
[process_manager-1] [component_container_isolated-1] [INFO] [1772609617.440854333] [controller_server]: [MPPI] === evalControl() complete ===
[process_manager-1] [component_container_isolated-1] [WARN] [1772609617.441182475] [controller_server]: Control loop missed its desired rate of 30.0000Hz
[process_manager-1] [component_container_isolated-1] [INFO] [1772609617.569931041] [controller_server]: [MPPI] === evalControl() called ===
[process_manager-1] [component_container_isolated-1] [INFO] [1772609617.570141379] [controller_server]: Robot pose: (-0.54, 0.00, -0.17), speed: (-0.08, 0.03, -0.00)
[process_manager-1] [component_container_isolated-1] [INFO] [1772609617.570191860] [controller_server]: Plan size: 61
[process_manager-1] [component_container_isolated-1] [INFO] [1772609617.570241393] [controller_server]: [MPPI] prepare() done. critics_data_.fail_flag = 0
[process_manager-1] [component_container_isolated-1] [INFO] [1772609617.570262945] [controller_server]: [MPPI] Running optimize() iteration #0
[process_manager-1] [component_container_isolated-1] [INFO] [1772609617.594043808] [controller_server]: [MPPI] optimize() finished. fail_flag = 0
[process_manager-1] [component_container_isolated-1] [INFO] [1772609617.594231681] [controller_server]: [MPPI] Applied savitskyGolayFilter()
[process_manager-1] [component_container_isolated-1] [INFO] [1772609617.594245563] [controller_server]: [MPPI] Output control: vx=-0.766, vy=0.000, wz=-0.197
[process_manager-1] [component_container_isolated-1] [INFO] [1772609617.594263540] [controller_server]: [MPPI] === evalControl() complete ===
[process_manager-1] [component_container_isolated-1] [WARN] [1772609617.595053223] [controller_server]: Control loop missed its desired rate of 30.0000Hz
[process_manager-1] [component_container_isolated-1] [INFO] [1772609617.616204187] [controller_server]: [MPPI] === evalControl() called ===
[process_manager-1] [component_container_isolated-1] [INFO] [1772609617.616274846] [controller_server]: Robot pose: (-0.55, 0.01, -0.17), speed: (-0.08, 0.02, -0.02)
[process_manager-1] [component_container_isolated-1] [INFO] [1772609617.616296434] [controller_server]: Plan size: 61
[process_manager-1] [component_container_isolated-1] [INFO] [1772609617.616313457] [controller_server]: [MPPI] prepare() done. critics_data_.fail_flag = 0
[process_manager-1] [component_container_isolated-1] [INFO] [1772609617.616324911] [controller_server]: [MPPI] Running optimize() iteration #0
[process_manager-1] [component_container_isolated-1] [INFO] [1772609617.645345773] [controller_server]: [MPPI] optimize() finished. fail_flag = 0
[process_manager-1] [component_container_isolated-1] [INFO] [1772609617.645856412] [controller_server]: [MPPI] Applied savitskyGolayFilter()
[process_manager-1] [component_container_isolated-1] [INFO] [1772609617.645915254] [controller_server]: [MPPI] Output control: vx=-0.758, vy=0.000, wz=-0.217
[process_manager-1] [component_container_isolated-1] [INFO] [1772609617.645958935] [controller_server]: [MPPI] === evalControl() complete ===
[process_manager-1] [component_container_isolated-1] [INFO] [1772609617.714940014] [controller_server]: [MPPI] === evalControl() called ===
[process_manager-1] [component_container_isolated-1] [INFO] [1772609617.715117806] [controller_server]: Robot pose: (-0.56, 0.01, -0.17), speed: (-0.09, 0.01, -0.04)
[process_manager-1] [component_container_isolated-1] [INFO] [1772609617.715172643] [controller_server]: Plan size: 61
[process_manager-1] [component_container_isolated-1] [INFO] [1772609617.715218076] [controller_server]: [MPPI] prepare() done. critics_data_.fail_flag = 0
[process_manager-1] [component_container_isolated-1] [INFO] [1772609617.715243715] [controller_server]: [MPPI] Running optimize() iteration #0
[process_manager-1] [component_container_isolated-1] [INFO] [1772609617.745244820] [controller_server]: [MPPI] optimize() finished. fail_flag = 0
[process_manager-1] [component_container_isolated-1] [INFO] [1772609617.745389734] [controller_server]: [MPPI] Applied savitskyGolayFilter()
[process_manager-1] [component_container_isolated-1] [INFO] [1772609617.745401606] [controller_server]: [MPPI] Output control: vx=-0.761, vy=0.000, wz=-0.234
[process_manager-1] [component_container_isolated-1] [INFO] [1772609617.745412834] [controller_server]: [MPPI] === evalControl() complete ===
[process_manager-1] [component_container_isolated-1] [WARN] [1772609617.745616397] [controller_server]: Control loop missed its desired rate of 30.0000Hz
[process_manager-1] [component_container_isolated-1] [INFO] [1772609617.817723245] [controller_server]: [MPPI] === evalControl() called ===
[process_manager-1] [component_container_isolated-1] [INFO] [1772609617.817977773] [controller_server]: Robot pose: (-0.57, 0.01, -0.17), speed: (-0.10, 0.02, -0.06)
[process_manager-1] [component_container_isolated-1] [INFO] [1772609617.818039842] [controller_server]: Plan size: 61
[process_manager-1] [component_container_isolated-1] [INFO] [1772609617.818088211] [controller_server]: [MPPI] prepare() done. critics_data_.fail_flag = 0
[process_manager-1] [component_container_isolated-1] [INFO] [1772609617.818112236] [controller_server]: [MPPI] Running optimize() iteration #0
[process_manager-1] [component_container_isolated-1] [INFO] [1772609617.845057615] [controller_server]: [MPPI] optimize() finished. fail_flag = 0
[process_manager-1] [component_container_isolated-1] [INFO] [1772609617.845241758] [controller_server]: [MPPI] Applied savitskyGolayFilter()
[process_manager-1] [component_container_isolated-1] [INFO] [1772609617.845260654] [controller_server]: [MPPI] Output control: vx=-0.760, vy=0.000, wz=-0.251
[process_manager-1] [component_container_isolated-1] [INFO] [1772609617.845279358] [controller_server]: [MPPI] === evalControl() complete ===
[process_manager-1] [component_container_isolated-1] [WARN] [1772609617.845527218] [controller_server]: Control loop missed its desired rate of 30.0000Hz
[process_manager-1] [component_container_isolated-1] [INFO] [1772609617.917322565] [controller_server]: [MPPI] === evalControl() called ===
[process_manager-1] [component_container_isolated-1] [INFO] [1772609617.917475504] [controller_server]: Robot pose: (-0.58, 0.01, -0.18), speed: (-0.14, 0.02, -0.06)
[process_manager-1] [component_container_isolated-1] [INFO] [1772609617.917495700] [controller_server]: Plan size: 61
[process_manager-1] [component_container_isolated-1] [INFO] [1772609617.917517098] [controller_server]: [MPPI] prepare() done. critics_data_.fail_flag = 0
[process_manager-1] [component_container_isolated-1] [INFO] [1772609617.917529058] [controller_server]: [MPPI] Running optimize() iteration #0
[process_manager-1] [component_container_isolated-1] [INFO] [1772609617.949253268] [controller_server]: [MPPI] optimize() finished. fail_flag = 0
[process_manager-1] [component_container_isolated-1] [INFO] [1772609617.949386487] [controller_server]: [MPPI] Applied savitskyGolayFilter()
[process_manager-1] [component_container_isolated-1] [INFO] [1772609617.949396283] [controller_server]: [MPPI] Output control: vx=-0.758, vy=0.000, wz=-0.270
[process_manager-1] [component_container_isolated-1] [INFO] [1772609617.949410051] [controller_server]: [MPPI] === evalControl() complete ===
[process_manager-1] [component_container_isolated-1] [WARN] [1772609617.949751494] [controller_server]: Control loop missed its desired rate of 30.0000Hz
[process_manager-1] [component_container_isolated-1] [INFO] [1772609618.012214432] [controller_server]: [MPPI] === evalControl() called ===
[process_manager-1] [component_container_isolated-1] [INFO] [1772609618.012340353] [controller_server]: Robot pose: (-0.60, 0.02, -0.19), speed: (-0.18, 0.01, -0.10)
[process_manager-1] [component_container_isolated-1] [INFO] [1772609618.012629207] [controller_server]: Plan size: 61
[process_manager-1] [component_container_isolated-1] [INFO] [1772609618.012785694] [controller_server]: [MPPI] prepare() done. critics_data_.fail_flag = 0
[process_manager-1] [component_container_isolated-1] [INFO] [1772609618.012809238] [controller_server]: [MPPI] Running optimize() iteration #0
[process_manager-1] [component_container_isolated-1] [INFO] [1772609618.047505549] [controller_server]: [MPPI] optimize() finished. fail_flag = 0
[process_manager-1] [component_container_isolated-1] [INFO] [1772609618.047749296] [controller_server]: [MPPI] Applied savitskyGolayFilter()
[process_manager-1] [component_container_isolated-1] [INFO] [1772609618.047775688] [controller_server]: [MPPI] Output control: vx=-0.755, vy=0.000, wz=-0.285
[process_manager-1] [component_container_isolated-1] [INFO] [1772609618.047798206] [controller_server]: [MPPI] === evalControl() complete ===
[process_manager-1] [component_container_isolated-1] [WARN] [1772609618.048159419] [controller_server]: Control loop missed its desired rate of 30.0000Hz
[process_manager-1] [component_container_isolated-1] [INFO] [1772609618.109694210] [controller_server]: [MPPI] === evalControl() called ===
[process_manager-1] [component_container_isolated-1] [INFO] [1772609618.109886498] [controller_server]: Robot pose: (-0.61, 0.02, -0.20), speed: (-0.19, 0.01, -0.10)
[process_manager-1] [component_container_isolated-1] [INFO] [1772609618.109908609] [controller_server]: Plan size: 61
[process_manager-1] [component_container_isolated-1] [INFO] [1772609618.109933566] [controller_server]: [MPPI] prepare() done. critics_data_.fail_flag = 0
[process_manager-1] [component_container_isolated-1] [INFO] [1772609618.109957295] [controller_server]: [MPPI] Running optimize() iteration #0
[process_manager-1] [component_container_isolated-1] [INFO] [1772609618.143872728] [controller_server]: [MPPI] optimize() finished. fail_flag = 0
[process_manager-1] [component_container_isolated-1] [INFO] [1772609618.144068870] [controller_server]: [MPPI] Applied savitskyGolayFilter()
[process_manager-1] [component_container_isolated-1] [INFO] [1772609618.144092936] [controller_server]: [MPPI] Output control: vx=-0.752, vy=0.000, wz=-0.296
[process_manager-1] [component_container_isolated-1] [INFO] [1772609618.144110827] [controller_server]: [MPPI] === evalControl() complete ===
[process_manager-1] [component_container_isolated-1] [WARN] [1772609618.144473799] [controller_server]: Control loop missed its desired rate of 30.0000Hz
[process_manager-1] [component_container_isolated-1] [INFO] [1772609618.216741504] [controller_server]: [MPPI] === evalControl() called ===
[process_manager-1] [component_container_isolated-1] [INFO] [1772609618.216985790] [controller_server]: Robot pose: (-0.63, 0.02, -0.21), speed: (-0.19, 0.03, -0.10)
[process_manager-1] [component_container_isolated-1] [INFO] [1772609618.217022161] [controller_server]: Plan size: 61
[process_manager-1] [component_container_isolated-1] [INFO] [1772609618.217061469] [controller_server]: [MPPI] prepare() done. critics_data_.fail_flag = 0
[process_manager-1] [component_container_isolated-1] [INFO] [1772609618.217083306] [controller_server]: [MPPI] Running optimize() iteration #0
[process_manager-1] [component_container_isolated-1] [INFO] [1772609618.241561511] [controller_server]: [MPPI] optimize() finished. fail_flag = 0
[process_manager-1] [component_container_isolated-1] [INFO] [1772609618.241736515] [controller_server]: [MPPI] Applied savitskyGolayFilter()
[process_manager-1] [component_container_isolated-1] [INFO] [1772609618.241755941] [controller_server]: [MPPI] Output control: vx=-0.751, vy=0.000, wz=-0.307
[process_manager-1] [component_container_isolated-1] [INFO] [1772609618.241780088] [controller_server]: [MPPI] === evalControl() complete ===
[process_manager-1] [component_container_isolated-1] [WARN] [1772609618.242127525] [controller_server]: Control loop missed its desired rate of 30.0000Hz
[process_manager-1] [component_container_isolated-1] [INFO] [1772609618.315263558] [controller_server]: [MPPI] === evalControl() called ===
[process_manager-1] [component_container_isolated-1] [INFO] [1772609618.315480737] [controller_server]: Robot pose: (-0.65, 0.02, -0.22), speed: (-0.18, 0.01, -0.11)
[process_manager-1] [component_container_isolated-1] [INFO] [1772609618.315523735] [controller_server]: Plan size: 60
[process_manager-1] [component_container_isolated-1] [INFO] [1772609618.315564055] [controller_server]: [MPPI] prepare() done. critics_data_.fail_flag = 0
[process_manager-1] [component_container_isolated-1] [INFO] [1772609618.315587787] [controller_server]: [MPPI] Running optimize() iteration #0
[process_manager-1] [component_container_isolated-1] [INFO] [1772609618.341037085] [controller_server]: [MPPI] optimize() finished. fail_flag = 0
[process_manager-1] [component_container_isolated-1] [INFO] [1772609618.341228126] [controller_server]: [MPPI] Applied savitskyGolayFilter()
[process_manager-1] [component_container_isolated-1] [INFO] [1772609618.341256653] [controller_server]: [MPPI] Output control: vx=-0.756, vy=0.000, wz=-0.325
[process_manager-1] [component_container_isolated-1] [INFO] [1772609618.341277096] [controller_server]: [MPPI] === evalControl() complete ===
[process_manager-1] [component_container_isolated-1] [WARN] [1772609618.341564399] [controller_server]: Control loop missed its desired rate of 30.0000Hz
[process_manager-1] [navsat_transform_node-6] [INFO] [1772609618.392089723] [navsat_transform]: Datum (latitude, longitude, altitude) is (30.77, 103.98, 528.00)
[process_manager-1] [navsat_transform_node-6] [INFO] [1772609618.392193540] [navsat_transform]: Datum UTM coordinate is (48R, 402845.18, 3404334.59)
[process_manager-1] [component_container_isolated-1] [INFO] [1772609618.412974544] [controller_server]: [MPPI] === evalControl() called ===
[process_manager-1] [component_container_isolated-1] [INFO] [1772609618.413071949] [controller_server]: Robot pose: (-0.66, 0.02, -0.23), speed: (-0.18, 0.02, -0.12)
[process_manager-1] [component_container_isolated-1] [INFO] [1772609618.413096055] [controller_server]: Plan size: 60
[process_manager-1] [component_container_isolated-1] [INFO] [1772609618.413118470] [controller_server]: [MPPI] prepare() done. critics_data_.fail_flag = 0
[process_manager-1] [component_container_isolated-1] [INFO] [1772609618.413132727] [controller_server]: [MPPI] Running optimize() iteration #0
[process_manager-1] [component_container_isolated-1] [INFO] [1772609618.443310820] [controller_server]: [MPPI] optimize() finished. fail_flag = 0
[process_manager-1] [component_container_isolated-1] [INFO] [1772609618.443532956] [controller_server]: [MPPI] Applied savitskyGolayFilter()
[process_manager-1] [component_container_isolated-1] [INFO] [1772609618.443552212] [controller_server]: [MPPI] Output control: vx=-0.768, vy=0.000, wz=-0.337
[process_manager-1] [component_container_isolated-1] [INFO] [1772609618.443572770] [controller_server]: [MPPI] === evalControl() complete ===
[process_manager-1] [component_container_isolated-1] [WARN] [1772609618.443880830] [controller_server]: Control loop missed its desired rate of 30.0000Hz
[process_manager-1] [component_container_isolated-1] [INFO] [1772609618.515946140] [controller_server]: [MPPI] === evalControl() called ===
[process_manager-1] [component_container_isolated-1] [INFO] [1772609618.516007303] [controller_server]: Robot pose: (-0.70, 0.03, -0.24), speed: (-0.17, 0.03, -0.13)
[process_manager-1] [component_container_isolated-1] [INFO] [1772609618.516033797] [controller_server]: Plan size: 60
[process_manager-1] [component_container_isolated-1] [INFO] [1772609618.516057952] [controller_server]: [MPPI] prepare() done. critics_data_.fail_flag = 0
[process_manager-1] [component_container_isolated-1] [INFO] [1772609618.516076125] [controller_server]: [MPPI] Running optimize() iteration #0
[process_manager-1] [component_container_isolated-1] [INFO] [1772609618.550506973] [controller_server]: [MPPI] optimize() finished. fail_flag = 0
[process_manager-1] [component_container_isolated-1] [INFO] [1772609618.550938629] [controller_server]: [MPPI] Applied savitskyGolayFilter()
[process_manager-1] [component_container_isolated-1] [INFO] [1772609618.550976290] [controller_server]: [MPPI] Output control: vx=-0.778, vy=0.000, wz=-0.354
[process_manager-1] [component_container_isolated-1] [INFO] [1772609618.551011683] [controller_server]: [MPPI] === evalControl() complete ===
[process_manager-1] [component_container_isolated-1] [WARN] [1772609618.553177926] [controller_server]: Control loop missed its desired rate of 30.0000Hz
[process_manager-1] [component_container_isolated-1] [INFO] [1772609618.622101076] [controller_server]: [MPPI] === evalControl() called ===
[process_manager-1] [component_container_isolated-1] [INFO] [1772609618.622230969] [controller_server]: Robot pose: (-0.71, 0.03, -0.25), speed: (-0.15, 0.03, -0.14)
[process_manager-1] [component_container_isolated-1] [INFO] [1772609618.622255268] [controller_server]: Plan size: 60
[process_manager-1] [component_container_isolated-1] [INFO] [1772609618.622276075] [controller_server]: [MPPI] prepare() done. critics_data_.fail_flag = 0
[process_manager-1] [component_container_isolated-1] [INFO] [1772609618.622349769] [controller_server]: [MPPI] Running optimize() iteration #0
[process_manager-1] [component_container_isolated-1] [INFO] [1772609618.671325965] [controller_server]: [MPPI] optimize() finished. fail_flag = 0
[process_manager-1] [component_container_isolated-1] [INFO] [1772609618.671490751] [controller_server]: [MPPI] Applied savitskyGolayFilter()
[process_manager-1] [component_container_isolated-1] [INFO] [1772609618.671505120] [controller_server]: [MPPI] Output control: vx=-0.790, vy=0.000, wz=-0.365
[process_manager-1] [component_container_isolated-1] [INFO] [1772609618.671520198] [controller_server]: [MPPI] === evalControl() complete ===
[process_manager-1] [component_container_isolated-1] [WARN] [1772609618.672957479] [controller_server]: Control loop missed its desired rate of 30.0000Hz
[process_manager-1] [component_container_isolated-1] [INFO] [1772609618.794554347] [controller_server]: [MPPI] === evalControl() called ===
[process_manager-1] [component_container_isolated-1] [INFO] [1772609618.794685372] [controller_server]: Robot pose: (-0.73, 0.04, -0.27), speed: (-0.15, 0.03, -0.12)
[process_manager-1] [component_container_isolated-1] [INFO] [1772609618.794707686] [controller_server]: Plan size: 60
[process_manager-1] [component_container_isolated-1] [INFO] [1772609618.794751559] [controller_server]: [MPPI] prepare() done. critics_data_.fail_flag = 0
[process_manager-1] [component_container_isolated-1] [INFO] [1772609618.794800667] [controller_server]: [MPPI] Running optimize() iteration #0
[process_manager-1] [component_container_isolated-1] [INFO] [1772609618.836638687] [controller_server]: [MPPI] optimize() finished. fail_flag = 0
[process_manager-1] [component_container_isolated-1] [INFO] [1772609618.836857564] [controller_server]: [MPPI] Applied savitskyGolayFilter()
[process_manager-1] [component_container_isolated-1] [INFO] [1772609618.836874488] [controller_server]: [MPPI] Output control: vx=-0.799, vy=0.000, wz=-0.364
[process_manager-1] [component_container_isolated-1] [INFO] [1772609618.836890575] [controller_server]: [MPPI] === evalControl() complete ===
[process_manager-1] [component_container_isolated-1] [WARN] [1772609618.837448014] [controller_server]: Control loop missed its desired rate of 30.0000Hz
[process_manager-1] [component_container_isolated-1] [INFO] [1772609618.921140969] [controller_server]: [MPPI] === evalControl() called ===
[process_manager-1] [component_container_isolated-1] [INFO] [1772609618.921299770] [controller_server]: Robot pose: (-0.76, 0.05, -0.29), speed: (-0.14, 0.03, -0.13)
[process_manager-1] [component_container_isolated-1] [INFO] [1772609618.921331924] [controller_server]: Plan size: 60
[process_manager-1] [component_container_isolated-1] [INFO] [1772609618.921359002] [controller_server]: [MPPI] prepare() done. critics_data_.fail_flag = 0
[process_manager-1] [component_container_isolated-1] [INFO] [1772609618.921375400] [controller_server]: [MPPI] Running optimize() iteration #0
[process_manager-1] [component_container_isolated-1] [INFO] [1772609618.961721200] [controller_server]: [MPPI] optimize() finished. fail_flag = 0
[process_manager-1] [component_container_isolated-1] [INFO] [1772609618.962072712] [controller_server]: [MPPI] Applied savitskyGolayFilter()
[process_manager-1] [component_container_isolated-1] [INFO] [1772609618.962127398] [controller_server]: [MPPI] Output control: vx=-0.806, vy=0.000, wz=-0.355
[process_manager-1] [component_container_isolated-1] [INFO] [1772609618.962146907] [controller_server]: [MPPI] === evalControl() complete ===
[process_manager-1] [component_container_isolated-1] [WARN] [1772609618.965562014] [controller_server]: Control loop missed its desired rate of 30.0000Hz
[process_manager-1] [component_container_isolated-1] [INFO] [1772609619.018831293] [controller_server]: [MPPI] === evalControl() called ===
[process_manager-1] [component_container_isolated-1] [INFO] [1772609619.018908500] [controller_server]: Robot pose: (-0.77, 0.06, -0.30), speed: (-0.15, 0.03, -0.13)
[process_manager-1] [component_container_isolated-1] [INFO] [1772609619.018937482] [controller_server]: Plan size: 60
[process_manager-1] [component_container_isolated-1] [INFO] [1772609619.018961374] [controller_server]: [MPPI] prepare() done. critics_data_.fail_flag = 0
[process_manager-1] [component_container_isolated-1] [INFO] [1772609619.018980983] [controller_server]: [MPPI] Running optimize() iteration #0
[process_manager-1] [component_container_isolated-1] [INFO] [1772609619.054727382] [controller_server]: [MPPI] optimize() finished. fail_flag = 0
[process_manager-1] [component_container_isolated-1] [INFO] [1772609619.055216012] [controller_server]: [MPPI] Applied savitskyGolayFilter()
[process_manager-1] [component_container_isolated-1] [INFO] [1772609619.055263305] [controller_server]: [MPPI] Output control: vx=-0.811, vy=0.000, wz=-0.342
[process_manager-1] [component_container_isolated-1] [INFO] [1772609619.055303074] [controller_server]: [MPPI] === evalControl() complete ===
[process_manager-1] [component_container_isolated-1] [WARN] [1772609619.056044125] [controller_server]: Control loop missed its desired rate of 30.0000Hz
[process_manager-1] [component_container_isolated-1] [INFO] [1772609619.118252514] [controller_server]: [MPPI] === evalControl() called ===
[process_manager-1] [component_container_isolated-1] [INFO] [1772609619.118447369] [controller_server]: Robot pose: (-0.80, 0.07, -0.31), speed: (-0.12, 0.02, -0.13)
[process_manager-1] [component_container_isolated-1] [INFO] [1772609619.118474949] [controller_server]: Plan size: 60
[process_manager-1] [component_container_isolated-1] [INFO] [1772609619.118498828] [controller_server]: [MPPI] prepare() done. critics_data_.fail_flag = 0
[process_manager-1] [component_container_isolated-1] [INFO] [1772609619.118514629] [controller_server]: [MPPI] Running optimize() iteration #0
[process_manager-1] [component_container_isolated-1] [INFO] [1772609619.142012391] [controller_server]: [MPPI] optimize() finished. fail_flag = 0
[process_manager-1] [component_container_isolated-1] [INFO] [1772609619.142261091] [controller_server]: [MPPI] Applied savitskyGolayFilter()
[process_manager-1] [component_container_isolated-1] [INFO] [1772609619.142352307] [controller_server]: [MPPI] Output control: vx=-0.816, vy=0.000, wz=-0.338
[process_manager-1] [component_container_isolated-1] [INFO] [1772609619.142372435] [controller_server]: [MPPI] === evalControl() complete ===
[process_manager-1] [component_container_isolated-1] [WARN] [1772609619.142970594] [controller_server]: Control loop missed its desired rate of 30.0000Hz
[process_manager-1] [component_container_isolated-1] [INFO] [1772609619.215513954] [controller_server]: [MPPI] === evalControl() called ===
[process_manager-1] [component_container_isolated-1] [INFO] [1772609619.215663882] [controller_server]: Robot pose: (-0.81, 0.07, -0.32), speed: (-0.13, 0.03, -0.11)
[process_manager-1] [component_container_isolated-1] [INFO] [1772609619.215697061] [controller_server]: Plan size: 60
[process_manager-1] [component_container_isolated-1] [INFO] [1772609619.215738954] [controller_server]: [MPPI] prepare() done. critics_data_.fail_flag = 0
[process_manager-1] [component_container_isolated-1] [INFO] [1772609619.215769875] [controller_server]: [MPPI] Running optimize() iteration #0
[process_manager-1] [component_container_isolated-1] [INFO] [1772609619.249055521] [controller_server]: [MPPI] optimize() finished. fail_flag = 0
[process_manager-1] [component_container_isolated-1] [INFO] [1772609619.249396991] [controller_server]: [MPPI] Applied savitskyGolayFilter()
[process_manager-1] [component_container_isolated-1] [INFO] [1772609619.249465687] [controller_server]: [MPPI] Output control: vx=-0.819, vy=0.000, wz=-0.330
[process_manager-1] [component_container_isolated-1] [INFO] [1772609619.249496545] [controller_server]: [MPPI] === evalControl() complete ===
[process_manager-1] [component_container_isolated-1] [WARN] [1772609619.250332432] [controller_server]: Control loop missed its desired rate of 30.0000Hz
[process_manager-1] [component_container_isolated-1] [WARN] [1772609619.305552634] [planner_server]: Planner loop missed its desired rate of 20.0000 Hz. Current loop rate is 0.8141 Hz
[process_manager-1] [component_container_isolated-1] [INFO] [1772609619.315472449] [controller_server]: [MPPI] === evalControl() called ===
[process_manager-1] [component_container_isolated-1] [INFO] [1772609619.315517556] [controller_server]: Robot pose: (-0.82, 0.08, -0.34), speed: (-0.13, 0.03, -0.12)
[process_manager-1] [component_container_isolated-1] [INFO] [1772609619.315532457] [controller_server]: Plan size: 60
[process_manager-1] [component_container_isolated-1] [INFO] [1772609619.315546485] [controller_server]: [MPPI] prepare() done. critics_data_.fail_flag = 0
[process_manager-1] [component_container_isolated-1] [INFO] [1772609619.315555454] [controller_server]: [MPPI] Running optimize() iteration #0
[process_manager-1] [component_container_isolated-1] [INFO] [1772609619.331553635] [controller_server]: [MPPI] optimize() finished. fail_flag = 0
[process_manager-1] [component_container_isolated-1] [INFO] [1772609619.331690046] [controller_server]: [MPPI] Applied savitskyGolayFilter()
[process_manager-1] [component_container_isolated-1] [INFO] [1772609619.331701843] [controller_server]: [MPPI] Output control: vx=-0.826, vy=0.000, wz=-0.324
[process_manager-1] [component_container_isolated-1] [INFO] [1772609619.331714803] [controller_server]: [MPPI] === evalControl() complete ===
[process_manager-1] [component_container_isolated-1] [WARN] [1772609619.331981899] [controller_server]: Control loop missed its desired rate of 30.0000Hz
[process_manager-1] [navsat_transform_node-6] [INFO] [1772609619.391787368] [navsat_transform]: Datum (latitude, longitude, altitude) is (30.77, 103.98, 528.10)
[process_manager-1] [navsat_transform_node-6] [INFO] [1772609619.391858529] [navsat_transform]: Datum UTM coordinate is (48R, 402844.94, 3404334.22)
[process_manager-1] [component_container_isolated-1] [INFO] [1772609619.413498438] [controller_server]: [MPPI] === evalControl() called ===
[process_manager-1] [component_container_isolated-1] [INFO] [1772609619.413625611] [controller_server]: Robot pose: (-0.80, 0.09, -0.35), speed: (-0.14, 0.02, -0.14)
[process_manager-1] [component_container_isolated-1] [INFO] [1772609619.413664495] [controller_server]: Plan size: 60
[process_manager-1] [component_container_isolated-1] [INFO] [1772609619.413691835] [controller_server]: [MPPI] prepare() done. critics_data_.fail_flag = 0
[process_manager-1] [component_container_isolated-1] [INFO] [1772609619.413707370] [controller_server]: [MPPI] Running optimize() iteration #0
[process_manager-1] [component_container_isolated-1] [INFO] [1772609619.434875648] [controller_server]: [MPPI] optimize() finished. fail_flag = 0
[process_manager-1] [component_container_isolated-1] [INFO] [1772609619.435660191] [controller_server]: [MPPI] Applied savitskyGolayFilter()
[process_manager-1] [component_container_isolated-1] [INFO] [1772609619.435685050] [controller_server]: [MPPI] Output control: vx=-0.835, vy=0.000, wz=-0.315
[process_manager-1] [component_container_isolated-1] [INFO] [1772609619.435699393] [controller_server]: [MPPI] === evalControl() complete ===
[process_manager-1] [component_container_isolated-1] [WARN] [1772609619.436077559] [controller_server]: Control loop missed its desired rate of 30.0000Hz
[process_manager-1] [component_container_isolated-1] [INFO] [1772609619.436104149] [controller_server]: Passing new path to controller.
[process_manager-1] [component_container_isolated-1] [INFO] [1772609619.509298967] [controller_server]: [MPPI] === evalControl() called ===
[process_manager-1] [component_container_isolated-1] [INFO] [1772609619.509595899] [controller_server]: Robot pose: (-0.82, 0.10, -0.36), speed: (-0.15, 0.02, -0.14)
[process_manager-1] [component_container_isolated-1] [INFO] [1772609619.509643908] [controller_server]: Plan size: 58
[process_manager-1] [component_container_isolated-1] [INFO] [1772609619.509698457] [controller_server]: [MPPI] prepare() done. critics_data_.fail_flag = 0
[process_manager-1] [component_container_isolated-1] [INFO] [1772609619.509735728] [controller_server]: [MPPI] Running optimize() iteration #0
[process_manager-1] [component_container_isolated-1] [INFO] [1772609619.536141240] [controller_server]: [MPPI] optimize() finished. fail_flag = 0
[process_manager-1] [component_container_isolated-1] [INFO] [1772609619.536426405] [controller_server]: [MPPI] Applied savitskyGolayFilter()
[process_manager-1] [component_container_isolated-1] [INFO] [1772609619.536454467] [controller_server]: [MPPI] Output control: vx=-0.849, vy=0.000, wz=-0.327
[process_manager-1] [component_container_isolated-1] [INFO] [1772609619.536475129] [controller_server]: [MPPI] === evalControl() complete ===
[process_manager-1] [component_container_isolated-1] [WARN] [1772609619.542706405] [controller_server]: Control loop missed its desired rate of 30.0000Hz
[process_manager-1] [component_container_isolated-1] [INFO] [1772609619.614651218] [controller_server]: [MPPI] === evalControl() called ===
[process_manager-1] [component_container_isolated-1] [INFO] [1772609619.614834874] [controller_server]: Robot pose: (-0.84, 0.11, -0.38), speed: (-0.16, 0.04, -0.15)
[process_manager-1] [component_container_isolated-1] [INFO] [1772609619.614858876] [controller_server]: Plan size: 58
[process_manager-1] [component_container_isolated-1] [INFO] [1772609619.614881402] [controller_server]: [MPPI] prepare() done. critics_data_.fail_flag = 0
[process_manager-1] [component_container_isolated-1] [INFO] [1772609619.614895375] [controller_server]: [MPPI] Running optimize() iteration #0
[process_manager-1] [component_container_isolated-1] [INFO] [1772609619.642098740] [controller_server]: [MPPI] optimize() finished. fail_flag = 0
[process_manager-1] [component_container_isolated-1] [INFO] [1772609619.642832073] [controller_server]: [MPPI] Applied savitskyGolayFilter()
[process_manager-1] [component_container_isolated-1] [INFO] [1772609619.642867614] [controller_server]: [MPPI] Output control: vx=-0.854, vy=0.000, wz=-0.314
[process_manager-1] [component_container_isolated-1] [INFO] [1772609619.642891892] [controller_server]: [MPPI] === evalControl() complete ===
[process_manager-1] [component_container_isolated-1] [WARN] [1772609619.643536530] [controller_server]: Control loop missed its desired rate of 30.0000Hz
[process_manager-1] [component_container_isolated-1] [INFO] [1772609619.717228545] [controller_server]: [MPPI] === evalControl() called ===
[process_manager-1] [component_container_isolated-1] [INFO] [1772609619.717310339] [controller_server]: Robot pose: (-0.85, 0.11, -0.39), speed: (-0.18, 0.09, -0.13)
[process_manager-1] [component_container_isolated-1] [INFO] [1772609619.717331380] [controller_server]: Plan size: 58
[process_manager-1] [component_container_isolated-1] [INFO] [1772609619.717350269] [controller_server]: [MPPI] prepare() done. critics_data_.fail_flag = 0
[process_manager-1] [component_container_isolated-1] [INFO] [1772609619.717361241] [controller_server]: [MPPI] Running optimize() iteration #0
[process_manager-1] [component_container_isolated-1] [INFO] [1772609619.741083695] [controller_server]: [MPPI] optimize() finished. fail_flag = 0
[process_manager-1] [component_container_isolated-1] [INFO] [1772609619.741471865] [controller_server]: [MPPI] Applied savitskyGolayFilter()
[process_manager-1] [component_container_isolated-1] [INFO] [1772609619.741507485] [controller_server]: [MPPI] Output control: vx=-0.856, vy=0.000, wz=-0.303
[process_manager-1] [component_container_isolated-1] [INFO] [1772609619.741535766] [controller_server]: [MPPI] === evalControl() complete ===
[process_manager-1] [component_container_isolated-1] [WARN] [1772609619.742892359] [controller_server]: Control loop missed its desired rate of 30.0000Hz
[process_manager-1] [component_container_isolated-1] [INFO] [1772609619.856846534] [controller_server]: [MPPI] === evalControl() called ===
[process_manager-1] [component_container_isolated-1] [INFO] [1772609619.857085788] [controller_server]: Robot pose: (-0.88, 0.11, -0.40), speed: (-0.17, 0.08, -0.12)
[process_manager-1] [component_container_isolated-1] [INFO] [1772609619.857129261] [controller_server]: Plan size: 58
[process_manager-1] [component_container_isolated-1] [INFO] [1772609619.857167242] [controller_server]: [MPPI] prepare() done. critics_data_.fail_flag = 0
[process_manager-1] [component_container_isolated-1] [INFO] [1772609619.857183390] [controller_server]: [MPPI] Running optimize() iteration #0
[process_manager-1] [component_container_isolated-1] [INFO] [1772609619.897135705] [controller_server]: [MPPI] optimize() finished. fail_flag = 0
[process_manager-1] [component_container_isolated-1] [INFO] [1772609619.897310925] [controller_server]: [MPPI] Applied savitskyGolayFilter()
[process_manager-1] [component_container_isolated-1] [INFO] [1772609619.897329709] [controller_server]: [MPPI] Output control: vx=-0.861, vy=0.000, wz=-0.291
[process_manager-1] [component_container_isolated-1] [INFO] [1772609619.897349128] [controller_server]: [MPPI] === evalControl() complete ===
[process_manager-1] [component_container_isolated-1] [WARN] [1772609619.898000556] [controller_server]: Control loop missed its desired rate of 30.0000Hz
[process_manager-1] [component_container_isolated-1] [INFO] [1772609619.908370723] [controller_server]: [MPPI] === evalControl() called ===
[process_manager-1] [component_container_isolated-1] [INFO] [1772609619.908411115] [controller_server]: Robot pose: (-0.91, 0.12, -0.42), speed: (-0.16, 0.05, -0.12)
[process_manager-1] [component_container_isolated-1] [INFO] [1772609619.908423906] [controller_server]: Plan size: 58
[process_manager-1] [component_container_isolated-1] [INFO] [1772609619.908435619] [controller_server]: [MPPI] prepare() done. critics_data_.fail_flag = 0
[process_manager-1] [component_container_isolated-1] [INFO] [1772609619.908442609] [controller_server]: [MPPI] Running optimize() iteration #0
[process_manager-1] [component_container_isolated-1] [INFO] [1772609619.932745147] [controller_server]: [MPPI] optimize() finished. fail_flag = 0
[process_manager-1] [component_container_isolated-1] [INFO] [1772609619.933065375] [controller_server]: [MPPI] Applied savitskyGolayFilter()
[process_manager-1] [component_container_isolated-1] [INFO] [1772609619.933084004] [controller_server]: [MPPI] Output control: vx=-0.866, vy=0.000, wz=-0.278
[process_manager-1] [component_container_isolated-1] [INFO] [1772609619.933110069] [controller_server]: [MPPI] === evalControl() complete ===
[process_manager-1] [component_container_isolated-1] [INFO] [1772609620.015749861] [controller_server]: [MPPI] === evalControl() called ===
[process_manager-1] [component_container_isolated-1] [INFO] [1772609620.015819972] [controller_server]: Robot pose: (-0.91, 0.12, -0.43), speed: (-0.15, 0.06, -0.13)
[process_manager-1] [component_container_isolated-1] [INFO] [1772609620.015880237] [controller_server]: Plan size: 58
[process_manager-1] [component_container_isolated-1] [INFO] [1772609620.015901100] [controller_server]: [MPPI] prepare() done. critics_data_.fail_flag = 0
[process_manager-1] [component_container_isolated-1] [INFO] [1772609620.015958087] [controller_server]: [MPPI] Running optimize() iteration #0
[process_manager-1] [component_container_isolated-1] [INFO] [1772609620.036660853] [controller_server]: [MPPI] optimize() finished. fail_flag = 0
[process_manager-1] [component_container_isolated-1] [INFO] [1772609620.036850259] [controller_server]: [MPPI] Applied savitskyGolayFilter()
[process_manager-1] [component_container_isolated-1] [INFO] [1772609620.036870197] [controller_server]: [MPPI] Output control: vx=-0.864, vy=0.000, wz=-0.269
[process_manager-1] [component_container_isolated-1] [INFO] [1772609620.036886769] [controller_server]: [MPPI] === evalControl() complete ===
[process_manager-1] [component_container_isolated-1] [WARN] [1772609620.037211222] [controller_server]: Control loop missed its desired rate of 30.0000Hz
[process_manager-1] [component_container_isolated-1] [INFO] [1772609620.108609470] [controller_server]: [MPPI] === evalControl() called ===
[process_manager-1] [component_container_isolated-1] [INFO] [1772609620.108662377] [controller_server]: Robot pose: (-0.92, 0.13, -0.44), speed: (-0.12, 0.11, -0.12)
[process_manager-1] [component_container_isolated-1] [INFO] [1772609620.108674217] [controller_server]: Plan size: 58
[process_manager-1] [component_container_isolated-1] [INFO] [1772609620.108685208] [controller_server]: [MPPI] prepare() done. critics_data_.fail_flag = 0
[process_manager-1] [component_container_isolated-1] [INFO] [1772609620.108691394] [controller_server]: [MPPI] Running optimize() iteration #0
[process_manager-1] [component_container_isolated-1] [INFO] [1772609620.131612717] [controller_server]: [MPPI] optimize() finished. fail_flag = 0
[process_manager-1] [component_container_isolated-1] [INFO] [1772609620.131966516] [controller_server]: [MPPI] Applied savitskyGolayFilter()
[process_manager-1] [component_container_isolated-1] [INFO] [1772609620.131987589] [controller_server]: [MPPI] Output control: vx=-0.865, vy=0.000, wz=-0.259
[process_manager-1] [component_container_isolated-1] [INFO] [1772609620.132000850] [controller_server]: [MPPI] === evalControl() complete ===
[process_manager-1] [component_container_isolated-1] [WARN] [1772609620.132317280] [controller_server]: Control loop missed its desired rate of 30.0000Hz
[process_manager-1] [component_container_isolated-1] [INFO] [1772609620.214090564] [controller_server]: [MPPI] === evalControl() called ===
[process_manager-1] [component_container_isolated-1] [INFO] [1772609620.214167646] [controller_server]: Robot pose: (-0.94, 0.15, -0.46), speed: (-0.17, 0.11, -0.13)
[process_manager-1] [component_container_isolated-1] [INFO] [1772609620.214187959] [controller_server]: Plan size: 58
[process_manager-1] [component_container_isolated-1] [INFO] [1772609620.214207683] [controller_server]: [MPPI] prepare() done. critics_data_.fail_flag = 0
[process_manager-1] [component_container_isolated-1] [INFO] [1772609620.214218729] [controller_server]: [MPPI] Running optimize() iteration #0
[process_manager-1] [component_container_isolated-1] [INFO] [1772609620.243049857] [controller_server]: [MPPI] optimize() finished. fail_flag = 0
[process_manager-1] [component_container_isolated-1] [INFO] [1772609620.243296875] [controller_server]: [MPPI] Applied savitskyGolayFilter()
[process_manager-1] [component_container_isolated-1] [INFO] [1772609620.243322557] [controller_server]: [MPPI] Output control: vx=-0.868, vy=0.000, wz=-0.248
[process_manager-1] [component_container_isolated-1] [INFO] [1772609620.243343452] [controller_server]: [MPPI] === evalControl() complete ===
[process_manager-1] [component_container_isolated-1] [WARN] [1772609620.250013109] [controller_server]: Control loop missed its desired rate of 30.0000Hz
[process_manager-1] [component_container_isolated-1] [INFO] [1772609620.312557926] [controller_server]: [MPPI] === evalControl() called ===
[process_manager-1] [component_container_isolated-1] [INFO] [1772609620.312616442] [controller_server]: Robot pose: (-0.97, 0.15, -0.47), speed: (-0.18, 0.08, -0.14)
[process_manager-1] [component_container_isolated-1] [INFO] [1772609620.312628750] [controller_server]: Plan size: 58
[process_manager-1] [component_container_isolated-1] [INFO] [1772609620.312639868] [controller_server]: [MPPI] prepare() done. critics_data_.fail_flag = 0
[process_manager-1] [component_container_isolated-1] [INFO] [1772609620.312646473] [controller_server]: [MPPI] Running optimize() iteration #0
[process_manager-1] [component_container_isolated-1] [INFO] [1772609620.328693001] [controller_server]: [MPPI] optimize() finished. fail_flag = 0
[process_manager-1] [component_container_isolated-1] [INFO] [1772609620.329021741] [controller_server]: [MPPI] Applied savitskyGolayFilter()
[process_manager-1] [component_container_isolated-1] [INFO] [1772609620.329057583] [controller_server]: [MPPI] Output control: vx=-0.869, vy=0.000, wz=-0.238
[process_manager-1] [component_container_isolated-1] [INFO] [1772609620.329085783] [controller_server]: [MPPI] === evalControl() complete ===
[process_manager-1] [component_container_isolated-1] [WARN] [1772609620.329856645] [controller_server]: Control loop missed its desired rate of 30.0000Hz
[process_manager-1] [navsat_transform_node-6] [INFO] [1772609620.381728760] [navsat_transform]: Datum (latitude, longitude, altitude) is (30.77, 103.98, 528.00)
[process_manager-1] [navsat_transform_node-6] [INFO] [1772609620.381838968] [navsat_transform]: Datum UTM coordinate is (48R, 402844.94, 3404334.04)
[process_manager-1] [component_container_isolated-1] [INFO] [1772609620.412443524] [controller_server]: [MPPI] === evalControl() called ===
[process_manager-1] [component_container_isolated-1] [INFO] [1772609620.412577415] [controller_server]: Robot pose: (-1.00, 0.15, -0.48), speed: (-0.20, 0.08, -0.12)
[process_manager-1] [component_container_isolated-1] [INFO] [1772609620.412604510] [controller_server]: Plan size: 58
[process_manager-1] [component_container_isolated-1] [INFO] [1772609620.412632055] [controller_server]: [MPPI] prepare() done. critics_data_.fail_flag = 0
[process_manager-1] [component_container_isolated-1] [INFO] [1772609620.412648641] [controller_server]: [MPPI] Running optimize() iteration #0
[process_manager-1] [component_container_isolated-1] [INFO] [1772609620.439915069] [controller_server]: [MPPI] optimize() finished. fail_flag = 0
[process_manager-1] [component_container_isolated-1] [INFO] [1772609620.440149520] [controller_server]: [MPPI] Applied savitskyGolayFilter()
[process_manager-1] [component_container_isolated-1] [INFO] [1772609620.440197943] [controller_server]: [MPPI] Output control: vx=-0.871, vy=0.000, wz=-0.230
[process_manager-1] [component_container_isolated-1] [INFO] [1772609620.440440698] [controller_server]: [MPPI] === evalControl() complete ===
[process_manager-1] [component_container_isolated-1] [WARN] [1772609620.441474505] [controller_server]: Control loop missed its desired rate of 30.0000Hz
[process_manager-1] [component_container_isolated-1] [INFO] [1772609620.513707776] [controller_server]: [MPPI] === evalControl() called ===
[process_manager-1] [component_container_isolated-1] [INFO] [1772609620.513743544] [controller_server]: Robot pose: (-1.01, 0.16, -0.49), speed: (-0.18, 0.07, -0.11)
[process_manager-1] [component_container_isolated-1] [INFO] [1772609620.513771821] [controller_server]: Plan size: 58
[process_manager-1] [component_container_isolated-1] [INFO] [1772609620.513783523] [controller_server]: [MPPI] prepare() done. critics_data_.fail_flag = 0
[process_manager-1] [component_container_isolated-1] [INFO] [1772609620.513789767] [controller_server]: [MPPI] Running optimize() iteration #0
[process_manager-1] [component_container_isolated-1] [INFO] [1772609620.535601540] [controller_server]: [MPPI] optimize() finished. fail_flag = 0
[process_manager-1] [component_container_isolated-1] [INFO] [1772609620.535886642] [controller_server]: [MPPI] Applied savitskyGolayFilter()
[process_manager-1] [component_container_isolated-1] [INFO] [1772609620.535913767] [controller_server]: [MPPI] Output control: vx=-0.871, vy=0.000, wz=-0.222
[process_manager-1] [component_container_isolated-1] [INFO] [1772609620.535939955] [controller_server]: [MPPI] === evalControl() complete ===
[process_manager-1] [component_container_isolated-1] [WARN] [1772609620.536975553] [controller_server]: Control loop missed its desired rate of 30.0000Hz
[process_manager-1] [component_container_isolated-1] [INFO] [1772609620.611822319] [controller_server]: [MPPI] === evalControl() called ===
[process_manager-1] [component_container_isolated-1] [INFO] [1772609620.611912104] [controller_server]: Robot pose: (-1.04, 0.17, -0.50), speed: (-0.14, 0.08, -0.12)
[process_manager-1] [component_container_isolated-1] [INFO] [1772609620.611936777] [controller_server]: Plan size: 58
[process_manager-1] [component_container_isolated-1] [INFO] [1772609620.611957893] [controller_server]: [MPPI] prepare() done. critics_data_.fail_flag = 0
[process_manager-1] [component_container_isolated-1] [INFO] [1772609620.611970182] [controller_server]: [MPPI] Running optimize() iteration #0
[process_manager-1] [component_container_isolated-1] [INFO] [1772609620.647860346] [controller_server]: [MPPI] optimize() finished. fail_flag = 0
[process_manager-1] [component_container_isolated-1] [INFO] [1772609620.648128242] [controller_server]: [MPPI] Applied savitskyGolayFilter()
[process_manager-1] [component_container_isolated-1] [INFO] [1772609620.648158838] [controller_server]: [MPPI] Output control: vx=-0.868, vy=0.000, wz=-0.215
[process_manager-1] [component_container_isolated-1] [INFO] [1772609620.648181159] [controller_server]: [MPPI] === evalControl() complete ===
[process_manager-1] [component_container_isolated-1] [WARN] [1772609620.648821307] [controller_server]: Control loop missed its desired rate of 30.0000Hz
[process_manager-1] [component_container_isolated-1] [INFO] [1772609620.712540568] [controller_server]: [MPPI] === evalControl() called ===
[process_manager-1] [component_container_isolated-1] [INFO] [1772609620.712690605] [controller_server]: Robot pose: (-1.05, 0.19, -0.52), speed: (-0.16, 0.13, -0.09)
[process_manager-1] [component_container_isolated-1] [INFO] [1772609620.712719127] [controller_server]: Plan size: 59
[process_manager-1] [component_container_isolated-1] [INFO] [1772609620.712747669] [controller_server]: [MPPI] prepare() done. critics_data_.fail_flag = 0
[process_manager-1] [component_container_isolated-1] [INFO] [1772609620.712819717] [controller_server]: [MPPI] Running optimize() iteration #0
[process_manager-1] [component_container_isolated-1] [INFO] [1772609620.740250791] [controller_server]: [MPPI] optimize() finished. fail_flag = 0
[process_manager-1] [component_container_isolated-1] [INFO] [1772609620.740445259] [controller_server]: [MPPI] Applied savitskyGolayFilter()
[process_manager-1] [component_container_isolated-1] [INFO] [1772609620.740464578] [controller_server]: [MPPI] Output control: vx=-0.865, vy=0.000, wz=-0.207
[process_manager-1] [component_container_isolated-1] [INFO] [1772609620.740482173] [controller_server]: [MPPI] === evalControl() complete ===
[process_manager-1] [component_container_isolated-1] [WARN] [1772609620.740700394] [controller_server]: Control loop missed its desired rate of 30.0000Hz
[process_manager-1] [component_container_isolated-1] [INFO] [1772609620.813834197] [controller_server]: [MPPI] === evalControl() called ===
[process_manager-1] [component_container_isolated-1] [INFO] [1772609620.813913018] [controller_server]: Robot pose: (-1.07, 0.20, -0.53), speed: (-0.11, 0.11, -0.10)
[process_manager-1] [component_container_isolated-1] [INFO] [1772609620.813935339] [controller_server]: Plan size: 59
[process_manager-1] [component_container_isolated-1] [INFO] [1772609620.813959583] [controller_server]: [MPPI] prepare() done. critics_data_.fail_flag = 0
[process_manager-1] [component_container_isolated-1] [INFO] [1772609620.813972557] [controller_server]: [MPPI] Running optimize() iteration #0
[process_manager-1] [component_container_isolated-1] [INFO] [1772609620.848063283] [controller_server]: [MPPI] optimize() finished. fail_flag = 0
[process_manager-1] [component_container_isolated-1] [INFO] [1772609620.848388684] [controller_server]: [MPPI] Applied savitskyGolayFilter()
[process_manager-1] [component_container_isolated-1] [INFO] [1772609620.848435907] [controller_server]: [MPPI] Output control: vx=-0.862, vy=0.000, wz=-0.200
[process_manager-1] [component_container_isolated-1] [INFO] [1772609620.848483246] [controller_server]: [MPPI] === evalControl() complete ===
[process_manager-1] [component_container_isolated-1] [WARN] [1772609620.849569845] [controller_server]: Control loop missed its desired rate of 30.0000Hz
[process_manager-1] [component_container_isolated-1] [INFO] [1772609620.911643100] [controller_server]: [MPPI] === evalControl() called ===
[process_manager-1] [component_container_isolated-1] [INFO] [1772609620.911850271] [controller_server]: Robot pose: (-1.10, 0.21, -0.53), speed: (-0.16, 0.11, -0.10)
[process_manager-1] [component_container_isolated-1] [INFO] [1772609620.911987002] [controller_server]: Plan size: 61
[process_manager-1] [component_container_isolated-1] [INFO] [1772609620.912030127] [controller_server]: [MPPI] prepare() done. critics_data_.fail_flag = 0
[process_manager-1] [component_container_isolated-1] [INFO] [1772609620.912047485] [controller_server]: [MPPI] Running optimize() iteration #0
[process_manager-1] [component_container_isolated-1] [INFO] [1772609620.954155796] [controller_server]: [MPPI] optimize() finished. fail_flag = 0
[process_manager-1] [component_container_isolated-1] [INFO] [1772609620.954726450] [controller_server]: [MPPI] Applied savitskyGolayFilter()
[process_manager-1] [component_container_isolated-1] [INFO] [1772609620.954806909] [controller_server]: [MPPI] Output control: vx=-0.856, vy=0.000, wz=-0.194
[process_manager-1] [component_container_isolated-1] [INFO] [1772609620.954861225] [controller_server]: [MPPI] === evalControl() complete ===
[process_manager-1] [component_container_isolated-1] [WARN] [1772609620.956428988] [controller_server]: Control loop missed its desired rate of 30.0000Hz
[process_manager-1] [component_container_isolated-1] [INFO] [1772609621.091014551] [controller_server]: [MPPI] === evalControl() called ===
[process_manager-1] [component_container_isolated-1] [INFO] [1772609621.091254415] [controller_server]: Robot pose: (-1.12, 0.22, -0.54), speed: (-0.13, 0.11, -0.09)
[process_manager-1] [component_container_isolated-1] [INFO] [1772609621.091286769] [controller_server]: Plan size: 61
[process_manager-1] [component_container_isolated-1] [INFO] [1772609621.091370804] [controller_server]: [MPPI] prepare() done. critics_data_.fail_flag = 0
[process_manager-1] [component_container_isolated-1] [INFO] [1772609621.091412213] [controller_server]: [MPPI] Running optimize() iteration #0
[process_manager-1] [component_container_isolated-1] [INFO] [1772609621.126102250] [controller_server]: [MPPI] optimize() finished. fail_flag = 0
[process_manager-1] [component_container_isolated-1] [INFO] [1772609621.126273115] [controller_server]: [MPPI] Applied savitskyGolayFilter()
[process_manager-1] [component_container_isolated-1] [INFO] [1772609621.126297883] [controller_server]: [MPPI] Output control: vx=-0.850, vy=0.000, wz=-0.186
[process_manager-1] [component_container_isolated-1] [INFO] [1772609621.126318330] [controller_server]: [MPPI] === evalControl() complete ===
[process_manager-1] [component_container_isolated-1] [WARN] [1772609621.126602611] [controller_server]: Control loop missed its desired rate of 30.0000Hz
[process_manager-1] [component_container_isolated-1] [INFO] [1772609621.249915168] [controller_server]: [MPPI] === evalControl() called ===
[process_manager-1] [component_container_isolated-1] [INFO] [1772609621.249987421] [controller_server]: Robot pose: (-1.13, 0.24, -0.56), speed: (-0.12, 0.13, -0.08)
[process_manager-1] [component_container_isolated-1] [INFO] [1772609621.250014768] [controller_server]: Plan size: 61
[process_manager-1] [component_container_isolated-1] [INFO] [1772609621.250036697] [controller_server]: [MPPI] prepare() done. critics_data_.fail_flag = 0
[process_manager-1] [component_container_isolated-1] [INFO] [1772609621.250049558] [controller_server]: [MPPI] Running optimize() iteration #0
[process_manager-1] [component_container_isolated-1] [INFO] [1772609621.279643633] [controller_server]: [MPPI] optimize() finished. fail_flag = 0
[process_manager-1] [component_container_isolated-1] [INFO] [1772609621.279833239] [controller_server]: [MPPI] Applied savitskyGolayFilter()
[process_manager-1] [component_container_isolated-1] [INFO] [1772609621.279855413] [controller_server]: [MPPI] Output control: vx=-0.836, vy=0.000, wz=-0.173
[process_manager-1] [component_container_isolated-1] [INFO] [1772609621.279881426] [controller_server]: [MPPI] === evalControl() complete ===
[process_manager-1] [component_container_isolated-1] [WARN] [1772609621.280250443] [controller_server]: Control loop missed its desired rate of 30.0000Hz
[process_manager-1] [component_container_isolated-1] [INFO] [1772609621.311356254] [controller_server]: [MPPI] === evalControl() called ===
[process_manager-1] [component_container_isolated-1] [INFO] [1772609621.311400039] [controller_server]: Robot pose: (-1.15, 0.26, -0.57), speed: (-0.12, 0.13, -0.08)
[process_manager-1] [component_container_isolated-1] [INFO] [1772609621.311419746] [controller_server]: Plan size: 61
[process_manager-1] [component_container_isolated-1] [INFO] [1772609621.311436978] [controller_server]: [MPPI] prepare() done. critics_data_.fail_flag = 0
[process_manager-1] [component_container_isolated-1] [INFO] [1772609621.311449392] [controller_server]: [MPPI] Running optimize() iteration #0
[process_manager-1] [component_container_isolated-1] [INFO] [1772609621.334780181] [controller_server]: [MPPI] optimize() finished. fail_flag = 0
[process_manager-1] [component_container_isolated-1] [INFO] [1772609621.335197628] [controller_server]: [MPPI] Applied savitskyGolayFilter()
[process_manager-1] [component_container_isolated-1] [INFO] [1772609621.335220198] [controller_server]: [MPPI] Output control: vx=-0.823, vy=0.000, wz=-0.161
[process_manager-1] [component_container_isolated-1] [INFO] [1772609621.335239425] [controller_server]: [MPPI] === evalControl() complete ===
[process_manager-1] [component_container_isolated-1] [INFO] [1772609621.409430397] [controller_server]: [MPPI] === evalControl() called ===
[process_manager-1] [component_container_isolated-1] [INFO] [1772609621.409533619] [controller_server]: Robot pose: (-1.16, 0.27, -0.58), speed: (-0.11, 0.13, -0.09)
[process_manager-1] [component_container_isolated-1] [INFO] [1772609621.409552055] [controller_server]: Plan size: 61
[process_manager-1] [component_container_isolated-1] [INFO] [1772609621.409570497] [controller_server]: [MPPI] prepare() done. critics_data_.fail_flag = 0
[process_manager-1] [component_container_isolated-1] [INFO] [1772609621.409580661] [controller_server]: [MPPI] Running optimize() iteration #0
[process_manager-1] [navsat_transform_node-6] [INFO] [1772609621.412443482] [navsat_transform]: Datum (latitude, longitude, altitude) is (30.77, 103.98, 527.90)
[process_manager-1] [navsat_transform_node-6] [INFO] [1772609621.412541422] [navsat_transform]: Datum UTM coordinate is (48R, 402845.07, 3404333.90)
[process_manager-1] [component_container_isolated-1] [INFO] [1772609621.444903029] [controller_server]: [MPPI] optimize() finished. fail_flag = 0
[process_manager-1] [component_container_isolated-1] [INFO] [1772609621.445085524] [controller_server]: [MPPI] Applied savitskyGolayFilter()
[process_manager-1] [component_container_isolated-1] [INFO] [1772609621.445139944] [controller_server]: [MPPI] Output control: vx=-0.820, vy=0.000, wz=-0.146
[process_manager-1] [component_container_isolated-1] [INFO] [1772609621.445158948] [controller_server]: [MPPI] === evalControl() complete ===
[process_manager-1] [component_container_isolated-1] [WARN] [1772609621.445532069] [controller_server]: Control loop missed its desired rate of 30.0000Hz
[process_manager-1] [component_container_isolated-1] [INFO] [1772609621.517702869] [controller_server]: [MPPI] === evalControl() called ===
[process_manager-1] [component_container_isolated-1] [INFO] [1772609621.517815552] [controller_server]: Robot pose: (-1.16, 0.29, -0.59), speed: (-0.11, 0.15, -0.08)
[process_manager-1] [component_container_isolated-1] [INFO] [1772609621.517836717] [controller_server]: Plan size: 61
[process_manager-1] [component_container_isolated-1] [INFO] [1772609621.517855627] [controller_server]: [MPPI] prepare() done. critics_data_.fail_flag = 0
[process_manager-1] [component_container_isolated-1] [INFO] [1772609621.517866160] [controller_server]: [MPPI] Running optimize() iteration #0
[process_manager-1] [component_container_isolated-1] [INFO] [1772609621.549631642] [controller_server]: [MPPI] optimize() finished. fail_flag = 0
[process_manager-1] [component_container_isolated-1] [INFO] [1772609621.549808670] [controller_server]: [MPPI] Applied savitskyGolayFilter()
[process_manager-1] [component_container_isolated-1] [INFO] [1772609621.549832138] [controller_server]: [MPPI] Output control: vx=-0.815, vy=0.000, wz=-0.135
[process_manager-1] [component_container_isolated-1] [INFO] [1772609621.549852645] [controller_server]: [MPPI] === evalControl() complete ===
[process_manager-1] [component_container_isolated-1] [WARN] [1772609621.550203442] [controller_server]: Control loop missed its desired rate of 30.0000Hz
[process_manager-1] [component_container_isolated-1] [WARN] [1772609621.556429618] [planner_server]: Planner loop missed its desired rate of 20.0000 Hz. Current loop rate is 0.8340 Hz
[process_manager-1] [component_container_isolated-1] [INFO] [1772609621.612058764] [controller_server]: [MPPI] === evalControl() called ===
[process_manager-1] [component_container_isolated-1] [INFO] [1772609621.612117485] [controller_server]: Robot pose: (-1.21, 0.30, -0.60), speed: (-0.12, 0.15, -0.08)
[process_manager-1] [component_container_isolated-1] [INFO] [1772609621.612144242] [controller_server]: Plan size: 61
[process_manager-1] [component_container_isolated-1] [INFO] [1772609621.612165262] [controller_server]: [MPPI] prepare() done. critics_data_.fail_flag = 0
[process_manager-1] [component_container_isolated-1] [INFO] [1772609621.612177221] [controller_server]: [MPPI] Running optimize() iteration #0
[process_manager-1] [component_container_isolated-1] [INFO] [1772609621.641860671] [controller_server]: [MPPI] optimize() finished. fail_flag = 0
[process_manager-1] [component_container_isolated-1] [INFO] [1772609621.643194765] [controller_server]: [MPPI] Applied savitskyGolayFilter()
[process_manager-1] [component_container_isolated-1] [INFO] [1772609621.643226130] [controller_server]: [MPPI] Output control: vx=-0.811, vy=0.000, wz=-0.122
[process_manager-1] [component_container_isolated-1] [INFO] [1772609621.643249232] [controller_server]: [MPPI] === evalControl() complete ===
[process_manager-1] [component_container_isolated-1] [WARN] [1772609621.643594180] [controller_server]: Control loop missed its desired rate of 30.0000Hz
[process_manager-1] [component_container_isolated-1] [INFO] [1772609621.643623763] [controller_server]: Passing new path to controller.
[process_manager-1] [component_container_isolated-1] [INFO] [1772609621.716915217] [controller_server]: [MPPI] === evalControl() called ===
[process_manager-1] [component_container_isolated-1] [INFO] [1772609621.717044124] [controller_server]: Robot pose: (-1.22, 0.31, -0.60), speed: (-0.10, 0.12, -0.09)
[process_manager-1] [component_container_isolated-1] [INFO] [1772609621.717073656] [controller_server]: Plan size: 61
[process_manager-1] [component_container_isolated-1] [INFO] [1772609621.717097198] [controller_server]: [MPPI] prepare() done. critics_data_.fail_flag = 0
[process_manager-1] [component_container_isolated-1] [INFO] [1772609621.717131952] [controller_server]: [MPPI] Running optimize() iteration #0
[process_manager-1] [component_container_isolated-1] [INFO] [1772609621.747200267] [controller_server]: [MPPI] optimize() finished. fail_flag = 0
[process_manager-1] [component_container_isolated-1] [INFO] [1772609621.747352536] [controller_server]: [MPPI] Applied savitskyGolayFilter()
[process_manager-1] [component_container_isolated-1] [INFO] [1772609621.747362924] [controller_server]: [MPPI] Output control: vx=-0.808, vy=0.000, wz=-0.077
[process_manager-1] [component_container_isolated-1] [INFO] [1772609621.747373571] [controller_server]: [MPPI] === evalControl() complete ===
[process_manager-1] [component_container_isolated-1] [WARN] [1772609621.747635295] [controller_server]: Control loop missed its desired rate of 30.0000Hz
[process_manager-1] [component_container_isolated-1] [INFO] [1772609621.809023653] [controller_server]: [MPPI] === evalControl() called ===
[process_manager-1] [component_container_isolated-1] [INFO] [1772609621.809061738] [controller_server]: Robot pose: (-1.25, 0.31, -0.61), speed: (-0.11, 0.09, -0.06)
[process_manager-1] [component_container_isolated-1] [INFO] [1772609621.809081262] [controller_server]: Plan size: 61
[process_manager-1] [component_container_isolated-1] [INFO] [1772609621.809098132] [controller_server]: [MPPI] prepare() done. critics_data_.fail_flag = 0
[process_manager-1] [component_container_isolated-1] [INFO] [1772609621.809110741] [controller_server]: [MPPI] Running optimize() iteration #0
[process_manager-1] [component_container_isolated-1] [INFO] [1772609621.835974131] [controller_server]: [MPPI] optimize() finished. fail_flag = 0
[process_manager-1] [component_container_isolated-1] [INFO] [1772609621.836167033] [controller_server]: [MPPI] Applied savitskyGolayFilter()
[process_manager-1] [component_container_isolated-1] [INFO] [1772609621.836185434] [controller_server]: [MPPI] Output control: vx=-0.815, vy=0.000, wz=-0.058
[process_manager-1] [component_container_isolated-1] [INFO] [1772609621.836238274] [controller_server]: [MPPI] === evalControl() complete ===
[process_manager-1] [component_container_isolated-1] [WARN] [1772609621.836624499] [controller_server]: Control loop missed its desired rate of 30.0000Hz
[process_manager-1] [component_container_isolated-1] [INFO] [1772609621.918676577] [controller_server]: [MPPI] === evalControl() called ===
[process_manager-1] [component_container_isolated-1] [INFO] [1772609621.918835712] [controller_server]: Robot pose: (-1.26, 0.32, -0.61), speed: (-0.11, 0.10, -0.07)
[process_manager-1] [component_container_isolated-1] [INFO] [1772609621.918903162] [controller_server]: Plan size: 61
[process_manager-1] [component_container_isolated-1] [INFO] [1772609621.918936853] [controller_server]: [MPPI] prepare() done. critics_data_.fail_flag = 0
[process_manager-1] [component_container_isolated-1] [INFO] [1772609621.918954861] [controller_server]: [MPPI] Running optimize() iteration #0
[process_manager-1] [component_container_isolated-1] [INFO] [1772609621.970728474] [controller_server]: [MPPI] optimize() finished. fail_flag = 0
[process_manager-1] [component_container_isolated-1] [INFO] [1772609621.971285983] [controller_server]: [MPPI] Applied savitskyGolayFilter()
[process_manager-1] [component_container_isolated-1] [INFO] [1772609621.971398987] [controller_server]: [MPPI] Output control: vx=-0.798, vy=0.000, wz=-0.495
[process_manager-1] [component_container_isolated-1] [INFO] [1772609621.971459696] [controller_server]: [MPPI] === evalControl() complete ===
[process_manager-1] [component_container_isolated-1] [WARN] [1772609621.972688035] [controller_server]: Control loop missed its desired rate of 30.0000Hz
[process_manager-1] [component_container_isolated-1] [INFO] [1772609622.096559982] [controller_server]: [MPPI] === evalControl() called ===
[process_manager-1] [component_container_isolated-1] [INFO] [1772609622.096734973] [controller_server]: Robot pose: (-1.31, 0.34, -0.62), speed: (-0.10, 0.12, -0.05)
[process_manager-1] [component_container_isolated-1] [INFO] [1772609622.096818013] [controller_server]: Plan size: 61
[process_manager-1] [component_container_isolated-1] [INFO] [1772609622.096858561] [controller_server]: [MPPI] prepare() done. critics_data_.fail_flag = 0
[process_manager-1] [component_container_isolated-1] [INFO] [1772609622.096884328] [controller_server]: [MPPI] Running optimize() iteration #0
[process_manager-1] [component_container_isolated-1] [INFO] [1772609622.136683622] [controller_server]: [MPPI] optimize() finished. fail_flag = 0
[process_manager-1] [component_container_isolated-1] [INFO] [1772609622.136844417] [controller_server]: [MPPI] Applied savitskyGolayFilter()
[process_manager-1] [component_container_isolated-1] [INFO] [1772609622.136856808] [controller_server]: [MPPI] Output control: vx=-0.833, vy=0.000, wz=-0.343
[process_manager-1] [component_container_isolated-1] [INFO] [1772609622.136865990] [controller_server]: [MPPI] === evalControl() complete ===
[process_manager-1] [component_container_isolated-1] [WARN] [1772609622.137191995] [controller_server]: Control loop missed its desired rate of 30.0000Hz
[process_manager-1] [component_container_isolated-1] [INFO] [1772609622.240205128] [controller_server]: [MPPI] === evalControl() called ===
[process_manager-1] [component_container_isolated-1] [INFO] [1772609622.240423195] [controller_server]: Robot pose: (-1.32, 0.36, -0.63), speed: (-0.06, 0.14, -0.03)
[process_manager-1] [component_container_isolated-1] [INFO] [1772609622.240469811] [controller_server]: Plan size: 61
[process_manager-1] [component_container_isolated-1] [INFO] [1772609622.240512499] [controller_server]: [MPPI] prepare() done. critics_data_.fail_flag = 0
[process_manager-1] [component_container_isolated-1] [INFO] [1772609622.240539897] [controller_server]: [MPPI] Running optimize() iteration #0
[process_manager-1] [component_container_isolated-1] [INFO] [1772609622.265605239] [controller_server]: [MPPI] optimize() finished. fail_flag = 0
[process_manager-1] [component_container_isolated-1] [INFO] [1772609622.265740361] [controller_server]: [MPPI] Applied savitskyGolayFilter()
[process_manager-1] [component_container_isolated-1] [INFO] [1772609622.265748992] [controller_server]: [MPPI] Output control: vx=-0.869, vy=0.000, wz=-0.318
[process_manager-1] [component_container_isolated-1] [INFO] [1772609622.265779779] [controller_server]: [MPPI] === evalControl() complete ===
[process_manager-1] [component_container_isolated-1] [WARN] [1772609622.266279171] [controller_server]: Control loop missed its desired rate of 30.0000Hz
[process_manager-1] [component_container_isolated-1] [INFO] [1772609622.307417569] [controller_server]: [MPPI] === evalControl() called ===
[process_manager-1] [component_container_isolated-1] [INFO] [1772609622.307461010] [controller_server]: Robot pose: (-1.35, 0.37, -0.63), speed: (-0.10, 0.13, -0.05)
[process_manager-1] [component_container_isolated-1] [INFO] [1772609622.307473724] [controller_server]: Plan size: 61
[process_manager-1] [component_container_isolated-1] [INFO] [1772609622.307485272] [controller_server]: [MPPI] prepare() done. critics_data_.fail_flag = 0
[process_manager-1] [component_container_isolated-1] [INFO] [1772609622.307491895] [controller_server]: [MPPI] Running optimize() iteration #0
[process_manager-1] [component_container_isolated-1] [INFO] [1772609622.333004535] [controller_server]: [MPPI] optimize() finished. fail_flag = 0
[process_manager-1] [component_container_isolated-1] [INFO] [1772609622.333210232] [controller_server]: [MPPI] Applied savitskyGolayFilter()
[process_manager-1] [component_container_isolated-1] [INFO] [1772609622.333226252] [controller_server]: [MPPI] Output control: vx=-0.872, vy=0.000, wz=-0.297
[process_manager-1] [component_container_isolated-1] [INFO] [1772609622.333243302] [controller_server]: [MPPI] === evalControl() complete ===
[process_manager-1] [component_container_isolated-1] [WARN] [1772609622.333592460] [controller_server]: Control loop missed its desired rate of 30.0000Hz
[process_manager-1] [component_container_isolated-1] [INFO] [1772609622.415063557] [controller_server]: [MPPI] === evalControl() called ===
[process_manager-1] [component_container_isolated-1] [INFO] [1772609622.415111584] [controller_server]: Robot pose: (-1.35, 0.38, -0.64), speed: (-0.09, 0.10, -0.06)
[process_manager-1] [component_container_isolated-1] [INFO] [1772609622.415167304] [controller_server]: Plan size: 61
[process_manager-1] [component_container_isolated-1] [INFO] [1772609622.415183534] [controller_server]: [MPPI] prepare() done. critics_data_.fail_flag = 0
[process_manager-1] [component_container_isolated-1] [INFO] [1772609622.415192710] [controller_server]: [MPPI] Running optimize() iteration #0
[process_manager-1] [navsat_transform_node-6] [INFO] [1772609622.431805401] [navsat_transform]: Datum (latitude, longitude, altitude) is (30.77, 103.98, 527.80)
[process_manager-1] [navsat_transform_node-6] [INFO] [1772609622.431869621] [navsat_transform]: Datum UTM coordinate is (48R, 402845.10, 3404333.74)
[process_manager-1] [component_container_isolated-1] [INFO] [1772609622.445447200] [controller_server]: [MPPI] optimize() finished. fail_flag = 0
[process_manager-1] [component_container_isolated-1] [INFO] [1772609622.445593777] [controller_server]: [MPPI] Applied savitskyGolayFilter()
[process_manager-1] [component_container_isolated-1] [INFO] [1772609622.445604966] [controller_server]: [MPPI] Output control: vx=-0.873, vy=0.000, wz=-0.230
[process_manager-1] [component_container_isolated-1] [INFO] [1772609622.445618130] [controller_server]: [MPPI] === evalControl() complete ===
[process_manager-1] [component_container_isolated-1] [WARN] [1772609622.445977601] [controller_server]: Control loop missed its desired rate of 30.0000Hz
[process_manager-1] [component_container_isolated-1] [INFO] [1772609622.518189521] [controller_server]: [MPPI] === evalControl() called ===
[process_manager-1] [component_container_isolated-1] [INFO] [1772609622.518289738] [controller_server]: Robot pose: (-1.36, 0.40, -0.65), speed: (-0.12, 0.10, -0.10)
[process_manager-1] [component_container_isolated-1] [INFO] [1772609622.518310364] [controller_server]: Plan size: 61
[process_manager-1] [component_container_isolated-1] [INFO] [1772609622.518332340] [controller_server]: [MPPI] prepare() done. critics_data_.fail_flag = 0
[process_manager-1] [component_container_isolated-1] [INFO] [1772609622.518344132] [controller_server]: [MPPI] Running optimize() iteration #0
[process_manager-1] [component_container_isolated-1] [INFO] [1772609622.545243246] [controller_server]: [MPPI] optimize() finished. fail_flag = 0
[process_manager-1] [component_container_isolated-1] [INFO] [1772609622.545369622] [controller_server]: [MPPI] Applied savitskyGolayFilter()
[process_manager-1] [component_container_isolated-1] [INFO] [1772609622.545378134] [controller_server]: [MPPI] Output control: vx=-0.868, vy=0.000, wz=-0.183
[process_manager-1] [component_container_isolated-1] [INFO] [1772609622.545389266] [controller_server]: [MPPI] === evalControl() complete ===
[process_manager-1] [component_container_isolated-1] [WARN] [1772609622.545801132] [controller_server]: Control loop missed its desired rate of 30.0000Hz
[process_manager-1] [component_container_isolated-1] [INFO] [1772609622.617558347] [controller_server]: [MPPI] === evalControl() called ===
[process_manager-1] [component_container_isolated-1] [INFO] [1772609622.617607790] [controller_server]: Robot pose: (-1.37, 0.41, -0.66), speed: (-0.14, 0.13, -0.11)
[process_manager-1] [component_container_isolated-1] [INFO] [1772609622.617633349] [controller_server]: Plan size: 61
[process_manager-1] [component_container_isolated-1] [INFO] [1772609622.617654373] [controller_server]: [MPPI] prepare() done. critics_data_.fail_flag = 0
[process_manager-1] [component_container_isolated-1] [INFO] [1772609622.617667704] [controller_server]: [MPPI] Running optimize() iteration #0
[process_manager-1] [component_container_isolated-1] [INFO] [1772609622.650059345] [controller_server]: [MPPI] optimize() finished. fail_flag = 0
[process_manager-1] [component_container_isolated-1] [INFO] [1772609622.650309982] [controller_server]: [MPPI] Applied savitskyGolayFilter()
[process_manager-1] [component_container_isolated-1] [INFO] [1772609622.650343636] [controller_server]: [MPPI] Output control: vx=-0.861, vy=0.000, wz=-0.129
[process_manager-1] [component_container_isolated-1] [INFO] [1772609622.650396851] [controller_server]: [MPPI] === evalControl() complete ===
[process_manager-1] [component_container_isolated-1] [WARN] [1772609622.652008914] [controller_server]: Control loop missed its desired rate of 30.0000Hz
[process_manager-1] [component_container_isolated-1] [INFO] [1772609622.714054041] [controller_server]: [MPPI] === evalControl() called ===
[process_manager-1] [component_container_isolated-1] [INFO] [1772609622.714110075] [controller_server]: Robot pose: (-1.40, 0.43, -0.67), speed: (-0.13, 0.12, -0.15)
[process_manager-1] [component_container_isolated-1] [INFO] [1772609622.714123829] [controller_server]: Plan size: 61
[process_manager-1] [component_container_isolated-1] [INFO] [1772609622.714134806] [controller_server]: [MPPI] prepare() done. critics_data_.fail_flag = 0
[process_manager-1] [component_container_isolated-1] [INFO] [1772609622.714142069] [controller_server]: [MPPI] Running optimize() iteration #0
[process_manager-1] [component_container_isolated-1] [INFO] [1772609622.745252119] [controller_server]: [MPPI] optimize() finished. fail_flag = 0
[process_manager-1] [component_container_isolated-1] [INFO] [1772609622.745567326] [controller_server]: [MPPI] Applied savitskyGolayFilter()
[process_manager-1] [component_container_isolated-1] [INFO] [1772609622.745588927] [controller_server]: [MPPI] Output control: vx=-0.857, vy=0.000, wz=-0.071
[process_manager-1] [component_container_isolated-1] [INFO] [1772609622.745609567] [controller_server]: [MPPI] === evalControl() complete ===
[process_manager-1] [component_container_isolated-1] [WARN] [1772609622.745964333] [controller_server]: Control loop missed its desired rate of 30.0000Hz
[process_manager-1] [component_container_isolated-1] [INFO] [1772609622.818648025] [controller_server]: [MPPI] === evalControl() called ===
[process_manager-1] [component_container_isolated-1] [INFO] [1772609622.818746184] [controller_server]: Robot pose: (-1.41, 0.44, -0.68), speed: (-0.14, 0.17, -0.11)
[process_manager-1] [component_container_isolated-1] [INFO] [1772609622.818839377] [controller_server]: Plan size: 61
[process_manager-1] [component_container_isolated-1] [INFO] [1772609622.818870650] [controller_server]: [MPPI] prepare() done. critics_data_.fail_flag = 0
[process_manager-1] [component_container_isolated-1] [INFO] [1772609622.818888699] [controller_server]: [MPPI] Running optimize() iteration #0
[process_manager-1] [component_container_isolated-1] [INFO] [1772609622.847450734] [controller_server]: [MPPI] optimize() finished. fail_flag = 0
[process_manager-1] [component_container_isolated-1] [INFO] [1772609622.847768000] [controller_server]: [MPPI] Applied savitskyGolayFilter()
[process_manager-1] [component_container_isolated-1] [INFO] [1772609622.847805653] [controller_server]: [MPPI] Output control: vx=-0.853, vy=0.000, wz=-0.023
[process_manager-1] [component_container_isolated-1] [INFO] [1772609622.847834862] [controller_server]: [MPPI] === evalControl() complete ===
[process_manager-1] [component_container_isolated-1] [WARN] [1772609622.848465170] [controller_server]: Control loop missed its desired rate of 30.0000Hz
[process_manager-1] [component_container_isolated-1] [INFO] [1772609622.909780395] [controller_server]: [MPPI] === evalControl() called ===
[process_manager-1] [component_container_isolated-1] [INFO] [1772609622.909932495] [controller_server]: Robot pose: (-1.45, 0.44, -0.69), speed: (-0.15, 0.18, -0.10)
[process_manager-1] [component_container_isolated-1] [INFO] [1772609622.909955931] [controller_server]: Plan size: 61
[process_manager-1] [component_container_isolated-1] [INFO] [1772609622.909986620] [controller_server]: [MPPI] prepare() done. critics_data_.fail_flag = 0
[process_manager-1] [component_container_isolated-1] [INFO] [1772609622.910004049] [controller_server]: [MPPI] Running optimize() iteration #0
[process_manager-1] [component_container_isolated-1] [INFO] [1772609622.933940482] [controller_server]: [MPPI] optimize() finished. fail_flag = 0
[process_manager-1] [component_container_isolated-1] [INFO] [1772609622.934063195] [controller_server]: [MPPI] Applied savitskyGolayFilter()
[process_manager-1] [component_container_isolated-1] [INFO] [1772609622.934074377] [controller_server]: [MPPI] Output control: vx=-0.857, vy=0.000, wz=0.012
[process_manager-1] [component_container_isolated-1] [INFO] [1772609622.934083476] [controller_server]: [MPPI] === evalControl() complete ===
[process_manager-1] [component_container_isolated-1] [WARN] [1772609622.934329258] [controller_server]: Control loop missed its desired rate of 30.0000Hz
[process_manager-1] [component_container_isolated-1] [INFO] [1772609623.016140762] [controller_server]: [MPPI] === evalControl() called ===
[process_manager-1] [component_container_isolated-1] [INFO] [1772609623.016206920] [controller_server]: Robot pose: (-1.48, 0.45, -0.70), speed: (-0.15, 0.16, -0.07)
[process_manager-1] [component_container_isolated-1] [INFO] [1772609623.016221189] [controller_server]: Plan size: 61
[process_manager-1] [component_container_isolated-1] [INFO] [1772609623.016244188] [controller_server]: [MPPI] prepare() done. critics_data_.fail_flag = 0
[process_manager-1] [component_container_isolated-1] [INFO] [1772609623.016258808] [controller_server]: [MPPI] Running optimize() iteration #0
[process_manager-1] [component_container_isolated-1] [INFO] [1772609623.055722820] [controller_server]: [MPPI] optimize() finished. fail_flag = 0
[process_manager-1] [component_container_isolated-1] [INFO] [1772609623.056181349] [controller_server]: [MPPI] Applied savitskyGolayFilter()
[process_manager-1] [component_container_isolated-1] [INFO] [1772609623.056211785] [controller_server]: [MPPI] Output control: vx=-0.863, vy=0.000, wz=0.039
[process_manager-1] [component_container_isolated-1] [INFO] [1772609623.056248264] [controller_server]: [MPPI] === evalControl() complete ===
[process_manager-1] [component_container_isolated-1] [WARN] [1772609623.057550088] [controller_server]: Control loop missed its desired rate of 30.0000Hz
[process_manager-1] [component_container_isolated-1] [INFO] [1772609623.111972437] [controller_server]: [MPPI] === evalControl() called ===
[process_manager-1] [component_container_isolated-1] [INFO] [1772609623.112852317] [controller_server]: Robot pose: (-1.49, 0.47, -0.71), speed: (-0.17, 0.15, -0.04)
[process_manager-1] [component_container_isolated-1] [INFO] [1772609623.112902962] [controller_server]: Plan size: 61
[process_manager-1] [component_container_isolated-1] [INFO] [1772609623.112953408] [controller_server]: [MPPI] prepare() done. critics_data_.fail_flag = 0
[process_manager-1] [component_container_isolated-1] [INFO] [1772609623.112975261] [controller_server]: [MPPI] Running optimize() iteration #0
[process_manager-1] [component_container_isolated-1] [INFO] [1772609623.151313107] [controller_server]: [MPPI] optimize() finished. fail_flag = 0
[process_manager-1] [component_container_isolated-1] [INFO] [1772609623.151794470] [controller_server]: [MPPI] Applied savitskyGolayFilter()
[process_manager-1] [component_container_isolated-1] [INFO] [1772609623.151850242] [controller_server]: [MPPI] Output control: vx=-0.867, vy=0.000, wz=0.069
[process_manager-1] [component_container_isolated-1] [INFO] [1772609623.151877309] [controller_server]: [MPPI] === evalControl() complete ===
[process_manager-1] [component_container_isolated-1] [WARN] [1772609623.154374120] [controller_server]: Control loop missed its desired rate of 30.0000Hz
[process_manager-1] [component_container_isolated-1] [WARN] [1772609623.237810524] [BehaviorTreeEngine]: Behavior Tree tick rate 50.00 was exceeded!
[process_manager-1] [component_container_isolated-1] [INFO] [1772609623.347398862] [controller_server]: [MPPI] === evalControl() called ===
[process_manager-1] [component_container_isolated-1] [INFO] [1772609623.348202112] [controller_server]: Robot pose: (-1.53, 0.48, -0.71), speed: (-0.13, 0.18, -0.02)
[process_manager-1] [component_container_isolated-1] [INFO] [1772609623.348269115] [controller_server]: Plan size: 61
[process_manager-1] [component_container_isolated-1] [INFO] [1772609623.348330333] [controller_server]: [MPPI] prepare() done. critics_data_.fail_flag = 0
[process_manager-1] [component_container_isolated-1] [INFO] [1772609623.348358129] [controller_server]: [MPPI] Running optimize() iteration #0
[process_manager-1] [component_container_isolated-1] [INFO] [1772609623.393311201] [controller_server]: [MPPI] optimize() finished. fail_flag = 0
[process_manager-1] [component_container_isolated-1] [INFO] [1772609623.393626532] [controller_server]: [MPPI] Applied savitskyGolayFilter()
[process_manager-1] [component_container_isolated-1] [INFO] [1772609623.393690823] [controller_server]: [MPPI] Output control: vx=-0.877, vy=0.000, wz=0.087
[process_manager-1] [component_container_isolated-1] [INFO] [1772609623.393739557] [controller_server]: [MPPI] === evalControl() complete ===
[process_manager-1] [component_container_isolated-1] [WARN] [1772609623.395486164] [controller_server]: Control loop missed its desired rate of 30.0000Hz
[process_manager-1] [component_container_isolated-1] [INFO] [1772609623.417106551] [controller_server]: [MPPI] === evalControl() called ===
[process_manager-1] [component_container_isolated-1] [INFO] [1772609623.417510874] [controller_server]: Robot pose: (-1.53, 0.52, -0.71), speed: (-0.11, 0.16, 0.02)
[process_manager-1] [component_container_isolated-1] [INFO] [1772609623.417571323] [controller_server]: Plan size: 61
[process_manager-1] [component_container_isolated-1] [INFO] [1772609623.417623471] [controller_server]: [MPPI] prepare() done. critics_data_.fail_flag = 0
[process_manager-1] [component_container_isolated-1] [INFO] [1772609623.417675134] [controller_server]: [MPPI] Running optimize() iteration #0
[process_manager-1] [navsat_transform_node-6] [INFO] [1772609623.426642116] [navsat_transform]: Datum (latitude, longitude, altitude) is (30.77, 103.98, 527.70)
[process_manager-1] [navsat_transform_node-6] [INFO] [1772609623.426863887] [navsat_transform]: Datum UTM coordinate is (48R, 402845.14, 3404333.53)
[process_manager-1] [component_container_isolated-1] [INFO] [1772609623.470142256] [controller_server]: [MPPI] optimize() finished. fail_flag = 0
[process_manager-1] [component_container_isolated-1] [INFO] [1772609623.472082195] [controller_server]: [MPPI] Applied savitskyGolayFilter()
[process_manager-1] [component_container_isolated-1] [INFO] [1772609623.472220414] [controller_server]: [MPPI] Output control: vx=-0.880, vy=0.000, wz=0.116
[process_manager-1] [component_container_isolated-1] [INFO] [1772609623.472246556] [controller_server]: [MPPI] === evalControl() complete ===
[process_manager-1] [component_container_isolated-1] [WARN] [1772609623.480420876] [controller_server]: Control loop missed its desired rate of 30.0000Hz
[process_manager-1] [component_container_isolated-1] [INFO] [1772609623.545596425] [controller_server]: [MPPI] === evalControl() called ===
[process_manager-1] [component_container_isolated-1] [INFO] [1772609623.545804427] [controller_server]: Robot pose: (-1.54, 0.53, -0.71), speed: (-0.11, 0.16, 0.02)
[process_manager-1] [component_container_isolated-1] [INFO] [1772609623.545879400] [controller_server]: Plan size: 60
[process_manager-1] [component_container_isolated-1] [INFO] [1772609623.545926987] [controller_server]: [MPPI] prepare() done. critics_data_.fail_flag = 0
[process_manager-1] [component_container_isolated-1] [INFO] [1772609623.545945333] [controller_server]: [MPPI] Running optimize() iteration #0
[process_manager-1] [component_container_isolated-1] [INFO] [1772609623.591791583] [controller_server]: [MPPI] optimize() finished. fail_flag = 0
[process_manager-1] [component_container_isolated-1] [INFO] [1772609623.592116324] [controller_server]: [MPPI] Applied savitskyGolayFilter()
[process_manager-1] [component_container_isolated-1] [INFO] [1772609623.592144602] [controller_server]: [MPPI] Output control: vx=-0.889, vy=0.000, wz=0.136
[process_manager-1] [component_container_isolated-1] [INFO] [1772609623.592164257] [controller_server]: [MPPI] === evalControl() complete ===
[process_manager-1] [component_container_isolated-1] [WARN] [1772609623.592693014] [controller_server]: Control loop missed its desired rate of 30.0000Hz
[process_manager-1] [component_container_isolated-1] [INFO] [1772609623.613842761] [controller_server]: [MPPI] === evalControl() called ===
[process_manager-1] [component_container_isolated-1] [INFO] [1772609623.613952228] [controller_server]: Robot pose: (-1.55, 0.55, -0.70), speed: (-0.10, 0.19, 0.02)
[process_manager-1] [component_container_isolated-1] [INFO] [1772609623.613975278] [controller_server]: Plan size: 60
[process_manager-1] [component_container_isolated-1] [INFO] [1772609623.613997152] [controller_server]: [MPPI] prepare() done. critics_data_.fail_flag = 0
[process_manager-1] [component_container_isolated-1] [INFO] [1772609623.614010291] [controller_server]: [MPPI] Running optimize() iteration #0
[process_manager-1] [component_container_isolated-1] [INFO] [1772609623.657773194] [controller_server]: [MPPI] optimize() finished. fail_flag = 0
[process_manager-1] [component_container_isolated-1] [INFO] [1772609623.657976077] [controller_server]: [MPPI] Applied savitskyGolayFilter()
[process_manager-1] [component_container_isolated-1] [INFO] [1772609623.657999576] [controller_server]: [MPPI] Output control: vx=-0.903, vy=0.000, wz=0.155
[process_manager-1] [component_container_isolated-1] [INFO] [1772609623.658015342] [controller_server]: [MPPI] === evalControl() complete ===
[process_manager-1] [component_container_isolated-1] [INFO] [1772609623.713481505] [controller_server]: [MPPI] === evalControl() called ===
[process_manager-1] [component_container_isolated-1] [INFO] [1772609623.713718192] [controller_server]: Robot pose: (-1.56, 0.56, -0.70), speed: (-0.09, 0.19, 0.03)
[process_manager-1] [component_container_isolated-1] [INFO] [1772609623.713779262] [controller_server]: Plan size: 60
[process_manager-1] [component_container_isolated-1] [INFO] [1772609623.713835167] [controller_server]: [MPPI] prepare() done. critics_data_.fail_flag = 0
[process_manager-1] [component_container_isolated-1] [INFO] [1772609623.713859049] [controller_server]: [MPPI] Running optimize() iteration #0
[process_manager-1] [component_container_isolated-1] [INFO] [1772609623.763123198] [controller_server]: [MPPI] optimize() finished. fail_flag = 0
[process_manager-1] [component_container_isolated-1] [INFO] [1772609623.765922853] [controller_server]: [MPPI] Applied savitskyGolayFilter()
[process_manager-1] [component_container_isolated-1] [INFO] [1772609623.765979942] [controller_server]: [MPPI] Output control: vx=-0.919, vy=0.000, wz=0.171
[process_manager-1] [component_container_isolated-1] [INFO] [1772609623.765998486] [controller_server]: [MPPI] === evalControl() complete ===
[process_manager-1] [component_container_isolated-1] [WARN] [1772609623.766824712] [controller_server]: Control loop missed its desired rate of 30.0000Hz
[process_manager-1] [component_container_isolated-1] [INFO] [1772609623.819852375] [controller_server]: [MPPI] === evalControl() called ===
[process_manager-1] [component_container_isolated-1] [INFO] [1772609623.819958013] [controller_server]: Robot pose: (-1.57, 0.58, -0.70), speed: (-0.08, 0.18, 0.03)
[process_manager-1] [component_container_isolated-1] [INFO] [1772609623.819983315] [controller_server]: Plan size: 61
[process_manager-1] [component_container_isolated-1] [INFO] [1772609623.820005868] [controller_server]: [MPPI] prepare() done. critics_data_.fail_flag = 0
[process_manager-1] [component_container_isolated-1] [INFO] [1772609623.820086891] [controller_server]: [MPPI] Running optimize() iteration #0
[process_manager-1] [component_container_isolated-1] [INFO] [1772609623.854099837] [controller_server]: [MPPI] optimize() finished. fail_flag = 0
[process_manager-1] [component_container_isolated-1] [INFO] [1772609623.854358540] [controller_server]: [MPPI] Applied savitskyGolayFilter()
[process_manager-1] [component_container_isolated-1] [INFO] [1772609623.854380907] [controller_server]: [MPPI] Output control: vx=-0.936, vy=0.000, wz=0.187
[process_manager-1] [component_container_isolated-1] [INFO] [1772609623.854406485] [controller_server]: [MPPI] === evalControl() complete ===
[process_manager-1] [component_container_isolated-1] [WARN] [1772609623.854956516] [controller_server]: Control loop missed its desired rate of 30.0000Hz
[process_manager-1] [component_container_isolated-1] [WARN] [1772609623.913039301] [planner_server]: Planner loop missed its desired rate of 20.0000 Hz. Current loop rate is 0.7714 Hz
[process_manager-1] [component_container_isolated-1] [INFO] [1772609623.917233142] [controller_server]: [MPPI] === evalControl() called ===
[process_manager-1] [component_container_isolated-1] [INFO] [1772609623.917301412] [controller_server]: Robot pose: (-1.58, 0.60, -0.69), speed: (-0.09, 0.18, 0.07)
[process_manager-1] [component_container_isolated-1] [INFO] [1772609623.917326302] [controller_server]: Plan size: 61
[process_manager-1] [component_container_isolated-1] [INFO] [1772609623.917346581] [controller_server]: [MPPI] prepare() done. critics_data_.fail_flag = 0
[process_manager-1] [component_container_isolated-1] [INFO] [1772609623.917360472] [controller_server]: [MPPI] Running optimize() iteration #0
[process_manager-1] [component_container_isolated-1] [INFO] [1772609623.947341548] [controller_server]: [MPPI] optimize() finished. fail_flag = 0
[process_manager-1] [component_container_isolated-1] [INFO] [1772609623.947579647] [controller_server]: [MPPI] Applied savitskyGolayFilter()
[process_manager-1] [component_container_isolated-1] [INFO] [1772609623.947600504] [controller_server]: [MPPI] Output control: vx=-0.958, vy=0.000, wz=0.198
[process_manager-1] [component_container_isolated-1] [INFO] [1772609623.947621124] [controller_server]: [MPPI] === evalControl() complete ===
[process_manager-1] [component_container_isolated-1] [WARN] [1772609623.948006543] [controller_server]: Control loop missed its desired rate of 30.0000Hz
[process_manager-1] [component_container_isolated-1] [INFO] [1772609623.948035796] [controller_server]: Passing new path to controller.
[process_manager-1] [component_container_isolated-1] [INFO] [1772609624.011034766] [controller_server]: [MPPI] === evalControl() called ===
[process_manager-1] [component_container_isolated-1] [INFO] [1772609624.011099396] [controller_server]: Robot pose: (-1.59, 0.61, -0.69), speed: (-0.10, 0.19, 0.05)
[process_manager-1] [component_container_isolated-1] [INFO] [1772609624.011123015] [controller_server]: Plan size: 61
[process_manager-1] [component_container_isolated-1] [INFO] [1772609624.011142727] [controller_server]: [MPPI] prepare() done. critics_data_.fail_flag = 0
[process_manager-1] [component_container_isolated-1] [INFO] [1772609624.011155924] [controller_server]: [MPPI] Running optimize() iteration #0
[process_manager-1] [component_container_isolated-1] [INFO] [1772609624.039700682] [controller_server]: [MPPI] optimize() finished. fail_flag = 0
[process_manager-1] [component_container_isolated-1] [INFO] [1772609624.039876100] [controller_server]: [MPPI] Applied savitskyGolayFilter()
[process_manager-1] [component_container_isolated-1] [INFO] [1772609624.039898005] [controller_server]: [MPPI] Output control: vx=-0.977, vy=0.000, wz=0.208
[process_manager-1] [component_container_isolated-1] [INFO] [1772609624.039914354] [controller_server]: [MPPI] === evalControl() complete ===
[process_manager-1] [component_container_isolated-1] [WARN] [1772609624.040260829] [controller_server]: Control loop missed its desired rate of 30.0000Hz
[process_manager-1] [component_container_isolated-1] [INFO] [1772609624.112472131] [controller_server]: [MPPI] === evalControl() called ===
[process_manager-1] [component_container_isolated-1] [INFO] [1772609624.112634531] [controller_server]: Robot pose: (-1.60, 0.63, -0.68), speed: (-0.06, 0.19, 0.08)
[process_manager-1] [component_container_isolated-1] [INFO] [1772609624.112665715] [controller_server]: Plan size: 61
[process_manager-1] [component_container_isolated-1] [INFO] [1772609624.112694900] [controller_server]: [MPPI] prepare() done. critics_data_.fail_flag = 0
[process_manager-1] [component_container_isolated-1] [INFO] [1772609624.112710237] [controller_server]: [MPPI] Running optimize() iteration #0
[process_manager-1] [component_container_isolated-1] [INFO] [1772609624.142109659] [controller_server]: [MPPI] optimize() finished. fail_flag = 0
[process_manager-1] [component_container_isolated-1] [INFO] [1772609624.142325599] [controller_server]: [MPPI] Applied savitskyGolayFilter()
[process_manager-1] [component_container_isolated-1] [INFO] [1772609624.142342454] [controller_server]: [MPPI] Output control: vx=-1.002, vy=0.000, wz=0.211
[process_manager-1] [component_container_isolated-1] [INFO] [1772609624.142360837] [controller_server]: [MPPI] === evalControl() complete ===
[process_manager-1] [component_container_isolated-1] [WARN] [1772609624.142793323] [controller_server]: Control loop missed its desired rate of 30.0000Hz
[process_manager-1] [component_container_isolated-1] [INFO] [1772609624.215216210] [controller_server]: [MPPI] === evalControl() called ===
[process_manager-1] [component_container_isolated-1] [INFO] [1772609624.215304495] [controller_server]: Robot pose: (-1.71, 0.65, -0.67), speed: (-0.09, 0.20, 0.07)
[process_manager-1] [component_container_isolated-1] [INFO] [1772609624.215327385] [controller_server]: Plan size: 60
[process_manager-1] [component_container_isolated-1] [INFO] [1772609624.215349068] [controller_server]: [MPPI] prepare() done. critics_data_.fail_flag = 0
[process_manager-1] [component_container_isolated-1] [INFO] [1772609624.215359974] [controller_server]: [MPPI] Running optimize() iteration #0
[process_manager-1] [component_container_isolated-1] [INFO] [1772609624.253742233] [controller_server]: [MPPI] optimize() finished. fail_flag = 0
[process_manager-1] [component_container_isolated-1] [INFO] [1772609624.254143054] [controller_server]: [MPPI] Applied savitskyGolayFilter()
[process_manager-1] [component_container_isolated-1] [INFO] [1772609624.254180352] [controller_server]: [MPPI] Output control: vx=-1.025, vy=0.000, wz=0.195
[process_manager-1] [component_container_isolated-1] [INFO] [1772609624.254204096] [controller_server]: [MPPI] === evalControl() complete ===
[process_manager-1] [component_container_isolated-1] [WARN] [1772609624.254606442] [controller_server]: Control loop missed its desired rate of 30.0000Hz
[process_manager-1] [component_container_isolated-1] [INFO] [1772609624.316508925] [controller_server]: [MPPI] === evalControl() called ===
[process_manager-1] [component_container_isolated-1] [INFO] [1772609624.316691353] [controller_server]: Robot pose: (-1.76, 0.66, -0.67), speed: (-0.09, 0.20, 0.08)
[process_manager-1] [component_container_isolated-1] [INFO] [1772609624.316915123] [controller_server]: Plan size: 60
[process_manager-1] [component_container_isolated-1] [INFO] [1772609624.316975181] [controller_server]: [MPPI] prepare() done. critics_data_.fail_flag = 0
[process_manager-1] [component_container_isolated-1] [INFO] [1772609624.316995376] [controller_server]: [MPPI] Running optimize() iteration #0
[process_manager-1] [component_container_isolated-1] [INFO] [1772609624.363093160] [controller_server]: [MPPI] optimize() finished. fail_flag = 0
[process_manager-1] [component_container_isolated-1] [INFO] [1772609624.364309215] [controller_server]: [MPPI] Applied savitskyGolayFilter()
[process_manager-1] [component_container_isolated-1] [INFO] [1772609624.364461774] [controller_server]: [MPPI] Output control: vx=-1.050, vy=0.000, wz=0.174
[process_manager-1] [component_container_isolated-1] [INFO] [1772609624.364542046] [controller_server]: [MPPI] === evalControl() complete ===
[process_manager-1] [component_container_isolated-1] [WARN] [1772609624.365834432] [controller_server]: Control loop missed its desired rate of 30.0000Hz
[process_manager-1] [component_container_isolated-1] [INFO] [1772609624.367667477] [controller_server]: [MPPI] === evalControl() called ===
[process_manager-1] [component_container_isolated-1] [INFO] [1772609624.367726482] [controller_server]: Robot pose: (-1.77, 0.67, -0.66), speed: (-0.11, 0.20, 0.09)
[process_manager-1] [component_container_isolated-1] [INFO] [1772609624.367754024] [controller_server]: Plan size: 60
[process_manager-1] [component_container_isolated-1] [INFO] [1772609624.367796362] [controller_server]: [MPPI] prepare() done. critics_data_.fail_flag = 0
[process_manager-1] [component_container_isolated-1] [INFO] [1772609624.367811036] [controller_server]: [MPPI] Running optimize() iteration #0
[process_manager-1] [component_container_isolated-1] [INFO] [1772609624.404772744] [controller_server]: [MPPI] optimize() finished. fail_flag = 0
[process_manager-1] [component_container_isolated-1] [INFO] [1772609624.405241382] [controller_server]: [MPPI] Applied savitskyGolayFilter()
[process_manager-1] [component_container_isolated-1] [INFO] [1772609624.405282214] [controller_server]: [MPPI] Output control: vx=-1.065, vy=0.000, wz=0.161
[process_manager-1] [component_container_isolated-1] [INFO] [1772609624.406581035] [controller_server]: [MPPI] === evalControl() complete ===
[process_manager-1] [navsat_transform_node-6] [INFO] [1772609624.421823272] [navsat_transform]: Datum (latitude, longitude, altitude) is (30.77, 103.98, 527.50)
[process_manager-1] [navsat_transform_node-6] [INFO] [1772609624.421931583] [navsat_transform]: Datum UTM coordinate is (48R, 402845.14, 3404333.29)
[process_manager-1] [component_container_isolated-1] [INFO] [1772609624.516752377] [controller_server]: [MPPI] === evalControl() called ===
[process_manager-1] [component_container_isolated-1] [INFO] [1772609624.518544826] [controller_server]: Robot pose: (-1.83, 0.67, -0.65), speed: (-0.15, 0.19, 0.09)
[process_manager-1] [component_container_isolated-1] [INFO] [1772609624.518583343] [controller_server]: Plan size: 60
[process_manager-1] [component_container_isolated-1] [INFO] [1772609624.518625102] [controller_server]: [MPPI] prepare() done. critics_data_.fail_flag = 0
[process_manager-1] [component_container_isolated-1] [INFO] [1772609624.518641963] [controller_server]: [MPPI] Running optimize() iteration #0
[process_manager-1] [component_container_isolated-1] [INFO] [1772609624.566318112] [controller_server]: [MPPI] optimize() finished. fail_flag = 0
[process_manager-1] [component_container_isolated-1] [INFO] [1772609624.566677245] [controller_server]: [MPPI] Applied savitskyGolayFilter()
[process_manager-1] [component_container_isolated-1] [INFO] [1772609624.566706525] [controller_server]: [MPPI] Output control: vx=-1.086, vy=0.000, wz=0.126
[process_manager-1] [component_container_isolated-1] [INFO] [1772609624.566735083] [controller_server]: [MPPI] === evalControl() complete ===
[process_manager-1] [component_container_isolated-1] [WARN] [1772609624.567688430] [controller_server]: Control loop missed its desired rate of 30.0000Hz
[process_manager-1] [component_container_isolated-1] [INFO] [1772609624.622221729] [controller_server]: [MPPI] === evalControl() called ===
[process_manager-1] [component_container_isolated-1] [INFO] [1772609624.622280606] [controller_server]: Robot pose: (-1.84, 0.69, -0.65), speed: (-0.14, 0.20, 0.08)
[process_manager-1] [component_container_isolated-1] [INFO] [1772609624.622304757] [controller_server]: Plan size: 60
[process_manager-1] [component_container_isolated-1] [INFO] [1772609624.622325981] [controller_server]: [MPPI] prepare() done. critics_data_.fail_flag = 0
[process_manager-1] [component_container_isolated-1] [INFO] [1772609624.622338481] [controller_server]: [MPPI] Running optimize() iteration #0
[process_manager-1] [component_container_isolated-1] [INFO] [1772609624.660247977] [controller_server]: [MPPI] optimize() finished. fail_flag = 0
[process_manager-1] [component_container_isolated-1] [INFO] [1772609624.660685905] [controller_server]: [MPPI] Applied savitskyGolayFilter()
[process_manager-1] [component_container_isolated-1] [INFO] [1772609624.660722089] [controller_server]: [MPPI] Output control: vx=-1.102, vy=0.000, wz=0.103
[process_manager-1] [component_container_isolated-1] [INFO] [1772609624.660748162] [controller_server]: [MPPI] === evalControl() complete ===
[process_manager-1] [component_container_isolated-1] [WARN] [1772609624.661562872] [controller_server]: Control loop missed its desired rate of 30.0000Hz
[process_manager-1] [component_container_isolated-1] [INFO] [1772609624.713267528] [controller_server]: [MPPI] === evalControl() called ===
[process_manager-1] [component_container_isolated-1] [INFO] [1772609624.713392083] [controller_server]: Robot pose: (-1.84, 0.72, -0.64), speed: (-0.16, 0.22, 0.10)
[process_manager-1] [component_container_isolated-1] [INFO] [1772609624.713427010] [controller_server]: Plan size: 60
[process_manager-1] [component_container_isolated-1] [INFO] [1772609624.713470398] [controller_server]: [MPPI] prepare() done. critics_data_.fail_flag = 0
[process_manager-1] [component_container_isolated-1] [INFO] [1772609624.713487044] [controller_server]: [MPPI] Running optimize() iteration #0
[process_manager-1] [component_container_isolated-1] [INFO] [1772609624.751035241] [controller_server]: [MPPI] optimize() finished. fail_flag = 0
[process_manager-1] [component_container_isolated-1] [INFO] [1772609624.752329792] [controller_server]: [MPPI] Applied savitskyGolayFilter()
[process_manager-1] [component_container_isolated-1] [INFO] [1772609624.752362885] [controller_server]: [MPPI] Output control: vx=-1.113, vy=0.000, wz=0.097
[process_manager-1] [component_container_isolated-1] [INFO] [1772609624.752381188] [controller_server]: [MPPI] === evalControl() complete ===
[process_manager-1] [component_container_isolated-1] [WARN] [1772609624.752972916] [controller_server]: Control loop missed its desired rate of 30.0000Hz
[process_manager-1] [component_container_isolated-1] [INFO] [1772609624.814766249] [controller_server]: [MPPI] === evalControl() called ===
[process_manager-1] [component_container_isolated-1] [INFO] [1772609624.814979990] [controller_server]: Robot pose: (-1.85, 0.75, -0.62), speed: (-0.20, 0.23, 0.07)
[process_manager-1] [component_container_isolated-1] [INFO] [1772609624.815032878] [controller_server]: Plan size: 60
[process_manager-1] [component_container_isolated-1] [INFO] [1772609624.815070325] [controller_server]: [MPPI] prepare() done. critics_data_.fail_flag = 0
[process_manager-1] [component_container_isolated-1] [INFO] [1772609624.815089644] [controller_server]: [MPPI] Running optimize() iteration #0
[process_manager-1] [component_container_isolated-1] [INFO] [1772609624.843909649] [controller_server]: [MPPI] optimize() finished. fail_flag = 0
[process_manager-1] [component_container_isolated-1] [INFO] [1772609624.844344460] [controller_server]: [MPPI] Applied savitskyGolayFilter()
[process_manager-1] [component_container_isolated-1] [INFO] [1772609624.844369947] [controller_server]: [MPPI] Output control: vx=-1.118, vy=0.000, wz=0.100
[process_manager-1] [component_container_isolated-1] [INFO] [1772609624.844395988] [controller_server]: [MPPI] === evalControl() complete ===
[process_manager-1] [component_container_isolated-1] [WARN] [1772609624.845413610] [controller_server]: Control loop missed its desired rate of 30.0000Hz
[process_manager-1] [component_container_isolated-1] [INFO] [1772609624.908094908] [controller_server]: [MPPI] === evalControl() called ===
[process_manager-1] [component_container_isolated-1] [INFO] [1772609624.908142034] [controller_server]: Robot pose: (-1.89, 0.75, -0.62), speed: (-0.19, 0.22, 0.06)
[process_manager-1] [component_container_isolated-1] [INFO] [1772609624.908154707] [controller_server]: Plan size: 60
[process_manager-1] [component_container_isolated-1] [INFO] [1772609624.908166541] [controller_server]: [MPPI] prepare() done. critics_data_.fail_flag = 0
[process_manager-1] [component_container_isolated-1] [INFO] [1772609624.908174719] [controller_server]: [MPPI] Running optimize() iteration #0
[process_manager-1] [component_container_isolated-1] [INFO] [1772609624.947398636] [controller_server]: [MPPI] optimize() finished. fail_flag = 0
[process_manager-1] [component_container_isolated-1] [INFO] [1772609624.947845023] [controller_server]: [MPPI] Applied savitskyGolayFilter()
[process_manager-1] [component_container_isolated-1] [INFO] [1772609624.947885718] [controller_server]: [MPPI] Output control: vx=-1.123, vy=0.000, wz=0.088
[process_manager-1] [component_container_isolated-1] [INFO] [1772609624.947926665] [controller_server]: [MPPI] === evalControl() complete ===
[process_manager-1] [component_container_isolated-1] [WARN] [1772609624.948540922] [controller_server]: Control loop missed its desired rate of 30.0000Hz
[process_manager-1] [component_container_isolated-1] [INFO] [1772609625.010400939] [controller_server]: [MPPI] === evalControl() called ===
[process_manager-1] [component_container_isolated-1] [INFO] [1772609625.010569640] [controller_server]: Robot pose: (-1.90, 0.78, -0.61), speed: (-0.20, 0.21, 0.05)
[process_manager-1] [component_container_isolated-1] [INFO] [1772609625.010603581] [controller_server]: Plan size: 60
[process_manager-1] [component_container_isolated-1] [INFO] [1772609625.010638692] [controller_server]: [MPPI] prepare() done. critics_data_.fail_flag = 0
[process_manager-1] [component_container_isolated-1] [INFO] [1772609625.010655603] [controller_server]: [MPPI] Running optimize() iteration #0
[process_manager-1] [component_container_isolated-1] [INFO] [1772609625.052421996] [controller_server]: [MPPI] optimize() finished. fail_flag = 0
[process_manager-1] [component_container_isolated-1] [INFO] [1772609625.052652199] [controller_server]: [MPPI] Applied savitskyGolayFilter()
[process_manager-1] [component_container_isolated-1] [INFO] [1772609625.052676859] [controller_server]: [MPPI] Output control: vx=-1.119, vy=0.000, wz=0.095
[process_manager-1] [component_container_isolated-1] [INFO] [1772609625.052696725] [controller_server]: [MPPI] === evalControl() complete ===
[process_manager-1] [component_container_isolated-1] [WARN] [1772609625.053132870] [controller_server]: Control loop missed its desired rate of 30.0000Hz
[process_manager-1] [component_container_isolated-1] [INFO] [1772609625.115042623] [controller_server]: [MPPI] === evalControl() called ===
[process_manager-1] [component_container_isolated-1] [INFO] [1772609625.115110484] [controller_server]: Robot pose: (-1.94, 0.79, -0.61), speed: (-0.21, 0.17, 0.05)
[process_manager-1] [component_container_isolated-1] [INFO] [1772609625.115125835] [controller_server]: Plan size: 60
[process_manager-1] [component_container_isolated-1] [INFO] [1772609625.115141525] [controller_server]: [MPPI] prepare() done. critics_data_.fail_flag = 0
[process_manager-1] [component_container_isolated-1] [INFO] [1772609625.115149424] [controller_server]: [MPPI] Running optimize() iteration #0
[process_manager-1] [component_container_isolated-1] [INFO] [1772609625.152473765] [controller_server]: [MPPI] optimize() finished. fail_flag = 0
[process_manager-1] [component_container_isolated-1] [INFO] [1772609625.152746967] [controller_server]: [MPPI] Applied savitskyGolayFilter()
[process_manager-1] [component_container_isolated-1] [INFO] [1772609625.152794744] [controller_server]: [MPPI] Output control: vx=-1.117, vy=0.000, wz=0.092
[process_manager-1] [component_container_isolated-1] [INFO] [1772609625.152819207] [controller_server]: [MPPI] === evalControl() complete ===
[process_manager-1] [component_container_isolated-1] [WARN] [1772609625.153611362] [controller_server]: Control loop missed its desired rate of 30.0000Hz
[process_manager-1] [component_container_isolated-1] [INFO] [1772609625.215890380] [controller_server]: [MPPI] === evalControl() called ===
[process_manager-1] [component_container_isolated-1] [INFO] [1772609625.215978884] [controller_server]: Robot pose: (-1.94, 0.82, -0.60), speed: (-0.21, 0.15, 0.03)
[process_manager-1] [component_container_isolated-1] [INFO] [1772609625.215993366] [controller_server]: Plan size: 60
[process_manager-1] [component_container_isolated-1] [INFO] [1772609625.216010125] [controller_server]: [MPPI] prepare() done. critics_data_.fail_flag = 0
[process_manager-1] [component_container_isolated-1] [INFO] [1772609625.216017181] [controller_server]: [MPPI] Running optimize() iteration #0
[process_manager-1] [component_container_isolated-1] [INFO] [1772609625.245743752] [controller_server]: [MPPI] optimize() finished. fail_flag = 0
[process_manager-1] [component_container_isolated-1] [INFO] [1772609625.246171645] [controller_server]: [MPPI] Applied savitskyGolayFilter()
[process_manager-1] [component_container_isolated-1] [INFO] [1772609625.246202701] [controller_server]: [MPPI] Output control: vx=-1.110, vy=0.000, wz=0.097
[process_manager-1] [component_container_isolated-1] [INFO] [1772609625.246223520] [controller_server]: [MPPI] === evalControl() complete ===
[process_manager-1] [component_container_isolated-1] [WARN] [1772609625.246458199] [controller_server]: Control loop missed its desired rate of 30.0000Hz
[process_manager-1] [component_container_isolated-1] [INFO] [1772609625.309476999] [controller_server]: [MPPI] === evalControl() called ===
[process_manager-1] [component_container_isolated-1] [INFO] [1772609625.309676718] [controller_server]: Robot pose: (-1.96, 0.83, -0.60), speed: (-0.21, 0.15, 0.04)
[process_manager-1] [component_container_isolated-1] [INFO] [1772609625.309718050] [controller_server]: Plan size: 60
[process_manager-1] [component_container_isolated-1] [INFO] [1772609625.309746113] [controller_server]: [MPPI] prepare() done. critics_data_.fail_flag = 0
[process_manager-1] [component_container_isolated-1] [INFO] [1772609625.309772896] [controller_server]: [MPPI] Running optimize() iteration #0
[process_manager-1] [component_container_isolated-1] [INFO] [1772609625.339276181] [controller_server]: [MPPI] optimize() finished. fail_flag = 0
[process_manager-1] [component_container_isolated-1] [INFO] [1772609625.339430180] [controller_server]: [MPPI] Applied savitskyGolayFilter()
[process_manager-1] [component_container_isolated-1] [INFO] [1772609625.339449710] [controller_server]: [MPPI] Output control: vx=-1.102, vy=0.000, wz=0.103
[process_manager-1] [component_container_isolated-1] [INFO] [1772609625.339476005] [controller_server]: [MPPI] === evalControl() complete ===
[process_manager-1] [component_container_isolated-1] [WARN] [1772609625.340960151] [controller_server]: Control loop missed its desired rate of 30.0000Hz
[process_manager-1] [navsat_transform_node-6] [INFO] [1772609625.403395975] [navsat_transform]: Datum (latitude, longitude, altitude) is (30.77, 103.98, 527.50)
[process_manager-1] [navsat_transform_node-6] [INFO] [1772609625.403567755] [navsat_transform]: Datum UTM coordinate is (48R, 402845.09, 3404332.96)
[process_manager-1] [component_container_isolated-1] [INFO] [1772609625.415090218] [controller_server]: [MPPI] === evalControl() called ===
[process_manager-1] [component_container_isolated-1] [INFO] [1772609625.415332651] [controller_server]: Robot pose: (-1.97, 0.86, -0.60), speed: (-0.22, 0.15, 0.04)
[process_manager-1] [component_container_isolated-1] [INFO] [1772609625.415393892] [controller_server]: Plan size: 60
[process_manager-1] [component_container_isolated-1] [INFO] [1772609625.415468639] [controller_server]: [MPPI] prepare() done. critics_data_.fail_flag = 0
[process_manager-1] [component_container_isolated-1] [INFO] [1772609625.415501873] [controller_server]: [MPPI] Running optimize() iteration #0
[process_manager-1] [component_container_isolated-1] [INFO] [1772609625.452399019] [controller_server]: [MPPI] optimize() finished. fail_flag = 0
[process_manager-1] [component_container_isolated-1] [INFO] [1772609625.452667046] [controller_server]: [MPPI] Applied savitskyGolayFilter()
[process_manager-1] [component_container_isolated-1] [INFO] [1772609625.452708437] [controller_server]: [MPPI] Output control: vx=-1.087, vy=0.000, wz=0.118
[process_manager-1] [component_container_isolated-1] [INFO] [1772609625.452737180] [controller_server]: [MPPI] === evalControl() complete ===
[process_manager-1] [component_container_isolated-1] [WARN] [1772609625.453908041] [controller_server]: Control loop missed its desired rate of 30.0000Hz
[process_manager-1] [component_container_isolated-1] [INFO] [1772609625.516584887] [controller_server]: [MPPI] === evalControl() called ===
[process_manager-1] [component_container_isolated-1] [INFO] [1772609625.516822149] [controller_server]: Robot pose: (-2.00, 0.87, -0.59), speed: (-0.21, 0.15, 0.04)
[process_manager-1] [component_container_isolated-1] [INFO] [1772609625.516915328] [controller_server]: Plan size: 60
[process_manager-1] [component_container_isolated-1] [INFO] [1772609625.516962737] [controller_server]: [MPPI] prepare() done. critics_data_.fail_flag = 0
[process_manager-1] [component_container_isolated-1] [INFO] [1772609625.516983789] [controller_server]: [MPPI] Running optimize() iteration #0
[process_manager-1] [component_container_isolated-1] [INFO] [1772609625.567727253] [controller_server]: [MPPI] optimize() finished. fail_flag = 0
[process_manager-1] [component_container_isolated-1] [INFO] [1772609625.568158629] [controller_server]: [MPPI] Applied savitskyGolayFilter()
[process_manager-1] [component_container_isolated-1] [INFO] [1772609625.568209713] [controller_server]: [MPPI] Output control: vx=-1.076, vy=0.000, wz=0.131
[process_manager-1] [component_container_isolated-1] [INFO] [1772609625.568262031] [controller_server]: [MPPI] === evalControl() complete ===
[process_manager-1] [component_container_isolated-1] [WARN] [1772609625.570285016] [controller_server]: Control loop missed its desired rate of 30.0000Hz
[process_manager-1] [component_container_isolated-1] [INFO] [1772609625.696604971] [controller_server]: [MPPI] === evalControl() called ===
[process_manager-1] [component_container_isolated-1] [INFO] [1772609625.696837570] [controller_server]: Robot pose: (-2.02, 0.89, -0.59), speed: (-0.21, 0.16, 0.04)
[process_manager-1] [component_container_isolated-1] [INFO] [1772609625.696887444] [controller_server]: Plan size: 60
[process_manager-1] [component_container_isolated-1] [INFO] [1772609625.696938514] [controller_server]: [MPPI] prepare() done. critics_data_.fail_flag = 0
[process_manager-1] [component_container_isolated-1] [INFO] [1772609625.696968507] [controller_server]: [MPPI] Running optimize() iteration #0
[process_manager-1] [component_container_isolated-1] [INFO] [1772609625.742608458] [controller_server]: [MPPI] optimize() finished. fail_flag = 0
[process_manager-1] [component_container_isolated-1] [INFO] [1772609625.743299196] [controller_server]: [MPPI] Applied savitskyGolayFilter()
[process_manager-1] [component_container_isolated-1] [INFO] [1772609625.743361342] [controller_server]: [MPPI] Output control: vx=-1.063, vy=0.000, wz=0.141
[process_manager-1] [component_container_isolated-1] [INFO] [1772609625.743398829] [controller_server]: [MPPI] === evalControl() complete ===
[process_manager-1] [component_container_isolated-1] [WARN] [1772609625.744541295] [controller_server]: Control loop missed its desired rate of 30.0000Hz
[process_manager-1] [component_container_isolated-1] [INFO] [1772609625.858750680] [controller_server]: [MPPI] === evalControl() called ===
[process_manager-1] [component_container_isolated-1] [INFO] [1772609625.858997723] [controller_server]: Robot pose: (-2.06, 0.92, -0.58), speed: (-0.21, 0.16, 0.05)
[process_manager-1] [component_container_isolated-1] [INFO] [1772609625.859045221] [controller_server]: Plan size: 60
[process_manager-1] [component_container_isolated-1] [INFO] [1772609625.859099453] [controller_server]: [MPPI] prepare() done. critics_data_.fail_flag = 0
[process_manager-1] [component_container_isolated-1] [INFO] [1772609625.859128898] [controller_server]: [MPPI] Running optimize() iteration #0
[process_manager-1] [component_container_isolated-1] [INFO] [1772609625.899606268] [controller_server]: [MPPI] optimize() finished. fail_flag = 0
[process_manager-1] [component_container_isolated-1] [INFO] [1772609625.899858817] [controller_server]: [MPPI] Applied savitskyGolayFilter()
[process_manager-1] [component_container_isolated-1] [INFO] [1772609625.899881443] [controller_server]: [MPPI] Output control: vx=-1.049, vy=0.000, wz=0.157
[process_manager-1] [component_container_isolated-1] [INFO] [1772609625.899896521] [controller_server]: [MPPI] === evalControl() complete ===
[process_manager-1] [component_container_isolated-1] [WARN] [1772609625.900235143] [controller_server]: Control loop missed its desired rate of 30.0000Hz
[process_manager-1] [component_container_isolated-1] [INFO] [1772609625.911495182] [controller_server]: [MPPI] === evalControl() called ===
[process_manager-1] [component_container_isolated-1] [INFO] [1772609625.911726345] [controller_server]: Robot pose: (-2.10, 0.94, -0.57), speed: (-0.22, 0.16, 0.06)
[process_manager-1] [component_container_isolated-1] [INFO] [1772609625.913303926] [controller_server]: Plan size: 60
[process_manager-1] [component_container_isolated-1] [INFO] [1772609625.913375193] [controller_server]: [MPPI] prepare() done. critics_data_.fail_flag = 0
[process_manager-1] [component_container_isolated-1] [INFO] [1772609625.913393587] [controller_server]: [MPPI] Running optimize() iteration #0
[process_manager-1] [component_container_isolated-1] [INFO] [1772609625.948522585] [controller_server]: [MPPI] optimize() finished. fail_flag = 0
[process_manager-1] [component_container_isolated-1] [INFO] [1772609625.948790439] [controller_server]: [MPPI] Applied savitskyGolayFilter()
[process_manager-1] [component_container_isolated-1] [INFO] [1772609625.948823001] [controller_server]: [MPPI] Output control: vx=-1.035, vy=0.000, wz=0.169
[process_manager-1] [component_container_isolated-1] [INFO] [1772609625.948843957] [controller_server]: [MPPI] === evalControl() complete ===
[process_manager-1] [component_container_isolated-1] [INFO] [1772609626.020391074] [controller_server]: [MPPI] === evalControl() called ===
[process_manager-1] [component_container_isolated-1] [INFO] [1772609626.020492409] [controller_server]: Robot pose: (-2.11, 0.95, -0.57), speed: (-0.21, 0.18, 0.06)
[process_manager-1] [component_container_isolated-1] [INFO] [1772609626.020515215] [controller_server]: Plan size: 60
[process_manager-1] [component_container_isolated-1] [INFO] [1772609626.020532314] [controller_server]: [MPPI] prepare() done. critics_data_.fail_flag = 0
[process_manager-1] [component_container_isolated-1] [INFO] [1772609626.020543283] [controller_server]: [MPPI] Running optimize() iteration #0
[process_manager-1] [component_container_isolated-1] [INFO] [1772609626.049322026] [controller_server]: [MPPI] optimize() finished. fail_flag = 0
[process_manager-1] [component_container_isolated-1] [INFO] [1772609626.049482867] [controller_server]: [MPPI] Applied savitskyGolayFilter()
[process_manager-1] [component_container_isolated-1] [INFO] [1772609626.049501657] [controller_server]: [MPPI] Output control: vx=-1.024, vy=0.000, wz=0.180
[process_manager-1] [component_container_isolated-1] [INFO] [1772609626.049520368] [controller_server]: [MPPI] === evalControl() complete ===
[process_manager-1] [component_container_isolated-1] [WARN] [1772609626.049946138] [controller_server]: Control loop missed its desired rate of 30.0000Hz
[process_manager-1] [component_container_isolated-1] [INFO] [1772609626.114277026] [controller_server]: [MPPI] === evalControl() called ===
[process_manager-1] [component_container_isolated-1] [INFO] [1772609626.114356468] [controller_server]: Robot pose: (-2.13, 0.96, -0.56), speed: (-0.21, 0.19, 0.05)
[process_manager-1] [component_container_isolated-1] [INFO] [1772609626.114382823] [controller_server]: Plan size: 60
[process_manager-1] [component_container_isolated-1] [INFO] [1772609626.114408751] [controller_server]: [MPPI] prepare() done. critics_data_.fail_flag = 0
[process_manager-1] [component_container_isolated-1] [INFO] [1772609626.114612689] [controller_server]: [MPPI] Running optimize() iteration #0
[process_manager-1] [component_container_isolated-1] [INFO] [1772609626.142648987] [controller_server]: [MPPI] optimize() finished. fail_flag = 0
[process_manager-1] [component_container_isolated-1] [INFO] [1772609626.142886891] [controller_server]: [MPPI] Applied savitskyGolayFilter()
[process_manager-1] [component_container_isolated-1] [INFO] [1772609626.142908564] [controller_server]: [MPPI] Output control: vx=-1.010, vy=0.000, wz=0.191
[process_manager-1] [component_container_isolated-1] [INFO] [1772609626.142925410] [controller_server]: [MPPI] === evalControl() complete ===
[process_manager-1] [component_container_isolated-1] [WARN] [1772609626.143215258] [controller_server]: Control loop missed its desired rate of 30.0000Hz
[process_manager-1] [component_container_isolated-1] [INFO] [1772609626.215071191] [controller_server]: [MPPI] === evalControl() called ===
[process_manager-1] [component_container_isolated-1] [INFO] [1772609626.215165163] [controller_server]: Robot pose: (-2.14, 0.95, -0.56), speed: (-0.21, 0.18, 0.07)
[process_manager-1] [component_container_isolated-1] [INFO] [1772609626.215197111] [controller_server]: Plan size: 60
[process_manager-1] [component_container_isolated-1] [INFO] [1772609626.215231925] [controller_server]: [MPPI] prepare() done. critics_data_.fail_flag = 0
[process_manager-1] [component_container_isolated-1] [INFO] [1772609626.215249023] [controller_server]: [MPPI] Running optimize() iteration #0
[process_manager-1] [component_container_isolated-1] [WARN] [1772609626.216100080] [planner_server]: Planner loop missed its desired rate of 20.0000 Hz. Current loop rate is 0.7943 Hz
[process_manager-1] [component_container_isolated-1] [INFO] [1772609626.253425789] [controller_server]: [MPPI] optimize() finished. fail_flag = 0
[process_manager-1] [component_container_isolated-1] [INFO] [1772609626.253582200] [controller_server]: [MPPI] Applied savitskyGolayFilter()
[process_manager-1] [component_container_isolated-1] [INFO] [1772609626.253601825] [controller_server]: [MPPI] Output control: vx=-1.015, vy=0.000, wz=0.178
[process_manager-1] [component_container_isolated-1] [INFO] [1772609626.253619215] [controller_server]: [MPPI] === evalControl() complete ===
[process_manager-1] [component_container_isolated-1] [WARN] [1772609626.254053655] [controller_server]: Control loop missed its desired rate of 30.0000Hz
[process_manager-1] [component_container_isolated-1] [INFO] [1772609626.254091425] [controller_server]: Passing new path to controller.
[process_manager-1] [component_container_isolated-1] [INFO] [1772609626.316301010] [controller_server]: [MPPI] === evalControl() called ===
[process_manager-1] [component_container_isolated-1] [INFO] [1772609626.316341975] [controller_server]: Robot pose: (-2.17, 0.97, -0.55), speed: (-0.21, 0.18, 0.07)
[process_manager-1] [component_container_isolated-1] [INFO] [1772609626.316361307] [controller_server]: Plan size: 61
[process_manager-1] [component_container_isolated-1] [INFO] [1772609626.316377865] [controller_server]: [MPPI] prepare() done. critics_data_.fail_flag = 0
[process_manager-1] [component_container_isolated-1] [INFO] [1772609626.316389703] [controller_server]: [MPPI] Running optimize() iteration #0
[process_manager-1] [component_container_isolated-1] [INFO] [1772609626.339163670] [controller_server]: [MPPI] optimize() finished. fail_flag = 0
[process_manager-1] [component_container_isolated-1] [INFO] [1772609626.339262687] [controller_server]: [MPPI] Applied savitskyGolayFilter()
[process_manager-1] [component_container_isolated-1] [INFO] [1772609626.339270903] [controller_server]: [MPPI] Output control: vx=-1.009, vy=0.000, wz=0.175
[process_manager-1] [component_container_isolated-1] [INFO] [1772609626.339279878] [controller_server]: [MPPI] === evalControl() complete ===
[process_manager-1] [component_container_isolated-1] [WARN] [1772609626.339534186] [controller_server]: Control loop missed its desired rate of 30.0000Hz
[process_manager-1] [component_container_isolated-1] [INFO] [1772609626.411801439] [controller_server]: [MPPI] === evalControl() called ===
[process_manager-1] [component_container_isolated-1] [INFO] [1772609626.411864168] [controller_server]: Robot pose: (-2.20, 0.96, -0.54), speed: (-0.22, 0.17, 0.08)
[process_manager-1] [component_container_isolated-1] [INFO] [1772609626.411887104] [controller_server]: Plan size: 61
[process_manager-1] [component_container_isolated-1] [INFO] [1772609626.411910440] [controller_server]: [MPPI] prepare() done. critics_data_.fail_flag = 0
[process_manager-1] [component_container_isolated-1] [INFO] [1772609626.411923570] [controller_server]: [MPPI] Running optimize() iteration #0
[process_manager-1] [navsat_transform_node-6] [INFO] [1772609626.422964509] [navsat_transform]: Datum (latitude, longitude, altitude) is (30.77, 103.98, 527.60)
[process_manager-1] [navsat_transform_node-6] [INFO] [1772609626.423034643] [navsat_transform]: Datum UTM coordinate is (48R, 402845.07, 3404332.63)
[process_manager-1] [component_container_isolated-1] [INFO] [1772609626.455565416] [controller_server]: [MPPI] optimize() finished. fail_flag = 0
[process_manager-1] [component_container_isolated-1] [INFO] [1772609626.455731068] [controller_server]: [MPPI] Applied savitskyGolayFilter()
[process_manager-1] [component_container_isolated-1] [INFO] [1772609626.455743465] [controller_server]: [MPPI] Output control: vx=-1.009, vy=0.000, wz=0.162
[process_manager-1] [component_container_isolated-1] [INFO] [1772609626.455766821] [controller_server]: [MPPI] === evalControl() complete ===
[process_manager-1] [component_container_isolated-1] [WARN] [1772609626.456055905] [controller_server]: Control loop missed its desired rate of 30.0000Hz
[process_manager-1] [component_container_isolated-1] [INFO] [1772609626.518586103] [controller_server]: [MPPI] === evalControl() called ===
[process_manager-1] [component_container_isolated-1] [INFO] [1772609626.518713188] [controller_server]: Robot pose: (-2.23, 0.98, -0.53), speed: (-0.23, 0.15, 0.08)
[process_manager-1] [component_container_isolated-1] [INFO] [1772609626.518751412] [controller_server]: Plan size: 61
[process_manager-1] [component_container_isolated-1] [INFO] [1772609626.518801349] [controller_server]: [MPPI] prepare() done. critics_data_.fail_flag = 0
[process_manager-1] [component_container_isolated-1] [INFO] [1772609626.518819716] [controller_server]: [MPPI] Running optimize() iteration #0
[process_manager-1] [component_container_isolated-1] [INFO] [1772609626.564238987] [controller_server]: [MPPI] optimize() finished. fail_flag = 0
[process_manager-1] [component_container_isolated-1] [INFO] [1772609626.564799192] [controller_server]: [MPPI] Applied savitskyGolayFilter()
[process_manager-1] [component_container_isolated-1] [INFO] [1772609626.564821717] [controller_server]: [MPPI] Output control: vx=-1.010, vy=0.000, wz=0.150
[process_manager-1] [component_container_isolated-1] [INFO] [1772609626.564872591] [controller_server]: [MPPI] === evalControl() complete ===
[process_manager-1] [component_container_isolated-1] [WARN] [1772609626.565224455] [controller_server]: Control loop missed its desired rate of 30.0000Hz
[process_manager-1] [component_container_isolated-1] [INFO] [1772609626.619670003] [controller_server]: [MPPI] === evalControl() called ===
[process_manager-1] [component_container_isolated-1] [INFO] [1772609626.619912961] [controller_server]: Robot pose: (-2.25, 0.99, -0.52), speed: (-0.20, 0.13, 0.08)
[process_manager-1] [component_container_isolated-1] [INFO] [1772609626.619989623] [controller_server]: Plan size: 61
[process_manager-1] [component_container_isolated-1] [INFO] [1772609626.620058724] [controller_server]: [MPPI] prepare() done. critics_data_.fail_flag = 0
[process_manager-1] [component_container_isolated-1] [INFO] [1772609626.620118056] [controller_server]: [MPPI] Running optimize() iteration #0
[process_manager-1] [component_container_isolated-1] [INFO] [1772609626.667874519] [controller_server]: [MPPI] optimize() finished. fail_flag = 0
[process_manager-1] [component_container_isolated-1] [INFO] [1772609626.668110934] [controller_server]: [MPPI] Applied savitskyGolayFilter()
[process_manager-1] [component_container_isolated-1] [INFO] [1772609626.668134891] [controller_server]: [MPPI] Output control: vx=-1.008, vy=0.000, wz=0.143
[process_manager-1] [component_container_isolated-1] [INFO] [1772609626.668166589] [controller_server]: [MPPI] === evalControl() complete ===
[process_manager-1] [component_container_isolated-1] [WARN] [1772609626.668749609] [controller_server]: Control loop missed its desired rate of 30.0000Hz
[process_manager-1] [component_container_isolated-1] [INFO] [1772609626.752819945] [controller_server]: [MPPI] === evalControl() called ===
[process_manager-1] [component_container_isolated-1] [INFO] [1772609626.753009765] [controller_server]: Robot pose: (-2.26, 1.00, -0.52), speed: (-0.18, 0.13, 0.07)
[process_manager-1] [component_container_isolated-1] [INFO] [1772609626.753061754] [controller_server]: Plan size: 61
[process_manager-1] [component_container_isolated-1] [INFO] [1772609626.753120563] [controller_server]: [MPPI] prepare() done. critics_data_.fail_flag = 0
[process_manager-1] [component_container_isolated-1] [INFO] [1772609626.753152905] [controller_server]: [MPPI] Running optimize() iteration #0
[process_manager-1] [component_container_isolated-1] [INFO] [1772609626.792363576] [controller_server]: [MPPI] optimize() finished. fail_flag = 0
[process_manager-1] [component_container_isolated-1] [INFO] [1772609626.792618934] [controller_server]: [MPPI] Applied savitskyGolayFilter()
[process_manager-1] [component_container_isolated-1] [INFO] [1772609626.792640689] [controller_server]: [MPPI] Output control: vx=-1.005, vy=0.000, wz=0.134
[process_manager-1] [component_container_isolated-1] [INFO] [1772609626.792658181] [controller_server]: [MPPI] === evalControl() complete ===
[process_manager-1] [component_container_isolated-1] [WARN] [1772609626.792927853] [controller_server]: Control loop missed its desired rate of 30.0000Hz
[process_manager-1] [component_container_isolated-1] [INFO] [1772609626.815853615] [controller_server]: [MPPI] === evalControl() called ===
[process_manager-1] [component_container_isolated-1] [INFO] [1772609626.816130722] [controller_server]: Robot pose: (-2.30, 1.01, -0.51), speed: (-0.20, 0.10, 0.06)
[process_manager-1] [component_container_isolated-1] [INFO] [1772609626.816190194] [controller_server]: Plan size: 61
[process_manager-1] [component_container_isolated-1] [INFO] [1772609626.816218176] [controller_server]: [MPPI] prepare() done. critics_data_.fail_flag = 0
[process_manager-1] [component_container_isolated-1] [INFO] [1772609626.816244000] [controller_server]: [MPPI] Running optimize() iteration #0
[process_manager-1] [component_container_isolated-1] [INFO] [1772609626.857421219] [controller_server]: [MPPI] optimize() finished. fail_flag = 0
[process_manager-1] [component_container_isolated-1] [INFO] [1772609626.857681711] [controller_server]: [MPPI] Applied savitskyGolayFilter()
[process_manager-1] [component_container_isolated-1] [INFO] [1772609626.857705075] [controller_server]: [MPPI] Output control: vx=-0.997, vy=0.000, wz=0.130
[process_manager-1] [component_container_isolated-1] [INFO] [1772609626.857728435] [controller_server]: [MPPI] === evalControl() complete ===
[process_manager-1] [component_container_isolated-1] [INFO] [1772609626.911417274] [controller_server]: [MPPI] === evalControl() called ===
[process_manager-1] [component_container_isolated-1] [INFO] [1772609626.911545062] [controller_server]: Robot pose: (-2.31, 1.02, -0.51), speed: (-0.18, 0.09, 0.06)
[process_manager-1] [component_container_isolated-1] [INFO] [1772609626.911573343] [controller_server]: Plan size: 61
[process_manager-1] [component_container_isolated-1] [INFO] [1772609626.911631961] [controller_server]: [MPPI] prepare() done. critics_data_.fail_flag = 0
[process_manager-1] [component_container_isolated-1] [INFO] [1772609626.911643932] [controller_server]: [MPPI] Running optimize() iteration #0
[process_manager-1] [component_container_isolated-1] [INFO] [1772609626.940864108] [controller_server]: [MPPI] optimize() finished. fail_flag = 0
[process_manager-1] [component_container_isolated-1] [INFO] [1772609626.941031340] [controller_server]: [MPPI] Applied savitskyGolayFilter()
[process_manager-1] [component_container_isolated-1] [INFO] [1772609626.941044447] [controller_server]: [MPPI] Output control: vx=-0.992, vy=0.000, wz=0.128
[process_manager-1] [component_container_isolated-1] [INFO] [1772609626.941053915] [controller_server]: [MPPI] === evalControl() complete ===
[process_manager-1] [component_container_isolated-1] [WARN] [1772609626.941235617] [controller_server]: Control loop missed its desired rate of 30.0000Hz
[process_manager-1] [component_container_isolated-1] [INFO] [1772609627.012845670] [controller_server]: [MPPI] === evalControl() called ===
[process_manager-1] [component_container_isolated-1] [INFO] [1772609627.013068157] [controller_server]: Robot pose: (-2.30, 1.06, -0.50), speed: (-0.19, 0.09, 0.06)
[process_manager-1] [component_container_isolated-1] [INFO] [1772609627.013091614] [controller_server]: Plan size: 61
[process_manager-1] [component_container_isolated-1] [INFO] [1772609627.013112607] [controller_server]: [MPPI] prepare() done. critics_data_.fail_flag = 0
[process_manager-1] [component_container_isolated-1] [INFO] [1772609627.013122622] [controller_server]: [MPPI] Running optimize() iteration #0
[process_manager-1] [component_container_isolated-1] [INFO] [1772609627.066062547] [controller_server]: [MPPI] optimize() finished. fail_flag = 0
[process_manager-1] [component_container_isolated-1] [INFO] [1772609627.066362460] [controller_server]: [MPPI] Applied savitskyGolayFilter()
[process_manager-1] [component_container_isolated-1] [INFO] [1772609627.066440559] [controller_server]: [MPPI] Output control: vx=-0.975, vy=0.000, wz=0.153
[process_manager-1] [component_container_isolated-1] [INFO] [1772609627.066488783] [controller_server]: [MPPI] === evalControl() complete ===
[process_manager-1] [component_container_isolated-1] [WARN] [1772609627.068179133] [controller_server]: Control loop missed its desired rate of 30.0000Hz
[process_manager-1] [component_container_isolated-1] [INFO] [1772609627.109515112] [controller_server]: [MPPI] === evalControl() called ===
[process_manager-1] [component_container_isolated-1] [INFO] [1772609627.109580521] [controller_server]: Robot pose: (-2.32, 1.07, -0.49), speed: (-0.20, 0.09, 0.05)
[process_manager-1] [component_container_isolated-1] [INFO] [1772609627.109600739] [controller_server]: Plan size: 61
[process_manager-1] [component_container_isolated-1] [INFO] [1772609627.109622762] [controller_server]: [MPPI] prepare() done. critics_data_.fail_flag = 0
[process_manager-1] [component_container_isolated-1] [INFO] [1772609627.109635752] [controller_server]: [MPPI] Running optimize() iteration #0
[process_manager-1] [component_container_isolated-1] [INFO] [1772609627.137805590] [controller_server]: [MPPI] optimize() finished. fail_flag = 0
[process_manager-1] [component_container_isolated-1] [INFO] [1772609627.138066306] [controller_server]: [MPPI] Applied savitskyGolayFilter()
[process_manager-1] [component_container_isolated-1] [INFO] [1772609627.138087725] [controller_server]: [MPPI] Output control: vx=-0.963, vy=0.000, wz=0.166
[process_manager-1] [component_container_isolated-1] [INFO] [1772609627.138107315] [controller_server]: [MPPI] === evalControl() complete ===
[process_manager-1] [component_container_isolated-1] [WARN] [1772609627.138528770] [controller_server]: Control loop missed its desired rate of 30.0000Hz
[process_manager-1] [component_container_isolated-1] [INFO] [1772609627.211433225] [controller_server]: [MPPI] === evalControl() called ===
[process_manager-1] [component_container_isolated-1] [INFO] [1772609627.211516325] [controller_server]: Robot pose: (-2.33, 1.08, -0.49), speed: (-0.20, 0.12, 0.07)
[process_manager-1] [component_container_isolated-1] [INFO] [1772609627.211541009] [controller_server]: Plan size: 61
[process_manager-1] [component_container_isolated-1] [INFO] [1772609627.211561493] [controller_server]: [MPPI] prepare() done. critics_data_.fail_flag = 0
[process_manager-1] [component_container_isolated-1] [INFO] [1772609627.211573584] [controller_server]: [MPPI] Running optimize() iteration #0
[process_manager-1] [component_container_isolated-1] [INFO] [1772609627.240126964] [controller_server]: [MPPI] optimize() finished. fail_flag = 0
[process_manager-1] [component_container_isolated-1] [INFO] [1772609627.240230625] [controller_server]: [MPPI] Applied savitskyGolayFilter()
[process_manager-1] [component_container_isolated-1] [INFO] [1772609627.240239109] [controller_server]: [MPPI] Output control: vx=-0.953, vy=0.000, wz=0.184
[process_manager-1] [component_container_isolated-1] [INFO] [1772609627.240247201] [controller_server]: [MPPI] === evalControl() complete ===
[process_manager-1] [component_container_isolated-1] [WARN] [1772609627.240543050] [controller_server]: Control loop missed its desired rate of 30.0000Hz
[process_manager-1] [component_container_isolated-1] [INFO] [1772609627.312317242] [controller_server]: [MPPI] === evalControl() called ===
[process_manager-1] [component_container_isolated-1] [INFO] [1772609627.312381436] [controller_server]: Robot pose: (-2.34, 1.10, -0.48), speed: (-0.22, 0.11, 0.05)
[process_manager-1] [component_container_isolated-1] [INFO] [1772609627.312400167] [controller_server]: Plan size: 61
[process_manager-1] [component_container_isolated-1] [INFO] [1772609627.312426245] [controller_server]: [MPPI] prepare() done. critics_data_.fail_flag = 0
[process_manager-1] [component_container_isolated-1] [INFO] [1772609627.312441294] [controller_server]: [MPPI] Running optimize() iteration #0
[process_manager-1] [component_container_isolated-1] [INFO] [1772609627.338345067] [controller_server]: [MPPI] optimize() finished. fail_flag = 0
[process_manager-1] [component_container_isolated-1] [INFO] [1772609627.338511272] [controller_server]: [MPPI] Applied savitskyGolayFilter()
[process_manager-1] [component_container_isolated-1] [INFO] [1772609627.338532241] [controller_server]: [MPPI] Output control: vx=-0.939, vy=0.000, wz=0.207
[process_manager-1] [component_container_isolated-1] [INFO] [1772609627.338547790] [controller_server]: [MPPI] === evalControl() complete ===
[process_manager-1] [component_container_isolated-1] [WARN] [1772609627.339204968] [controller_server]: Control loop missed its desired rate of 30.0000Hz
[process_manager-1] [component_container_isolated-1] [INFO] [1772609627.411827921] [controller_server]: [MPPI] === evalControl() called ===
[process_manager-1] [component_container_isolated-1] [INFO] [1772609627.413928848] [controller_server]: Robot pose: (-2.36, 1.11, -0.48), speed: (-0.22, 0.12, 0.06)
[process_manager-1] [component_container_isolated-1] [INFO] [1772609627.414073170] [controller_server]: Plan size: 61
[process_manager-1] [component_container_isolated-1] [INFO] [1772609627.414138767] [controller_server]: [MPPI] prepare() done. critics_data_.fail_flag = 0
[process_manager-1] [component_container_isolated-1] [INFO] [1772609627.414161519] [controller_server]: [MPPI] Running optimize() iteration #0
[process_manager-1] [component_container_isolated-1] [INFO] [1772609627.447700827] [controller_server]: [MPPI] optimize() finished. fail_flag = 0
[process_manager-1] [component_container_isolated-1] [INFO] [1772609627.448177554] [controller_server]: [MPPI] Applied savitskyGolayFilter()
[process_manager-1] [component_container_isolated-1] [INFO] [1772609627.448238555] [controller_server]: [MPPI] Output control: vx=-0.914, vy=0.000, wz=0.249
[process_manager-1] [component_container_isolated-1] [INFO] [1772609627.448272084] [controller_server]: [MPPI] === evalControl() complete ===
[process_manager-1] [component_container_isolated-1] [WARN] [1772609627.450357547] [controller_server]: Control loop missed its desired rate of 30.0000Hz
[process_manager-1] [navsat_transform_node-6] [INFO] [1772609627.452537742] [navsat_transform]: Datum (latitude, longitude, altitude) is (30.77, 103.98, 527.60)
[process_manager-1] [navsat_transform_node-6] [INFO] [1772609627.452695838] [navsat_transform]: Datum UTM coordinate is (48R, 402845.07, 3404332.33)
[process_manager-1] [component_container_isolated-1] [INFO] [1772609627.514216170] [controller_server]: [MPPI] === evalControl() called ===
[process_manager-1] [component_container_isolated-1] [INFO] [1772609627.514398742] [controller_server]: Robot pose: (-2.39, 1.12, -0.47), speed: (-0.23, 0.11, 0.07)
[process_manager-1] [component_container_isolated-1] [INFO] [1772609627.514482489] [controller_server]: Plan size: 61
[process_manager-1] [component_container_isolated-1] [INFO] [1772609627.514524800] [controller_server]: [MPPI] prepare() done. critics_data_.fail_flag = 0
[process_manager-1] [component_container_isolated-1] [INFO] [1772609627.514543876] [controller_server]: [MPPI] Running optimize() iteration #0
[process_manager-1] [component_container_isolated-1] [INFO] [1772609627.546447242] [controller_server]: [MPPI] optimize() finished. fail_flag = 0
[process_manager-1] [component_container_isolated-1] [INFO] [1772609627.546634964] [controller_server]: [MPPI] Applied savitskyGolayFilter()
[process_manager-1] [component_container_isolated-1] [INFO] [1772609627.546652919] [controller_server]: [MPPI] Output control: vx=-0.891, vy=0.000, wz=0.285
[process_manager-1] [component_container_isolated-1] [INFO] [1772609627.546667392] [controller_server]: [MPPI] === evalControl() complete ===
[process_manager-1] [component_container_isolated-1] [WARN] [1772609627.547507491] [controller_server]: Control loop missed its desired rate of 30.0000Hz
[process_manager-1] [component_container_isolated-1] [INFO] [1772609627.611847235] [controller_server]: [MPPI] === evalControl() called ===
[process_manager-1] [component_container_isolated-1] [INFO] [1772609627.611955538] [controller_server]: Robot pose: (-2.41, 1.13, -0.46), speed: (-0.23, 0.11, 0.07)
[process_manager-1] [component_container_isolated-1] [INFO] [1772609627.611990493] [controller_server]: Plan size: 61
[process_manager-1] [component_container_isolated-1] [INFO] [1772609627.612019754] [controller_server]: [MPPI] prepare() done. critics_data_.fail_flag = 0
[process_manager-1] [component_container_isolated-1] [INFO] [1772609627.612040558] [controller_server]: [MPPI] Running optimize() iteration #0
[process_manager-1] [component_container_isolated-1] [INFO] [1772609627.637607154] [controller_server]: [MPPI] optimize() finished. fail_flag = 0
[process_manager-1] [component_container_isolated-1] [INFO] [1772609627.637950034] [controller_server]: [MPPI] Applied savitskyGolayFilter()
[process_manager-1] [component_container_isolated-1] [INFO] [1772609627.637978375] [controller_server]: [MPPI] Output control: vx=-0.872, vy=0.000, wz=0.323
[process_manager-1] [component_container_isolated-1] [INFO] [1772609627.638000314] [controller_server]: [MPPI] === evalControl() complete ===
[process_manager-1] [component_container_isolated-1] [WARN] [1772609627.638746334] [controller_server]: Control loop missed its desired rate of 30.0000Hz
[process_manager-1] [component_container_isolated-1] [INFO] [1772609627.722162970] [controller_server]: [MPPI] === evalControl() called ===
[process_manager-1] [component_container_isolated-1] [INFO] [1772609627.722274084] [controller_server]: Robot pose: (-2.43, 1.14, -0.46), speed: (-0.20, 0.11, 0.08)
[process_manager-1] [component_container_isolated-1] [INFO] [1772609627.722474052] [controller_server]: Plan size: 61
[process_manager-1] [component_container_isolated-1] [INFO] [1772609627.722504788] [controller_server]: [MPPI] prepare() done. critics_data_.fail_flag = 0
[process_manager-1] [component_container_isolated-1] [INFO] [1772609627.722550735] [controller_server]: [MPPI] Running optimize() iteration #0
[process_manager-1] [component_container_isolated-1] [INFO] [1772609627.748915525] [controller_server]: [MPPI] optimize() finished. fail_flag = 0
[process_manager-1] [component_container_isolated-1] [INFO] [1772609627.749125308] [controller_server]: [MPPI] Applied savitskyGolayFilter()
[process_manager-1] [component_container_isolated-1] [INFO] [1772609627.749149033] [controller_server]: [MPPI] Output control: vx=-0.854, vy=0.000, wz=0.357
[process_manager-1] [component_container_isolated-1] [INFO] [1772609627.749174787] [controller_server]: [MPPI] === evalControl() complete ===
[process_manager-1] [component_container_isolated-1] [WARN] [1772609627.749751365] [controller_server]: Control loop missed its desired rate of 30.0000Hz
[process_manager-1] [component_container_isolated-1] [INFO] [1772609627.815163947] [controller_server]: [MPPI] === evalControl() called ===
[process_manager-1] [component_container_isolated-1] [INFO] [1772609627.815388311] [controller_server]: Robot pose: (-2.46, 1.15, -0.45), speed: (-0.20, 0.10, 0.09)
[process_manager-1] [component_container_isolated-1] [INFO] [1772609627.815446157] [controller_server]: Plan size: 61
[process_manager-1] [component_container_isolated-1] [INFO] [1772609627.815553960] [controller_server]: [MPPI] prepare() done. critics_data_.fail_flag = 0
[process_manager-1] [component_container_isolated-1] [INFO] [1772609627.815580131] [controller_server]: [MPPI] Running optimize() iteration #0
[process_manager-1] [component_container_isolated-1] [INFO] [1772609627.853251681] [controller_server]: [MPPI] optimize() finished. fail_flag = 0
[process_manager-1] [component_container_isolated-1] [INFO] [1772609627.853379029] [controller_server]: [MPPI] Applied savitskyGolayFilter()
[process_manager-1] [component_container_isolated-1] [INFO] [1772609627.853388323] [controller_server]: [MPPI] Output control: vx=-0.842, vy=0.000, wz=0.388
[process_manager-1] [component_container_isolated-1] [INFO] [1772609627.853399608] [controller_server]: [MPPI] === evalControl() complete ===
[process_manager-1] [component_container_isolated-1] [WARN] [1772609627.853889876] [controller_server]: Control loop missed its desired rate of 30.0000Hz
[process_manager-1] [component_container_isolated-1] [INFO] [1772609627.972022954] [controller_server]: [MPPI] === evalControl() called ===
[process_manager-1] [component_container_isolated-1] [INFO] [1772609627.972113921] [controller_server]: Robot pose: (-2.47, 1.16, -0.44), speed: (-0.19, 0.10, 0.11)
[process_manager-1] [component_container_isolated-1] [INFO] [1772609627.972140607] [controller_server]: Plan size: 61
[process_manager-1] [component_container_isolated-1] [INFO] [1772609627.972163675] [controller_server]: [MPPI] prepare() done. critics_data_.fail_flag = 0
[process_manager-1] [component_container_isolated-1] [INFO] [1772609627.972178196] [controller_server]: [MPPI] Running optimize() iteration #0
[process_manager-1] [component_container_isolated-1] [INFO] [1772609628.017017348] [controller_server]: [MPPI] optimize() finished. fail_flag = 0
[process_manager-1] [component_container_isolated-1] [INFO] [1772609628.018272032] [controller_server]: [MPPI] Applied savitskyGolayFilter()
[process_manager-1] [component_container_isolated-1] [INFO] [1772609628.018292631] [controller_server]: [MPPI] Output control: vx=-0.832, vy=0.000, wz=0.416
[process_manager-1] [component_container_isolated-1] [INFO] [1772609628.018310335] [controller_server]: [MPPI] === evalControl() complete ===
[process_manager-1] [component_container_isolated-1] [WARN] [1772609628.018552320] [controller_server]: Control loop missed its desired rate of 30.0000Hz
[process_manager-1] [component_container_isolated-1] [INFO] [1772609628.143664601] [controller_server]: [MPPI] === evalControl() called ===
[process_manager-1] [component_container_isolated-1] [INFO] [1772609628.143780015] [controller_server]: Robot pose: (-2.51, 1.17, -0.42), speed: (-0.18, 0.10, 0.13)
[process_manager-1] [component_container_isolated-1] [INFO] [1772609628.143807465] [controller_server]: Plan size: 61
[process_manager-1] [component_container_isolated-1] [INFO] [1772609628.143834472] [controller_server]: [MPPI] prepare() done. critics_data_.fail_flag = 0
[process_manager-1] [component_container_isolated-1] [INFO] [1772609628.143847682] [controller_server]: [MPPI] Running optimize() iteration #0
[process_manager-1] [component_container_isolated-1] [INFO] [1772609628.190228232] [controller_server]: [MPPI] optimize() finished. fail_flag = 0
[process_manager-1] [component_container_isolated-1] [INFO] [1772609628.190518913] [controller_server]: [MPPI] Applied savitskyGolayFilter()
[process_manager-1] [component_container_isolated-1] [INFO] [1772609628.190541241] [controller_server]: [MPPI] Output control: vx=-0.826, vy=0.000, wz=0.435
[process_manager-1] [component_container_isolated-1] [INFO] [1772609628.190564248] [controller_server]: [MPPI] === evalControl() complete ===
[process_manager-1] [component_container_isolated-1] [WARN] [1772609628.195019978] [controller_server]: Control loop missed its desired rate of 30.0000Hz
[process_manager-1] [component_container_isolated-1] [INFO] [1772609628.216251857] [controller_server]: [MPPI] === evalControl() called ===
[process_manager-1] [component_container_isolated-1] [INFO] [1772609628.216353731] [controller_server]: Robot pose: (-2.55, 1.18, -0.39), speed: (-0.20, 0.10, 0.16)
[process_manager-1] [component_container_isolated-1] [INFO] [1772609628.216373738] [controller_server]: Plan size: 61
[process_manager-1] [component_container_isolated-1] [INFO] [1772609628.216401399] [controller_server]: [MPPI] prepare() done. critics_data_.fail_flag = 0
[process_manager-1] [component_container_isolated-1] [INFO] [1772609628.216418535] [controller_server]: [MPPI] Running optimize() iteration #0
[process_manager-1] [component_container_isolated-1] [INFO] [1772609628.240655838] [controller_server]: [MPPI] optimize() finished. fail_flag = 0
[process_manager-1] [component_container_isolated-1] [INFO] [1772609628.240901237] [controller_server]: [MPPI] Applied savitskyGolayFilter()
[process_manager-1] [component_container_isolated-1] [INFO] [1772609628.240950126] [controller_server]: [MPPI] Output control: vx=-0.827, vy=0.000, wz=0.446
[process_manager-1] [component_container_isolated-1] [INFO] [1772609628.240981297] [controller_server]: [MPPI] === evalControl() complete ===
[process_manager-1] [component_container_isolated-1] [INFO] [1772609628.314398481] [controller_server]: [MPPI] === evalControl() called ===
[process_manager-1] [component_container_isolated-1] [INFO] [1772609628.314827297] [controller_server]: Robot pose: (-2.57, 1.18, -0.38), speed: (-0.20, 0.11, 0.18)
[process_manager-1] [component_container_isolated-1] [INFO] [1772609628.314877120] [controller_server]: Plan size: 61
[process_manager-1] [component_container_isolated-1] [INFO] [1772609628.314906400] [controller_server]: [MPPI] prepare() done. critics_data_.fail_flag = 0
[process_manager-1] [component_container_isolated-1] [INFO] [1772609628.314918949] [controller_server]: [MPPI] Running optimize() iteration #0
[process_manager-1] [component_container_isolated-1] [INFO] [1772609628.351234108] [controller_server]: [MPPI] optimize() finished. fail_flag = 0
[process_manager-1] [component_container_isolated-1] [INFO] [1772609628.351494820] [controller_server]: [MPPI] Applied savitskyGolayFilter()
[process_manager-1] [component_container_isolated-1] [INFO] [1772609628.351515197] [controller_server]: [MPPI] Output control: vx=-0.825, vy=0.000, wz=0.454
[process_manager-1] [component_container_isolated-1] [INFO] [1772609628.351547095] [controller_server]: [MPPI] === evalControl() complete ===
[process_manager-1] [component_container_isolated-1] [WARN] [1772609628.352146660] [controller_server]: Control loop missed its desired rate of 30.0000Hz
[process_manager-1] [navsat_transform_node-6] [INFO] [1772609628.391372984] [navsat_transform]: Datum (latitude, longitude, altitude) is (30.77, 103.98, 527.50)
[process_manager-1] [navsat_transform_node-6] [INFO] [1772609628.391500412] [navsat_transform]: Datum UTM coordinate is (48R, 402845.10, 3404332.11)
[process_manager-1] [component_container_isolated-1] [INFO] [1772609628.413905803] [controller_server]: [MPPI] === evalControl() called ===
[process_manager-1] [component_container_isolated-1] [INFO] [1772609628.413976370] [controller_server]: Robot pose: (-2.59, 1.19, -0.36), speed: (-0.20, 0.12, 0.18)
[process_manager-1] [component_container_isolated-1] [INFO] [1772609628.413991985] [controller_server]: Plan size: 61
[process_manager-1] [component_container_isolated-1] [INFO] [1772609628.414007287] [controller_server]: [MPPI] prepare() done. critics_data_.fail_flag = 0
[process_manager-1] [component_container_isolated-1] [INFO] [1772609628.414083044] [controller_server]: [MPPI] Running optimize() iteration #0
[process_manager-1] [component_container_isolated-1] [INFO] [1772609628.448456001] [controller_server]: [MPPI] optimize() finished. fail_flag = 0
[process_manager-1] [component_container_isolated-1] [INFO] [1772609628.449065791] [controller_server]: [MPPI] Applied savitskyGolayFilter()
[process_manager-1] [component_container_isolated-1] [INFO] [1772609628.449100040] [controller_server]: [MPPI] Output control: vx=-0.824, vy=0.000, wz=0.460
[process_manager-1] [component_container_isolated-1] [INFO] [1772609628.449897070] [controller_server]: [MPPI] === evalControl() complete ===
[process_manager-1] [component_container_isolated-1] [WARN] [1772609628.450666676] [controller_server]: Control loop missed its desired rate of 30.0000Hz
[process_manager-1] [component_container_isolated-1] [WARN] [1772609628.504080553] [planner_server]: Planner loop missed its desired rate of 20.0000 Hz. Current loop rate is 0.8019 Hz
[process_manager-1] [component_container_isolated-1] [INFO] [1772609628.513539907] [controller_server]: [MPPI] === evalControl() called ===
[process_manager-1] [component_container_isolated-1] [INFO] [1772609628.513589200] [controller_server]: Robot pose: (-2.61, 1.19, -0.35), speed: (-0.21, 0.11, 0.17)
[process_manager-1] [component_container_isolated-1] [INFO] [1772609628.513633093] [controller_server]: Plan size: 61
[process_manager-1] [component_container_isolated-1] [INFO] [1772609628.513651237] [controller_server]: [MPPI] prepare() done. critics_data_.fail_flag = 0
[process_manager-1] [component_container_isolated-1] [INFO] [1772609628.513664559] [controller_server]: [MPPI] Running optimize() iteration #0
[process_manager-1] [component_container_isolated-1] [INFO] [1772609628.534830881] [controller_server]: [MPPI] optimize() finished. fail_flag = 0
[process_manager-1] [component_container_isolated-1] [INFO] [1772609628.535160189] [controller_server]: [MPPI] Applied savitskyGolayFilter()
[process_manager-1] [component_container_isolated-1] [INFO] [1772609628.535191549] [controller_server]: [MPPI] Output control: vx=-0.822, vy=0.000, wz=0.466
[process_manager-1] [component_container_isolated-1] [INFO] [1772609628.535213972] [controller_server]: [MPPI] === evalControl() complete ===
[process_manager-1] [component_container_isolated-1] [WARN] [1772609628.535895980] [controller_server]: Control loop missed its desired rate of 30.0000Hz
[process_manager-1] [component_container_isolated-1] [INFO] [1772609628.608056001] [controller_server]: [MPPI] === evalControl() called ===
[process_manager-1] [component_container_isolated-1] [INFO] [1772609628.608240100] [controller_server]: Robot pose: (-2.63, 1.20, -0.33), speed: (-0.20, 0.09, 0.17)
[process_manager-1] [component_container_isolated-1] [INFO] [1772609628.608264656] [controller_server]: Plan size: 61
[process_manager-1] [component_container_isolated-1] [INFO] [1772609628.608289019] [controller_server]: [MPPI] prepare() done. critics_data_.fail_flag = 0
[process_manager-1] [component_container_isolated-1] [INFO] [1772609628.608305520] [controller_server]: [MPPI] Running optimize() iteration #0
[process_manager-1] [component_container_isolated-1] [INFO] [1772609628.640128895] [controller_server]: [MPPI] optimize() finished. fail_flag = 0
[process_manager-1] [component_container_isolated-1] [INFO] [1772609628.640481810] [controller_server]: [MPPI] Applied savitskyGolayFilter()
[process_manager-1] [component_container_isolated-1] [INFO] [1772609628.640518911] [controller_server]: [MPPI] Output control: vx=-0.828, vy=0.000, wz=0.468
[process_manager-1] [component_container_isolated-1] [INFO] [1772609628.640543156] [controller_server]: [MPPI] === evalControl() complete ===
[process_manager-1] [component_container_isolated-1] [WARN] [1772609628.642212871] [controller_server]: Control loop missed its desired rate of 30.0000Hz
[process_manager-1] [component_container_isolated-1] [INFO] [1772609628.642299190] [controller_server]: Passing new path to controller.
[process_manager-1] [component_container_isolated-1] [INFO] [1772609628.713922604] [controller_server]: [MPPI] === evalControl() called ===
[process_manager-1] [component_container_isolated-1] [INFO] [1772609628.713958798] [controller_server]: Robot pose: (-2.65, 1.20, -0.31), speed: (-0.19, 0.08, 0.17)
[process_manager-1] [component_container_isolated-1] [INFO] [1772609628.713970950] [controller_server]: Plan size: 60
[process_manager-1] [component_container_isolated-1] [INFO] [1772609628.713981385] [controller_server]: [MPPI] prepare() done. critics_data_.fail_flag = 0
[process_manager-1] [component_container_isolated-1] [INFO] [1772609628.713987361] [controller_server]: [MPPI] Running optimize() iteration #0
[process_manager-1] [component_container_isolated-1] [INFO] [1772609628.732569445] [controller_server]: [MPPI] optimize() finished. fail_flag = 0
[process_manager-1] [component_container_isolated-1] [INFO] [1772609628.732736558] [controller_server]: [MPPI] Applied savitskyGolayFilter()
[process_manager-1] [component_container_isolated-1] [INFO] [1772609628.732754696] [controller_server]: [MPPI] Output control: vx=-0.822, vy=0.000, wz=0.470
[process_manager-1] [component_container_isolated-1] [INFO] [1772609628.732794157] [controller_server]: [MPPI] === evalControl() complete ===
[process_manager-1] [component_container_isolated-1] [WARN] [1772609628.733009452] [controller_server]: Control loop missed its desired rate of 30.0000Hz
[process_manager-1] [component_container_isolated-1] [INFO] [1772609628.815824693] [controller_server]: [MPPI] === evalControl() called ===
[process_manager-1] [component_container_isolated-1] [INFO] [1772609628.815999067] [controller_server]: Robot pose: (-2.66, 1.21, -0.30), speed: (-0.19, 0.08, 0.16)
[process_manager-1] [component_container_isolated-1] [INFO] [1772609628.816047307] [controller_server]: Plan size: 60
[process_manager-1] [component_container_isolated-1] [INFO] [1772609628.816097104] [controller_server]: [MPPI] prepare() done. critics_data_.fail_flag = 0
[process_manager-1] [component_container_isolated-1] [INFO] [1772609628.816127724] [controller_server]: [MPPI] Running optimize() iteration #0
[process_manager-1] [component_container_isolated-1] [INFO] [1772609628.841531784] [controller_server]: [MPPI] optimize() finished. fail_flag = 0
[process_manager-1] [component_container_isolated-1] [INFO] [1772609628.841848941] [controller_server]: [MPPI] Applied savitskyGolayFilter()
[process_manager-1] [component_container_isolated-1] [INFO] [1772609628.841875685] [controller_server]: [MPPI] Output control: vx=-0.825, vy=0.000, wz=0.472
[process_manager-1] [component_container_isolated-1] [INFO] [1772609628.841892650] [controller_server]: [MPPI] === evalControl() complete ===
[process_manager-1] [component_container_isolated-1] [WARN] [1772609628.842294427] [controller_server]: Control loop missed its desired rate of 30.0000Hz
[process_manager-1] [component_container_isolated-1] [INFO] [1772609628.915569709] [controller_server]: [MPPI] === evalControl() called ===
[process_manager-1] [component_container_isolated-1] [INFO] [1772609628.915701208] [controller_server]: Robot pose: (-2.68, 1.22, -0.28), speed: (-0.18, 0.06, 0.16)
[process_manager-1] [component_container_isolated-1] [INFO] [1772609628.915715615] [controller_server]: Plan size: 61
[process_manager-1] [component_container_isolated-1] [INFO] [1772609628.915734299] [controller_server]: [MPPI] prepare() done. critics_data_.fail_flag = 0
[process_manager-1] [component_container_isolated-1] [INFO] [1772609628.915748399] [controller_server]: [MPPI] Running optimize() iteration #0
[process_manager-1] [component_container_isolated-1] [INFO] [1772609628.947983379] [controller_server]: [MPPI] optimize() finished. fail_flag = 0
[process_manager-1] [component_container_isolated-1] [INFO] [1772609628.948578684] [controller_server]: [MPPI] Applied savitskyGolayFilter()
[process_manager-1] [component_container_isolated-1] [INFO] [1772609628.948628576] [controller_server]: [MPPI] Output control: vx=-0.840, vy=0.000, wz=0.472
[process_manager-1] [component_container_isolated-1] [INFO] [1772609628.948672847] [controller_server]: [MPPI] === evalControl() complete ===
[process_manager-1] [component_container_isolated-1] [WARN] [1772609628.950436347] [controller_server]: Control loop missed its desired rate of 30.0000Hz
[process_manager-1] [component_container_isolated-1] [INFO] [1772609629.026573519] [controller_server]: [MPPI] === evalControl() called ===
[process_manager-1] [component_container_isolated-1] [INFO] [1772609629.026675799] [controller_server]: Robot pose: (-2.69, 1.23, -0.27), speed: (-0.19, 0.05, 0.14)
[process_manager-1] [component_container_isolated-1] [INFO] [1772609629.026703892] [controller_server]: Plan size: 61
[process_manager-1] [component_container_isolated-1] [INFO] [1772609629.026723984] [controller_server]: [MPPI] prepare() done. critics_data_.fail_flag = 0
[process_manager-1] [component_container_isolated-1] [INFO] [1772609629.026736978] [controller_server]: [MPPI] Running optimize() iteration #0
[process_manager-1] [component_container_isolated-1] [INFO] [1772609629.051218192] [controller_server]: [MPPI] optimize() finished. fail_flag = 0
[process_manager-1] [component_container_isolated-1] [INFO] [1772609629.052044380] [controller_server]: [MPPI] Applied savitskyGolayFilter()
[process_manager-1] [component_container_isolated-1] [INFO] [1772609629.052122901] [controller_server]: [MPPI] Output control: vx=-0.850, vy=0.000, wz=0.474
[process_manager-1] [component_container_isolated-1] [INFO] [1772609629.052142686] [controller_server]: [MPPI] === evalControl() complete ===
[process_manager-1] [component_container_isolated-1] [WARN] [1772609629.052876678] [controller_server]: Control loop missed its desired rate of 30.0000Hz
[process_manager-1] [component_container_isolated-1] [INFO] [1772609629.114939849] [controller_server]: [MPPI] === evalControl() called ===
[process_manager-1] [component_container_isolated-1] [INFO] [1772609629.115214546] [controller_server]: Robot pose: (-2.72, 1.23, -0.25), speed: (-0.19, 0.06, 0.15)
[process_manager-1] [component_container_isolated-1] [INFO] [1772609629.115289624] [controller_server]: Plan size: 61
[process_manager-1] [component_container_isolated-1] [INFO] [1772609629.115351058] [controller_server]: [MPPI] prepare() done. critics_data_.fail_flag = 0
[process_manager-1] [component_container_isolated-1] [INFO] [1772609629.115381292] [controller_server]: [MPPI] Running optimize() iteration #0
[process_manager-1] [component_container_isolated-1] [INFO] [1772609629.155087205] [controller_server]: [MPPI] optimize() finished. fail_flag = 1
[process_manager-1] [component_container_isolated-1] [INFO] [1772609629.161262604] [controller_server]: Optimizer reset
[process_manager-1] [component_container_isolated-1] [INFO] [1772609629.161392640] [controller_server]: [MPPI] Running optimize() iteration #1
[process_manager-1] [component_container_isolated-1] [INFO] [1772609629.181444728] [controller_server]: [MPPI] optimize() finished. fail_flag = 1
[process_manager-1] [component_container_isolated-1] [INFO] [1772609629.188969389] [controller_server]: Optimizer reset
[process_manager-1] [component_container_isolated-1] [ERROR] [1772609629.189314708] [controller_server]: Optimizer fail to compute path
[process_manager-1] [component_container_isolated-1] [WARN] [1772609629.189548706] [controller_server]: [follow_path] [ActionServer] Aborting handle.
[process_manager-1] [component_container_isolated-1] [INFO] [1772609629.217953812] [local_costmap.local_costmap]: Received request to clear entirely the local_costmap
[process_manager-1] [component_container_isolated-1] [INFO] [1772609629.218993755] [global_costmap.global_costmap]: Received request to clear entirely the global_costmap
[process_manager-1] [component_container_isolated-1] [WARN] [1772609629.256818320] [bt_navigator_navigate_to_pose_rclcpp_node]: Node timed out while executing service call to global_costmap/clear_entirely_global_costmap.
[process_manager-1] [component_container_isolated-1] [INFO] [1772609629.257877057] [behavior_server]: Running spin
[process_manager-1] [component_container_isolated-1] [INFO] [1772609629.258115790] [behavior_server]: Turning 1.57 for spin behavior.
[process_manager-1] [navsat_transform_node-6] [INFO] [1772609629.381951755] [navsat_transform]: Datum (latitude, longitude, altitude) is (30.77, 103.98, 527.60)
[process_manager-1] [navsat_transform_node-6] [INFO] [1772609629.382141415] [navsat_transform]: Datum UTM coordinate is (48R, 402845.11, 3404331.91)
[status_reporter-3] [0m[INFO] [1772609630.218356293] [status_reporter]: 车辆速度为0，开始计时...[0m
[process_manager-1] [navsat_transform_node-6] [INFO] [1772609630.414475055] [navsat_transform]: Datum (latitude, longitude, altitude) is (30.77, 103.98, 528.20)
[process_manager-1] [navsat_transform_node-6] [INFO] [1772609630.416632115] [navsat_transform]: Datum UTM coordinate is (48R, 402845.00, 3404331.73)
[process_manager-1] [navsat_transform_node-6] [INFO] [1772609631.431988623] [navsat_transform]: Datum (latitude, longitude, altitude) is (30.77, 103.98, 528.20)
[process_manager-1] [navsat_transform_node-6] [INFO] [1772609631.432053128] [navsat_transform]: Datum UTM coordinate is (48R, 402844.93, 3404331.67)
[process_manager-1] [navsat_transform_node-6] [INFO] [1772609632.441663836] [navsat_transform]: Datum (latitude, longitude, altitude) is (30.77, 103.98, 528.30)
[process_manager-1] [navsat_transform_node-6] [INFO] [1772609632.441799514] [navsat_transform]: Datum UTM coordinate is (48R, 402844.84, 3404331.65)
[process_manager-1] [navsat_transform_node-6] [INFO] [1772609633.424871411] [navsat_transform]: Datum (latitude, longitude, altitude) is (30.77, 103.98, 528.40)
[process_manager-1] [navsat_transform_node-6] [INFO] [1772609633.425009512] [navsat_transform]: Datum UTM coordinate is (48R, 402844.73, 3404331.64)
[process_manager-1] [navsat_transform_node-6] [INFO] [1772609634.432164230] [navsat_transform]: Datum (latitude, longitude, altitude) is (30.77, 103.98, 528.40)
[process_manager-1] [navsat_transform_node-6] [INFO] [1772609634.432336866] [navsat_transform]: Datum UTM coordinate is (48R, 402844.65, 3404331.65)
[process_manager-1] [navsat_transform_node-6] [INFO] [1772609635.400976639] [navsat_transform]: Datum (latitude, longitude, altitude) is (30.77, 103.98, 528.30)
[process_manager-1] [navsat_transform_node-6] [INFO] [1772609635.401098727] [navsat_transform]: Datum UTM coordinate is (48R, 402844.58, 3404331.67)
[process_manager-1] [navsat_transform_node-6] [INFO] [1772609636.394899941] [navsat_transform]: Datum (latitude, longitude, altitude) is (30.77, 103.98, 528.10)
[process_manager-1] [navsat_transform_node-6] [INFO] [1772609636.395149567] [navsat_transform]: Datum UTM coordinate is (48R, 402844.50, 3404331.69)
[process_manager-1] [navsat_transform_node-6] [INFO] [1772609637.371573976] [navsat_transform]: Datum (latitude, longitude, altitude) is (30.77, 103.98, 528.00)
[process_manager-1] [navsat_transform_node-6] [INFO] [1772609637.371832361] [navsat_transform]: Datum UTM coordinate is (48R, 402844.42, 3404331.73)
[process_manager-1] [navsat_transform_node-6] [INFO] [1772609638.380638730] [navsat_transform]: Datum (latitude, longitude, altitude) is (30.77, 103.98, 527.70)
[process_manager-1] [navsat_transform_node-6] [INFO] [1772609638.380731587] [navsat_transform]: Datum UTM coordinate is (48R, 402844.34, 3404331.79)
[process_manager-1] [component_container_isolated-1] [WARN] [1772609639.258386869] [behavior_server]: Exceeded time allowance before reaching the Spin goal - Exiting Spin
[process_manager-1] [component_container_isolated-1] [WARN] [1772609639.258493539] [behavior_server]: spin failed
[process_manager-1] [component_container_isolated-1] [WARN] [1772609639.258613172] [behavior_server]: [spin] [ActionServer] Aborting handle.
[process_manager-1] [component_container_isolated-1] [INFO] [1772609639.297466074] [behavior_server]: Running wait
[process_manager-1] [navsat_transform_node-6] [INFO] [1772609639.430827922] [navsat_transform]: Datum (latitude, longitude, altitude) is (30.77, 103.98, 527.50)
[process_manager-1] [navsat_transform_node-6] [INFO] [1772609639.430883574] [navsat_transform]: Datum UTM coordinate is (48R, 402844.27, 3404331.82)
[process_manager-1] [navsat_transform_node-6] [INFO] [1772609640.411539594] [navsat_transform]: Datum (latitude, longitude, altitude) is (30.77, 103.98, 527.40)
[process_manager-1] [navsat_transform_node-6] [INFO] [1772609640.411823086] [navsat_transform]: Datum UTM coordinate is (48R, 402844.20, 3404331.86)
[process_manager-1] [navsat_transform_node-6] [INFO] [1772609641.400720926] [navsat_transform]: Datum (latitude, longitude, altitude) is (30.77, 103.98, 527.20)
[process_manager-1] [navsat_transform_node-6] [INFO] [1772609641.400883802] [navsat_transform]: Datum UTM coordinate is (48R, 402844.11, 3404331.92)
[process_manager-1] [navsat_transform_node-6] [INFO] [1772609642.410577504] [navsat_transform]: Datum (latitude, longitude, altitude) is (30.77, 103.98, 527.00)
[process_manager-1] [navsat_transform_node-6] [INFO] [1772609642.410656374] [navsat_transform]: Datum UTM coordinate is (48R, 402844.03, 3404331.94)
[process_manager-1] [navsat_transform_node-6] [INFO] [1772609643.400929712] [navsat_transform]: Datum (latitude, longitude, altitude) is (30.77, 103.98, 526.80)
[process_manager-1] [navsat_transform_node-6] [INFO] [1772609643.401145675] [navsat_transform]: Datum UTM coordinate is (48R, 402843.93, 3404331.98)
[process_manager-1] [component_container_isolated-1] [INFO] [1772609644.298068357] [behavior_server]: wait completed successfully
[process_manager-1] [navsat_transform_node-6] [INFO] [1772609644.434478747] [navsat_transform]: Datum (latitude, longitude, altitude) is (30.77, 103.98, 526.60)
[process_manager-1] [navsat_transform_node-6] [INFO] [1772609644.434632602] [navsat_transform]: Datum UTM coordinate is (48R, 402843.85, 3404332.01)
[process_manager-1] [navsat_transform_node-6] [INFO] [1772609645.400449206] [navsat_transform]: Datum (latitude, longitude, altitude) is (30.77, 103.98, 526.50)
[process_manager-1] [navsat_transform_node-6] [INFO] [1772609645.400722994] [navsat_transform]: Datum UTM coordinate is (48R, 402843.76, 3404332.05)
[process_manager-1] [component_container_isolated-1] [WARN] [1772609645.581603335] [planner_server]: Planner loop missed its desired rate of 20.0000 Hz. Current loop rate is 0.8034 Hz
[process_manager-1] [component_container_isolated-1] [INFO] [1772609645.624553393] [controller_server]: Received a goal, begin computing control effort.
[process_manager-1] [component_container_isolated-1] [INFO] [1772609645.631948553] [controller_server]: Optimizer reset
[process_manager-1] [component_container_isolated-1] [INFO] [1772609645.715845033] [controller_server]: [MPPI] === evalControl() called ===
[process_manager-1] [component_container_isolated-1] [INFO] [1772609645.715898836] [controller_server]: Robot pose: (-2.83, 1.26, -0.17), speed: (0.00, -0.00, -0.00)
[process_manager-1] [component_container_isolated-1] [INFO] [1772609645.715924933] [controller_server]: Plan size: 60
[process_manager-1] [component_container_isolated-1] [INFO] [1772609645.715948845] [controller_server]: [MPPI] prepare() done. critics_data_.fail_flag = 0
[process_manager-1] [component_container_isolated-1] [INFO] [1772609645.715964641] [controller_server]: [MPPI] Running optimize() iteration #0
[process_manager-1] [component_container_isolated-1] [INFO] [1772609645.749130151] [controller_server]: [MPPI] optimize() finished. fail_flag = 0
[process_manager-1] [component_container_isolated-1] [INFO] [1772609645.749408502] [controller_server]: [MPPI] Applied savitskyGolayFilter()
[process_manager-1] [component_container_isolated-1] [INFO] [1772609645.749443365] [controller_server]: [MPPI] Output control: vx=-0.094, vy=0.000, wz=-0.015
[process_manager-1] [component_container_isolated-1] [INFO] [1772609645.749466316] [controller_server]: [MPPI] === evalControl() complete ===
[process_manager-1] [component_container_isolated-1] [WARN] [1772609645.750119639] [controller_server]: Control loop missed its desired rate of 30.0000Hz
[process_manager-1] [component_container_isolated-1] [INFO] [1772609645.811857440] [controller_server]: [MPPI] === evalControl() called ===
[process_manager-1] [component_container_isolated-1] [INFO] [1772609645.811902952] [controller_server]: Robot pose: (-2.83, 1.26, -0.17), speed: (-0.00, -0.00, -0.00)
[process_manager-1] [component_container_isolated-1] [INFO] [1772609645.811921463] [controller_server]: Plan size: 60
[process_manager-1] [component_container_isolated-1] [INFO] [1772609645.811937946] [controller_server]: [MPPI] prepare() done. critics_data_.fail_flag = 0
[process_manager-1] [component_container_isolated-1] [INFO] [1772609645.811948022] [controller_server]: [MPPI] Running optimize() iteration #0
[process_manager-1] [component_container_isolated-1] [INFO] [1772609645.836954703] [controller_server]: [MPPI] optimize() finished. fail_flag = 0
[process_manager-1] [component_container_isolated-1] [INFO] [1772609645.837291795] [controller_server]: [MPPI] Applied savitskyGolayFilter()
[process_manager-1] [component_container_isolated-1] [INFO] [1772609645.837333256] [controller_server]: [MPPI] Output control: vx=-0.170, vy=0.000, wz=-0.056
[process_manager-1] [component_container_isolated-1] [INFO] [1772609645.837369393] [controller_server]: [MPPI] === evalControl() complete ===
[process_manager-1] [component_container_isolated-1] [WARN] [1772609645.838460241] [controller_server]: Control loop missed its desired rate of 30.0000Hz
[process_manager-1] [component_container_isolated-1] [INFO] [1772609645.923064261] [controller_server]: [MPPI] === evalControl() called ===
[process_manager-1] [component_container_isolated-1] [INFO] [1772609645.923117045] [controller_server]: Robot pose: (-2.83, 1.26, -0.17), speed: (-0.00, -0.00, 0.00)
[process_manager-1] [component_container_isolated-1] [INFO] [1772609645.923140757] [controller_server]: Plan size: 60
[process_manager-1] [component_container_isolated-1] [INFO] [1772609645.923157797] [controller_server]: [MPPI] prepare() done. critics_data_.fail_flag = 0
[process_manager-1] [component_container_isolated-1] [INFO] [1772609645.923168482] [controller_server]: [MPPI] Running optimize() iteration #0
[process_manager-1] [component_container_isolated-1] [INFO] [1772609645.956878102] [controller_server]: [MPPI] optimize() finished. fail_flag = 0
[process_manager-1] [component_container_isolated-1] [INFO] [1772609645.957220078] [controller_server]: [MPPI] Applied savitskyGolayFilter()
[process_manager-1] [component_container_isolated-1] [INFO] [1772609645.957246741] [controller_server]: [MPPI] Output control: vx=-0.259, vy=0.000, wz=-0.064
[process_manager-1] [component_container_isolated-1] [INFO] [1772609645.957265595] [controller_server]: [MPPI] === evalControl() complete ===
[process_manager-1] [component_container_isolated-1] [WARN] [1772609645.961600597] [controller_server]: Control loop missed its desired rate of 30.0000Hz
[process_manager-1] [component_container_isolated-1] [INFO] [1772609646.014575066] [controller_server]: [MPPI] === evalControl() called ===
[process_manager-1] [component_container_isolated-1] [INFO] [1772609646.014671846] [controller_server]: Robot pose: (-2.83, 1.26, -0.17), speed: (-0.00, -0.00, -0.00)
[process_manager-1] [component_container_isolated-1] [INFO] [1772609646.014701626] [controller_server]: Plan size: 60
[process_manager-1] [component_container_isolated-1] [INFO] [1772609646.014726223] [controller_server]: [MPPI] prepare() done. critics_data_.fail_flag = 0
[process_manager-1] [component_container_isolated-1] [INFO] [1772609646.014741323] [controller_server]: [MPPI] Running optimize() iteration #0
[process_manager-1] [component_container_isolated-1] [INFO] [1772609646.056095421] [controller_server]: [MPPI] optimize() finished. fail_flag = 0
[process_manager-1] [component_container_isolated-1] [INFO] [1772609646.056481873] [controller_server]: [MPPI] Applied savitskyGolayFilter()
[process_manager-1] [component_container_isolated-1] [INFO] [1772609646.056520318] [controller_server]: [MPPI] Output control: vx=-0.333, vy=0.000, wz=-0.039
[process_manager-1] [component_container_isolated-1] [INFO] [1772609646.056555183] [controller_server]: [MPPI] === evalControl() complete ===
[process_manager-1] [component_container_isolated-1] [WARN] [1772609646.057472203] [controller_server]: Control loop missed its desired rate of 30.0000Hz
[process_manager-1] [component_container_isolated-1] [INFO] [1772609646.157995248] [controller_server]: [MPPI] === evalControl() called ===
[process_manager-1] [component_container_isolated-1] [INFO] [1772609646.158159834] [controller_server]: Robot pose: (-2.83, 1.26, -0.17), speed: (-0.01, -0.01, -0.00)
[process_manager-1] [component_container_isolated-1] [INFO] [1772609646.158189959] [controller_server]: Plan size: 60
[process_manager-1] [component_container_isolated-1] [INFO] [1772609646.158225068] [controller_server]: [MPPI] prepare() done. critics_data_.fail_flag = 0
[process_manager-1] [component_container_isolated-1] [INFO] [1772609646.158236183] [controller_server]: [MPPI] Running optimize() iteration #0
[process_manager-1] [component_container_isolated-1] [INFO] [1772609646.216055819] [controller_server]: [MPPI] optimize() finished. fail_flag = 0
[process_manager-1] [component_container_isolated-1] [INFO] [1772609646.216409781] [controller_server]: [MPPI] Applied savitskyGolayFilter()
[process_manager-1] [component_container_isolated-1] [INFO] [1772609646.216460934] [controller_server]: [MPPI] Output control: vx=-0.215, vy=0.000, wz=0.084
[process_manager-1] [component_container_isolated-1] [INFO] [1772609646.216490542] [controller_server]: [MPPI] === evalControl() complete ===
[process_manager-1] [component_container_isolated-1] [WARN] [1772609646.217556319] [controller_server]: Control loop missed its desired rate of 30.0000Hz
[process_manager-1] [component_container_isolated-1] [INFO] [1772609646.218500580] [controller_server]: [MPPI] === evalControl() called ===
[process_manager-1] [component_container_isolated-1] [INFO] [1772609646.218575403] [controller_server]: Robot pose: (-2.83, 1.25, -0.17), speed: (-0.03, -0.00, -0.01)
[process_manager-1] [component_container_isolated-1] [INFO] [1772609646.218608248] [controller_server]: Plan size: 60
[process_manager-1] [component_container_isolated-1] [INFO] [1772609646.218648861] [controller_server]: [MPPI] prepare() done. critics_data_.fail_flag = 0
[process_manager-1] [component_container_isolated-1] [INFO] [1772609646.218674931] [controller_server]: [MPPI] Running optimize() iteration #0
[process_manager-1] [component_container_isolated-1] [INFO] [1772609646.283956694] [controller_server]: [MPPI] optimize() finished. fail_flag = 0
[process_manager-1] [component_container_isolated-1] [INFO] [1772609646.284208461] [controller_server]: [MPPI] Applied savitskyGolayFilter()
[process_manager-1] [component_container_isolated-1] [INFO] [1772609646.284281320] [controller_server]: [MPPI] Output control: vx=-0.119, vy=0.000, wz=0.092
[process_manager-1] [component_container_isolated-1] [INFO] [1772609646.284306166] [controller_server]: [MPPI] === evalControl() complete ===
[process_manager-1] [component_container_isolated-1] [WARN] [1772609646.284773494] [controller_server]: Control loop missed its desired rate of 30.0000Hz
[process_manager-1] [component_container_isolated-1] [INFO] [1772609646.337112387] [controller_server]: [MPPI] === evalControl() called ===
[process_manager-1] [component_container_isolated-1] [INFO] [1772609646.337213135] [controller_server]: Robot pose: (-2.83, 1.25, -0.17), speed: (-0.03, 0.00, -0.01)
[process_manager-1] [component_container_isolated-1] [INFO] [1772609646.337244395] [controller_server]: Plan size: 60
[process_manager-1] [component_container_isolated-1] [INFO] [1772609646.337276450] [controller_server]: [MPPI] prepare() done. critics_data_.fail_flag = 0
[process_manager-1] [component_container_isolated-1] [INFO] [1772609646.337294065] [controller_server]: [MPPI] Running optimize() iteration #0
[process_manager-1] [component_container_isolated-1] [INFO] [1772609646.361950139] [controller_server]: [MPPI] optimize() finished. fail_flag = 0
[process_manager-1] [component_container_isolated-1] [INFO] [1772609646.362262134] [controller_server]: [MPPI] Applied savitskyGolayFilter()
[process_manager-1] [component_container_isolated-1] [INFO] [1772609646.362285321] [controller_server]: [MPPI] Output control: vx=-0.093, vy=0.000, wz=0.066
[process_manager-1] [component_container_isolated-1] [INFO] [1772609646.362309896] [controller_server]: [MPPI] === evalControl() complete ===
[process_manager-1] [component_container_isolated-1] [WARN] [1772609646.363454403] [controller_server]: Control loop missed its desired rate of 30.0000Hz
[process_manager-1] [navsat_transform_node-6] [INFO] [1772609646.411015670] [navsat_transform]: Datum (latitude, longitude, altitude) is (30.77, 103.98, 526.30)
[process_manager-1] [navsat_transform_node-6] [INFO] [1772609646.411087936] [navsat_transform]: Datum UTM coordinate is (48R, 402843.69, 3404332.07)
[process_manager-1] [component_container_isolated-1] [INFO] [1772609646.415229039] [controller_server]: [MPPI] === evalControl() called ===
[process_manager-1] [component_container_isolated-1] [INFO] [1772609646.415378968] [controller_server]: Robot pose: (-2.84, 1.25, -0.17), speed: (-0.03, 0.00, -0.01)
[process_manager-1] [component_container_isolated-1] [INFO] [1772609646.415404940] [controller_server]: Plan size: 60
[process_manager-1] [component_container_isolated-1] [INFO] [1772609646.415429882] [controller_server]: [MPPI] prepare() done. critics_data_.fail_flag = 0
[process_manager-1] [component_container_isolated-1] [INFO] [1772609646.415442357] [controller_server]: [MPPI] Running optimize() iteration #0
[process_manager-1] [component_container_isolated-1] [INFO] [1772609646.453882637] [controller_server]: [MPPI] optimize() finished. fail_flag = 0
[process_manager-1] [component_container_isolated-1] [INFO] [1772609646.454126016] [controller_server]: [MPPI] Applied savitskyGolayFilter()
[process_manager-1] [component_container_isolated-1] [INFO] [1772609646.454148817] [controller_server]: [MPPI] Output control: vx=-0.085, vy=0.000, wz=0.061
[process_manager-1] [component_container_isolated-1] [INFO] [1772609646.454165086] [controller_server]: [MPPI] === evalControl() complete ===
[process_manager-1] [component_container_isolated-1] [WARN] [1772609646.454475288] [controller_server]: Control loop missed its desired rate of 30.0000Hz
[process_manager-1] [component_container_isolated-1] [INFO] [1772609646.516412860] [controller_server]: [MPPI] === evalControl() called ===
[process_manager-1] [component_container_isolated-1] [INFO] [1772609646.516461364] [controller_server]: Robot pose: (-2.84, 1.25, -0.17), speed: (-0.03, 0.00, -0.01)
[process_manager-1] [component_container_isolated-1] [INFO] [1772609646.516488600] [controller_server]: Plan size: 60
[process_manager-1] [component_container_isolated-1] [INFO] [1772609646.516546780] [controller_server]: [MPPI] prepare() done. critics_data_.fail_flag = 0
[process_manager-1] [component_container_isolated-1] [INFO] [1772609646.516565592] [controller_server]: [MPPI] Running optimize() iteration #0
[process_manager-1] [component_container_isolated-1] [INFO] [1772609646.565527096] [controller_server]: [MPPI] optimize() finished. fail_flag = 0
[process_manager-1] [component_container_isolated-1] [INFO] [1772609646.566070566] [controller_server]: [MPPI] Applied savitskyGolayFilter()
[process_manager-1] [component_container_isolated-1] [INFO] [1772609646.566143397] [controller_server]: [MPPI] Output control: vx=-0.054, vy=0.000, wz=0.040
[process_manager-1] [component_container_isolated-1] [INFO] [1772609646.566235087] [controller_server]: [MPPI] === evalControl() complete ===
[process_manager-1] [component_container_isolated-1] [WARN] [1772609646.567377003] [controller_server]: Control loop missed its desired rate of 30.0000Hz
[process_manager-1] [component_container_isolated-1] [INFO] [1772609646.609175257] [controller_server]: [MPPI] === evalControl() called ===
[process_manager-1] [component_container_isolated-1] [INFO] [1772609646.609372727] [controller_server]: Robot pose: (-2.84, 1.25, -0.17), speed: (-0.01, 0.00, -0.01)
[process_manager-1] [component_container_isolated-1] [INFO] [1772609646.609428970] [controller_server]: Plan size: 60
[process_manager-1] [component_container_isolated-1] [INFO] [1772609646.609480765] [controller_server]: [MPPI] prepare() done. critics_data_.fail_flag = 0
[process_manager-1] [component_container_isolated-1] [INFO] [1772609646.609515412] [controller_server]: [MPPI] Running optimize() iteration #0
[process_manager-1] [component_container_isolated-1] [INFO] [1772609646.639808538] [controller_server]: [MPPI] optimize() finished. fail_flag = 0
[process_manager-1] [component_container_isolated-1] [INFO] [1772609646.643133332] [controller_server]: [MPPI] Applied savitskyGolayFilter()
[process_manager-1] [component_container_isolated-1] [INFO] [1772609646.643283690] [controller_server]: [MPPI] Output control: vx=-0.050, vy=0.000, wz=0.076
[process_manager-1] [component_container_isolated-1] [INFO] [1772609646.643322018] [controller_server]: [MPPI] === evalControl() complete ===
[process_manager-1] [component_container_isolated-1] [WARN] [1772609646.644091034] [controller_server]: Control loop missed its desired rate of 30.0000Hz
[process_manager-1] [component_container_isolated-1] [INFO] [1772609646.717440024] [controller_server]: [MPPI] === evalControl() called ===
[process_manager-1] [component_container_isolated-1] [INFO] [1772609646.717487167] [controller_server]: Robot pose: (-2.84, 1.25, -0.17), speed: (-0.01, 0.00, -0.00)
[process_manager-1] [component_container_isolated-1] [INFO] [1772609646.717506179] [controller_server]: Plan size: 60
[process_manager-1] [component_container_isolated-1] [INFO] [1772609646.717524741] [controller_server]: [MPPI] prepare() done. critics_data_.fail_flag = 0
[process_manager-1] [component_container_isolated-1] [INFO] [1772609646.717536701] [controller_server]: [MPPI] Running optimize() iteration #0
[process_manager-1] [component_container_isolated-1] [INFO] [1772609646.763184246] [controller_server]: [MPPI] optimize() finished. fail_flag = 0
[process_manager-1] [component_container_isolated-1] [INFO] [1772609646.763484895] [controller_server]: [MPPI] Applied savitskyGolayFilter()
[process_manager-1] [component_container_isolated-1] [INFO] [1772609646.763508891] [controller_server]: [MPPI] Output control: vx=0.003, vy=0.000, wz=0.061
[process_manager-1] [component_container_isolated-1] [INFO] [1772609646.763542229] [controller_server]: [MPPI] === evalControl() complete ===
[process_manager-1] [component_container_isolated-1] [WARN] [1772609646.764369880] [controller_server]: Control loop missed its desired rate of 30.0000Hz
[process_manager-1] [component_container_isolated-1] [INFO] [1772609646.819242908] [controller_server]: [MPPI] === evalControl() called ===
[process_manager-1] [component_container_isolated-1] [INFO] [1772609646.819323094] [controller_server]: Robot pose: (-2.84, 1.25, -0.17), speed: (-0.00, -0.00, 0.00)
[process_manager-1] [component_container_isolated-1] [INFO] [1772609646.819347222] [controller_server]: Plan size: 60
[process_manager-1] [component_container_isolated-1] [INFO] [1772609646.819370626] [controller_server]: [MPPI] prepare() done. critics_data_.fail_flag = 0
[process_manager-1] [component_container_isolated-1] [INFO] [1772609646.819383903] [controller_server]: [MPPI] Running optimize() iteration #0
[process_manager-1] [component_container_isolated-1] [INFO] [1772609646.862848221] [controller_server]: [MPPI] optimize() finished. fail_flag = 0
[process_manager-1] [component_container_isolated-1] [INFO] [1772609646.868740128] [controller_server]: [MPPI] Applied savitskyGolayFilter()
[process_manager-1] [component_container_isolated-1] [INFO] [1772609646.868876976] [controller_server]: [MPPI] Output control: vx=0.049, vy=0.000, wz=0.082
[process_manager-1] [component_container_isolated-1] [INFO] [1772609646.868911450] [controller_server]: [MPPI] === evalControl() complete ===
[process_manager-1] [component_container_isolated-1] [WARN] [1772609646.870238730] [controller_server]: Control loop missed its desired rate of 30.0000Hz
[process_manager-1] [component_container_isolated-1] [INFO] [1772609646.924398121] [controller_server]: [MPPI] === evalControl() called ===
[process_manager-1] [component_container_isolated-1] [INFO] [1772609646.924651793] [controller_server]: Robot pose: (-2.84, 1.25, -0.17), speed: (0.00, -0.00, 0.00)
[process_manager-1] [component_container_isolated-1] [INFO] [1772609646.924685003] [controller_server]: Plan size: 60
[process_manager-1] [component_container_isolated-1] [INFO] [1772609646.924729330] [controller_server]: [MPPI] prepare() done. critics_data_.fail_flag = 0
[process_manager-1] [component_container_isolated-1] [INFO] [1772609646.924821449] [controller_server]: [MPPI] Running optimize() iteration #0
[process_manager-1] [component_container_isolated-1] [INFO] [1772609646.976328402] [controller_server]: [MPPI] optimize() finished. fail_flag = 0
[process_manager-1] [component_container_isolated-1] [INFO] [1772609646.976678874] [controller_server]: [MPPI] Applied savitskyGolayFilter()
[process_manager-1] [component_container_isolated-1] [INFO] [1772609646.976835209] [controller_server]: [MPPI] Output control: vx=0.095, vy=0.000, wz=0.111
[process_manager-1] [component_container_isolated-1] [INFO] [1772609646.976880245] [controller_server]: [MPPI] === evalControl() complete ===
[process_manager-1] [component_container_isolated-1] [WARN] [1772609646.977990257] [controller_server]: Control loop missed its desired rate of 30.0000Hz
[process_manager-1] [component_container_isolated-1] [INFO] [1772609647.010125028] [controller_server]: [MPPI] === evalControl() called ===
[process_manager-1] [component_container_isolated-1] [INFO] [1772609647.010351111] [controller_server]: Robot pose: (-2.84, 1.25, -0.17), speed: (0.01, -0.01, -0.00)
[process_manager-1] [component_container_isolated-1] [INFO] [1772609647.010393142] [controller_server]: Plan size: 60
[process_manager-1] [component_container_isolated-1] [INFO] [1772609647.010437091] [controller_server]: [MPPI] prepare() done. critics_data_.fail_flag = 0
[process_manager-1] [component_container_isolated-1] [INFO] [1772609647.010452758] [controller_server]: [MPPI] Running optimize() iteration #0
[process_manager-1] [component_container_isolated-1] [INFO] [1772609647.044695513] [controller_server]: [MPPI] optimize() finished. fail_flag = 0
[process_manager-1] [component_container_isolated-1] [INFO] [1772609647.044827230] [controller_server]: [MPPI] Applied savitskyGolayFilter()
[process_manager-1] [component_container_isolated-1] [INFO] [1772609647.044838526] [controller_server]: [MPPI] Output control: vx=0.201, vy=0.000, wz=0.190
[process_manager-1] [component_container_isolated-1] [INFO] [1772609647.044850029] [controller_server]: [MPPI] === evalControl() complete ===
[process_manager-1] [component_container_isolated-1] [WARN] [1772609647.045075458] [controller_server]: Control loop missed its desired rate of 30.0000Hz
[process_manager-1] [component_container_isolated-1] [INFO] [1772609647.117293688] [controller_server]: [MPPI] === evalControl() called ===
[process_manager-1] [component_container_isolated-1] [INFO] [1772609647.117511616] [controller_server]: Robot pose: (-2.84, 1.25, -0.17), speed: (0.01, -0.01, -0.00)
[process_manager-1] [component_container_isolated-1] [INFO] [1772609647.117543751] [controller_server]: Plan size: 60
[process_manager-1] [component_container_isolated-1] [INFO] [1772609647.117579235] [controller_server]: [MPPI] prepare() done. critics_data_.fail_flag = 0
[process_manager-1] [component_container_isolated-1] [INFO] [1772609647.117593537] [controller_server]: [MPPI] Running optimize() iteration #0
[process_manager-1] [component_container_isolated-1] [INFO] [1772609647.170059567] [controller_server]: [MPPI] optimize() finished. fail_flag = 0
[process_manager-1] [component_container_isolated-1] [INFO] [1772609647.170425501] [controller_server]: [MPPI] Applied savitskyGolayFilter()
[process_manager-1] [component_container_isolated-1] [INFO] [1772609647.170495059] [controller_server]: [MPPI] Output control: vx=0.303, vy=0.000, wz=0.264
[process_manager-1] [component_container_isolated-1] [INFO] [1772609647.170535519] [controller_server]: [MPPI] === evalControl() complete ===
[process_manager-1] [component_container_isolated-1] [WARN] [1772609647.175249692] [controller_server]: Control loop missed its desired rate of 30.0000Hz
[process_manager-1] [component_container_isolated-1] [INFO] [1772609647.216948082] [controller_server]: [MPPI] === evalControl() called ===
[process_manager-1] [component_container_isolated-1] [INFO] [1772609647.217163380] [controller_server]: Robot pose: (-2.84, 1.25, -0.17), speed: (0.02, -0.01, -0.01)
[process_manager-1] [component_container_isolated-1] [INFO] [1772609647.217207648] [controller_server]: Plan size: 60
[process_manager-1] [component_container_isolated-1] [INFO] [1772609647.217255895] [controller_server]: [MPPI] prepare() done. critics_data_.fail_flag = 0
[process_manager-1] [component_container_isolated-1] [INFO] [1772609647.217286833] [controller_server]: [MPPI] Running optimize() iteration #0
[process_manager-1] [component_container_isolated-1] [INFO] [1772609647.249105607] [controller_server]: [MPPI] optimize() finished. fail_flag = 0
[process_manager-1] [component_container_isolated-1] [INFO] [1772609647.249873518] [controller_server]: [MPPI] Applied savitskyGolayFilter()
[process_manager-1] [component_container_isolated-1] [INFO] [1772609647.249954701] [controller_server]: [MPPI] Output control: vx=0.430, vy=0.000, wz=0.382
[process_manager-1] [component_container_isolated-1] [INFO] [1772609647.249999431] [controller_server]: [MPPI] === evalControl() complete ===
[process_manager-1] [component_container_isolated-1] [WARN] [1772609647.253276388] [controller_server]: Control loop missed its desired rate of 30.0000Hz
[process_manager-1] [component_container_isolated-1] [INFO] [1772609647.317162693] [controller_server]: [MPPI] === evalControl() called ===
[process_manager-1] [component_container_isolated-1] [INFO] [1772609647.317643131] [controller_server]: Robot pose: (-2.84, 1.25, -0.17), speed: (0.03, -0.01, 0.01)
[process_manager-1] [component_container_isolated-1] [INFO] [1772609647.317695598] [controller_server]: Plan size: 60
[process_manager-1] [component_container_isolated-1] [INFO] [1772609647.317740936] [controller_server]: [MPPI] prepare() done. critics_data_.fail_flag = 0
[process_manager-1] [component_container_isolated-1] [INFO] [1772609647.317804417] [controller_server]: [MPPI] Running optimize() iteration #0
[process_manager-1] [component_container_isolated-1] [INFO] [1772609647.354729204] [controller_server]: [MPPI] optimize() finished. fail_flag = 0
[process_manager-1] [component_container_isolated-1] [INFO] [1772609647.355786355] [controller_server]: [MPPI] Applied savitskyGolayFilter()
[process_manager-1] [component_container_isolated-1] [INFO] [1772609647.355830044] [controller_server]: [MPPI] Output control: vx=0.592, vy=0.000, wz=0.478
[process_manager-1] [component_container_isolated-1] [INFO] [1772609647.355868218] [controller_server]: [MPPI] === evalControl() complete ===
[process_manager-1] [component_container_isolated-1] [WARN] [1772609647.356950938] [controller_server]: Control loop missed its desired rate of 30.0000Hz
[process_manager-1] [navsat_transform_node-6] [INFO] [1772609647.380774465] [navsat_transform]: Datum (latitude, longitude, altitude) is (30.77, 103.98, 526.20)
[process_manager-1] [navsat_transform_node-6] [INFO] [1772609647.381073479] [navsat_transform]: Datum UTM coordinate is (48R, 402843.65, 3404332.11)
[process_manager-1] [component_container_isolated-1] [INFO] [1772609647.451188350] [controller_server]: [MPPI] === evalControl() called ===
[process_manager-1] [component_container_isolated-1] [INFO] [1772609647.451364274] [controller_server]: Robot pose: (-2.83, 1.25, -0.17), speed: (0.04, -0.01, 0.00)
[process_manager-1] [component_container_isolated-1] [INFO] [1772609647.451389952] [controller_server]: Plan size: 60
[process_manager-1] [component_container_isolated-1] [INFO] [1772609647.451412711] [controller_server]: [MPPI] prepare() done. critics_data_.fail_flag = 0
[process_manager-1] [component_container_isolated-1] [INFO] [1772609647.451424990] [controller_server]: [MPPI] Running optimize() iteration #0
[process_manager-1] [component_container_isolated-1] [INFO] [1772609647.487488602] [controller_server]: [MPPI] optimize() finished. fail_flag = 0
[process_manager-1] [component_container_isolated-1] [INFO] [1772609647.488317733] [controller_server]: [MPPI] Applied savitskyGolayFilter()
[process_manager-1] [component_container_isolated-1] [INFO] [1772609647.488496557] [controller_server]: [MPPI] Output control: vx=0.690, vy=0.000, wz=0.530
[process_manager-1] [component_container_isolated-1] [INFO] [1772609647.488590422] [controller_server]: [MPPI] === evalControl() complete ===
[process_manager-1] [component_container_isolated-1] [WARN] [1772609647.490247489] [controller_server]: Control loop missed its desired rate of 30.0000Hz
[process_manager-1] [component_container_isolated-1] [INFO] [1772609647.523458815] [controller_server]: [MPPI] === evalControl() called ===
[process_manager-1] [component_container_isolated-1] [INFO] [1772609647.523560004] [controller_server]: Robot pose: (-2.83, 1.25, -0.17), speed: (0.06, -0.00, 0.03)
[process_manager-1] [component_container_isolated-1] [INFO] [1772609647.523585950] [controller_server]: Plan size: 60
[process_manager-1] [component_container_isolated-1] [INFO] [1772609647.523611014] [controller_server]: [MPPI] prepare() done. critics_data_.fail_flag = 0
[process_manager-1] [component_container_isolated-1] [INFO] [1772609647.523631287] [controller_server]: [MPPI] Running optimize() iteration #0
[process_manager-1] [component_container_isolated-1] [INFO] [1772609647.564333481] [controller_server]: [MPPI] optimize() finished. fail_flag = 0
[process_manager-1] [component_container_isolated-1] [INFO] [1772609647.564637184] [controller_server]: [MPPI] Applied savitskyGolayFilter()
[process_manager-1] [component_container_isolated-1] [INFO] [1772609647.564679411] [controller_server]: [MPPI] Output control: vx=0.762, vy=0.000, wz=0.568
[process_manager-1] [component_container_isolated-1] [INFO] [1772609647.564716066] [controller_server]: [MPPI] === evalControl() complete ===
[process_manager-1] [component_container_isolated-1] [WARN] [1772609647.565859489] [controller_server]: Control loop missed its desired rate of 30.0000Hz
[status_reporter-3] [0m[INFO] [1772609647.600812023] [status_reporter]: 车辆恢复运动，速度: 0.2 km/h[0m
[process_manager-1] [component_container_isolated-1] [INFO] [1772609647.618171843] [controller_server]: [MPPI] === evalControl() called ===
[process_manager-1] [component_container_isolated-1] [INFO] [1772609647.618404057] [controller_server]: Robot pose: (-2.82, 1.25, -0.16), speed: (0.08, -0.00, 0.03)
[process_manager-1] [component_container_isolated-1] [INFO] [1772609647.618442812] [controller_server]: Plan size: 60
[process_manager-1] [component_container_isolated-1] [INFO] [1772609647.618493086] [controller_server]: [MPPI] prepare() done. critics_data_.fail_flag = 0
[process_manager-1] [component_container_isolated-1] [INFO] [1772609647.618511362] [controller_server]: [MPPI] Running optimize() iteration #0
[process_manager-1] [component_container_isolated-1] [INFO] [1772609647.650718161] [controller_server]: [MPPI] optimize() finished. fail_flag = 0
[process_manager-1] [component_container_isolated-1] [INFO] [1772609647.650920885] [controller_server]: [MPPI] Applied savitskyGolayFilter()
[process_manager-1] [component_container_isolated-1] [INFO] [1772609647.650940001] [controller_server]: [MPPI] Output control: vx=0.843, vy=0.000, wz=0.603
[process_manager-1] [component_container_isolated-1] [INFO] [1772609647.650959642] [controller_server]: [MPPI] === evalControl() complete ===
[process_manager-1] [component_container_isolated-1] [WARN] [1772609647.651502969] [controller_server]: Control loop missed its desired rate of 30.0000Hz
[process_manager-1] [component_container_isolated-1] [INFO] [1772609647.713574468] [controller_server]: [MPPI] === evalControl() called ===
[process_manager-1] [component_container_isolated-1] [INFO] [1772609647.713794468] [controller_server]: Robot pose: (-2.81, 1.25, -0.16), speed: (0.11, 0.00, 0.06)
[process_manager-1] [component_container_isolated-1] [INFO] [1772609647.713852271] [controller_server]: Plan size: 60
[process_manager-1] [component_container_isolated-1] [INFO] [1772609647.713896571] [controller_server]: [MPPI] prepare() done. critics_data_.fail_flag = 0
[process_manager-1] [component_container_isolated-1] [INFO] [1772609647.713943510] [controller_server]: [MPPI] Running optimize() iteration #0
[process_manager-1] [component_container_isolated-1] [INFO] [1772609647.750959194] [controller_server]: [MPPI] optimize() finished. fail_flag = 0
[process_manager-1] [component_container_isolated-1] [INFO] [1772609647.751152298] [controller_server]: [MPPI] Applied savitskyGolayFilter()
[process_manager-1] [component_container_isolated-1] [INFO] [1772609647.751169734] [controller_server]: [MPPI] Output control: vx=0.919, vy=0.000, wz=0.623
[process_manager-1] [component_container_isolated-1] [INFO] [1772609647.751188674] [controller_server]: [MPPI] === evalControl() complete ===
[process_manager-1] [component_container_isolated-1] [WARN] [1772609647.751543904] [controller_server]: Control loop missed its desired rate of 30.0000Hz
[process_manager-1] [component_container_isolated-1] [INFO] [1772609647.814186378] [controller_server]: [MPPI] === evalControl() called ===
[process_manager-1] [component_container_isolated-1] [INFO] [1772609647.814321951] [controller_server]: Robot pose: (-2.80, 1.25, -0.15), speed: (0.16, 0.00, 0.11)
[process_manager-1] [component_container_isolated-1] [INFO] [1772609647.814392142] [controller_server]: Plan size: 60
[process_manager-1] [component_container_isolated-1] [INFO] [1772609647.814419302] [controller_server]: [MPPI] prepare() done. critics_data_.fail_flag = 0
[process_manager-1] [component_container_isolated-1] [INFO] [1772609647.814434921] [controller_server]: [MPPI] Running optimize() iteration #0
[process_manager-1] [component_container_isolated-1] [INFO] [1772609647.853897162] [controller_server]: [MPPI] optimize() finished. fail_flag = 0
[process_manager-1] [component_container_isolated-1] [INFO] [1772609647.854269795] [controller_server]: [MPPI] Applied savitskyGolayFilter()
[process_manager-1] [component_container_isolated-1] [INFO] [1772609647.854301903] [controller_server]: [MPPI] Output control: vx=0.985, vy=0.000, wz=0.645
[process_manager-1] [component_container_isolated-1] [INFO] [1772609647.854334323] [controller_server]: [MPPI] === evalControl() complete ===
[process_manager-1] [component_container_isolated-1] [WARN] [1772609647.855351444] [controller_server]: Control loop missed its desired rate of 30.0000Hz
[process_manager-1] [component_container_isolated-1] [INFO] [1772609647.917427093] [controller_server]: [MPPI] === evalControl() called ===
[process_manager-1] [component_container_isolated-1] [INFO] [1772609647.917722293] [controller_server]: Robot pose: (-2.78, 1.24, -0.14), speed: (0.19, -0.00, 0.15)
[process_manager-1] [component_container_isolated-1] [INFO] [1772609647.917803712] [controller_server]: Plan size: 60
[process_manager-1] [component_container_isolated-1] [INFO] [1772609647.917865186] [controller_server]: [MPPI] prepare() done. critics_data_.fail_flag = 0
[process_manager-1] [component_container_isolated-1] [INFO] [1772609647.917890583] [controller_server]: [MPPI] Running optimize() iteration #0
[process_manager-1] [component_container_isolated-1] [INFO] [1772609647.961106094] [controller_server]: [MPPI] optimize() finished. fail_flag = 0
[process_manager-1] [component_container_isolated-1] [INFO] [1772609647.961451395] [controller_server]: [MPPI] Applied savitskyGolayFilter()
[process_manager-1] [component_container_isolated-1] [INFO] [1772609647.961484794] [controller_server]: [MPPI] Output control: vx=1.040, vy=0.000, wz=0.653
[process_manager-1] [component_container_isolated-1] [INFO] [1772609647.961515318] [controller_server]: [MPPI] === evalControl() complete ===
[process_manager-1] [component_container_isolated-1] [WARN] [1772609647.969949699] [controller_server]: Control loop missed its desired rate of 30.0000Hz
[process_manager-1] [component_container_isolated-1] [WARN] [1772609647.973609365] [planner_server]: Planner loop missed its desired rate of 20.0000 Hz. Current loop rate is 0.7482 Hz
[process_manager-1] [component_container_isolated-1] [INFO] [1772609648.012018113] [controller_server]: [MPPI] === evalControl() called ===
[process_manager-1] [component_container_isolated-1] [INFO] [1772609648.012058908] [controller_server]: Robot pose: (-2.76, 1.24, -0.12), speed: (0.20, 0.01, 0.18)
[process_manager-1] [component_container_isolated-1] [INFO] [1772609648.012071029] [controller_server]: Plan size: 60
[process_manager-1] [component_container_isolated-1] [INFO] [1772609648.012082623] [controller_server]: [MPPI] prepare() done. critics_data_.fail_flag = 0
[process_manager-1] [component_container_isolated-1] [INFO] [1772609648.012089701] [controller_server]: [MPPI] Running optimize() iteration #0
[process_manager-1] [component_container_isolated-1] [INFO] [1772609648.044414027] [controller_server]: [MPPI] optimize() finished. fail_flag = 0
[process_manager-1] [component_container_isolated-1] [INFO] [1772609648.044587016] [controller_server]: [MPPI] Applied savitskyGolayFilter()
[process_manager-1] [component_container_isolated-1] [INFO] [1772609648.044602955] [controller_server]: [MPPI] Output control: vx=1.089, vy=0.000, wz=0.692
[process_manager-1] [component_container_isolated-1] [INFO] [1772609648.044619092] [controller_server]: [MPPI] === evalControl() complete ===
[process_manager-1] [component_container_isolated-1] [WARN] [1772609648.044916905] [controller_server]: Control loop missed its desired rate of 30.0000Hz
[process_manager-1] [component_container_isolated-1] [INFO] [1772609648.044940447] [controller_server]: Passing new path to controller.
[process_manager-1] [component_container_isolated-1] [INFO] [1772609648.117064877] [controller_server]: [MPPI] === evalControl() called ===
[process_manager-1] [component_container_isolated-1] [INFO] [1772609648.117242866] [controller_server]: Robot pose: (-2.74, 1.24, -0.10), speed: (0.20, 0.04, 0.21)
[process_manager-1] [component_container_isolated-1] [INFO] [1772609648.117266687] [controller_server]: Plan size: 60
[process_manager-1] [component_container_isolated-1] [INFO] [1772609648.117297815] [controller_server]: [MPPI] prepare() done. critics_data_.fail_flag = 0
[process_manager-1] [component_container_isolated-1] [INFO] [1772609648.117317936] [controller_server]: [MPPI] Running optimize() iteration #0
[process_manager-1] [component_container_isolated-1] [INFO] [1772609648.134657497] [controller_server]: [MPPI] optimize() finished. fail_flag = 0
[process_manager-1] [component_container_isolated-1] [INFO] [1772609648.134945644] [controller_server]: [MPPI] Applied savitskyGolayFilter()
[process_manager-1] [component_container_isolated-1] [INFO] [1772609648.134961520] [controller_server]: [MPPI] Output control: vx=1.136, vy=0.000, wz=0.729
[process_manager-1] [component_container_isolated-1] [INFO] [1772609648.134975941] [controller_server]: [MPPI] === evalControl() complete ===
[process_manager-1] [component_container_isolated-1] [WARN] [1772609648.135679980] [controller_server]: Control loop missed its desired rate of 30.0000Hz
[process_manager-1] [component_container_isolated-1] [INFO] [1772609648.207849559] [controller_server]: [MPPI] === evalControl() called ===
[process_manager-1] [component_container_isolated-1] [INFO] [1772609648.207945462] [controller_server]: Robot pose: (-2.72, 1.24, -0.08), speed: (0.21, 0.06, 0.21)
[process_manager-1] [component_container_isolated-1] [INFO] [1772609648.207967589] [controller_server]: Plan size: 60
[process_manager-1] [component_container_isolated-1] [INFO] [1772609648.207988953] [controller_server]: [MPPI] prepare() done. critics_data_.fail_flag = 0
[process_manager-1] [component_container_isolated-1] [INFO] [1772609648.208002867] [controller_server]: [MPPI] Running optimize() iteration #0
[process_manager-1] [component_container_isolated-1] [INFO] [1772609648.240147881] [controller_server]: [MPPI] optimize() finished. fail_flag = 0
[process_manager-1] [component_container_isolated-1] [INFO] [1772609648.240565402] [controller_server]: [MPPI] Applied savitskyGolayFilter()
[process_manager-1] [component_container_isolated-1] [INFO] [1772609648.240797347] [controller_server]: [MPPI] Output control: vx=1.177, vy=0.000, wz=0.755
[process_manager-1] [component_container_isolated-1] [INFO] [1772609648.240833780] [controller_server]: [MPPI] === evalControl() complete ===
[process_manager-1] [component_container_isolated-1] [WARN] [1772609648.246976474] [controller_server]: Control loop missed its desired rate of 30.0000Hz
[process_manager-1] [component_container_isolated-1] [INFO] [1772609648.310063470] [controller_server]: [MPPI] === evalControl() called ===
[process_manager-1] [component_container_isolated-1] [INFO] [1772609648.310300882] [controller_server]: Robot pose: (-2.70, 1.24, -0.06), speed: (0.22, 0.05, 0.22)
[process_manager-1] [component_container_isolated-1] [INFO] [1772609648.310347871] [controller_server]: Plan size: 60
[process_manager-1] [component_container_isolated-1] [INFO] [1772609648.310430844] [controller_server]: [MPPI] prepare() done. critics_data_.fail_flag = 0
[process_manager-1] [component_container_isolated-1] [INFO] [1772609648.310454444] [controller_server]: [MPPI] Running optimize() iteration #0
[process_manager-1] [component_container_isolated-1] [INFO] [1772609648.344772620] [controller_server]: [MPPI] optimize() finished. fail_flag = 0
[process_manager-1] [component_container_isolated-1] [INFO] [1772609648.345018376] [controller_server]: [MPPI] Applied savitskyGolayFilter()
[process_manager-1] [component_container_isolated-1] [INFO] [1772609648.345070864] [controller_server]: [MPPI] Output control: vx=1.222, vy=0.000, wz=0.790
[process_manager-1] [component_container_isolated-1] [INFO] [1772609648.345109499] [controller_server]: [MPPI] === evalControl() complete ===
[process_manager-1] [component_container_isolated-1] [WARN] [1772609648.346333453] [controller_server]: Control loop missed its desired rate of 30.0000Hz
[process_manager-1] [navsat_transform_node-6] [INFO] [1772609648.404307224] [navsat_transform]: Datum (latitude, longitude, altitude) is (30.77, 103.98, 526.20)
[process_manager-1] [navsat_transform_node-6] [INFO] [1772609648.404454319] [navsat_transform]: Datum UTM coordinate is (48R, 402843.53, 3404332.22)
[process_manager-1] [component_container_isolated-1] [INFO] [1772609648.419945258] [controller_server]: [MPPI] === evalControl() called ===
[process_manager-1] [component_container_isolated-1] [INFO] [1772609648.420178923] [controller_server]: Robot pose: (-2.68, 1.24, -0.04), speed: (0.22, 0.06, 0.22)
[process_manager-1] [component_container_isolated-1] [INFO] [1772609648.420243418] [controller_server]: Plan size: 60
[process_manager-1] [component_container_isolated-1] [INFO] [1772609648.420299936] [controller_server]: [MPPI] prepare() done. critics_data_.fail_flag = 0
[process_manager-1] [component_container_isolated-1] [INFO] [1772609648.420332194] [controller_server]: [MPPI] Running optimize() iteration #0
[process_manager-1] [component_container_isolated-1] [INFO] [1772609648.454332647] [controller_server]: [MPPI] optimize() finished. fail_flag = 0
[process_manager-1] [component_container_isolated-1] [INFO] [1772609648.454475124] [controller_server]: [MPPI] Applied savitskyGolayFilter()
[process_manager-1] [component_container_isolated-1] [INFO] [1772609648.454485305] [controller_server]: [MPPI] Output control: vx=1.223, vy=0.000, wz=0.790
[process_manager-1] [component_container_isolated-1] [INFO] [1772609648.454498143] [controller_server]: [MPPI] === evalControl() complete ===
[process_manager-1] [component_container_isolated-1] [WARN] [1772609648.454804399] [controller_server]: Control loop missed its desired rate of 30.0000Hz
[process_manager-1] [component_container_isolated-1] [INFO] [1772609648.466384763] [controller_server]: [MPPI] === evalControl() called ===
[process_manager-1] [component_container_isolated-1] [INFO] [1772609648.466600235] [controller_server]: Robot pose: (-2.67, 1.23, -0.03), speed: (0.23, 0.07, 0.23)
[process_manager-1] [component_container_isolated-1] [INFO] [1772609648.466666397] [controller_server]: Plan size: 60
[process_manager-1] [component_container_isolated-1] [INFO] [1772609648.466732750] [controller_server]: [MPPI] prepare() done. critics_data_.fail_flag = 0
[process_manager-1] [component_container_isolated-1] [INFO] [1772609648.466801946] [controller_server]: [MPPI] Running optimize() iteration #0
[process_manager-1] [component_container_isolated-1] [INFO] [1772609648.528742683] [controller_server]: [MPPI] optimize() finished. fail_flag = 0
[process_manager-1] [component_container_isolated-1] [INFO] [1772609648.529051529] [controller_server]: [MPPI] Applied savitskyGolayFilter()
[process_manager-1] [component_container_isolated-1] [INFO] [1772609648.529080117] [controller_server]: [MPPI] Output control: vx=1.245, vy=0.000, wz=0.802
[process_manager-1] [component_container_isolated-1] [INFO] [1772609648.529095639] [controller_server]: [MPPI] === evalControl() complete ===
[process_manager-1] [component_container_isolated-1] [WARN] [1772609648.529702384] [controller_server]: Control loop missed its desired rate of 30.0000Hz
[process_manager-1] [component_container_isolated-1] [INFO] [1772609648.546568268] [controller_server]: [MPPI] === evalControl() called ===
[process_manager-1] [component_container_isolated-1] [INFO] [1772609648.546646126] [controller_server]: Robot pose: (-2.65, 1.23, -0.01), speed: (0.23, 0.08, 0.24)
[process_manager-1] [component_container_isolated-1] [INFO] [1772609648.546671180] [controller_server]: Plan size: 60
[process_manager-1] [component_container_isolated-1] [INFO] [1772609648.546709866] [controller_server]: [MPPI] prepare() done. critics_data_.fail_flag = 0
[process_manager-1] [component_container_isolated-1] [INFO] [1772609648.546725209] [controller_server]: [MPPI] Running optimize() iteration #0
[process_manager-1] [component_container_isolated-1] [INFO] [1772609648.577713246] [controller_server]: [MPPI] optimize() finished. fail_flag = 0
[process_manager-1] [component_container_isolated-1] [INFO] [1772609648.578191494] [controller_server]: [MPPI] Applied savitskyGolayFilter()
[process_manager-1] [component_container_isolated-1] [INFO] [1772609648.578245905] [controller_server]: [MPPI] Output control: vx=1.243, vy=0.000, wz=0.801
[process_manager-1] [component_container_isolated-1] [INFO] [1772609648.578268409] [controller_server]: [MPPI] === evalControl() complete ===
[process_manager-1] [component_container_isolated-1] [WARN] [1772609648.579115823] [controller_server]: Control loop missed its desired rate of 30.0000Hz
[process_manager-1] [component_container_isolated-1] [INFO] [1772609648.610608006] [controller_server]: [MPPI] === evalControl() called ===
[process_manager-1] [component_container_isolated-1] [INFO] [1772609648.610963533] [controller_server]: Robot pose: (-2.63, 1.22, 0.01), speed: (0.24, 0.08, 0.25)
[process_manager-1] [component_container_isolated-1] [INFO] [1772609648.611013479] [controller_server]: Plan size: 60
[process_manager-1] [component_container_isolated-1] [INFO] [1772609648.611053666] [controller_server]: [MPPI] prepare() done. critics_data_.fail_flag = 0
[process_manager-1] [component_container_isolated-1] [INFO] [1772609648.611071426] [controller_server]: [MPPI] Running optimize() iteration #0
[process_manager-1] [component_container_isolated-1] [INFO] [1772609648.661422675] [controller_server]: [MPPI] optimize() finished. fail_flag = 0
[process_manager-1] [component_container_isolated-1] [INFO] [1772609648.661729461] [controller_server]: [MPPI] Applied savitskyGolayFilter()
[process_manager-1] [component_container_isolated-1] [INFO] [1772609648.661773037] [controller_server]: [MPPI] Output control: vx=1.230, vy=0.000, wz=0.791
[process_manager-1] [component_container_isolated-1] [INFO] [1772609648.661795606] [controller_server]: [MPPI] === evalControl() complete ===
[process_manager-1] [component_container_isolated-1] [WARN] [1772609648.662377846] [controller_server]: Control loop missed its desired rate of 30.0000Hz
[process_manager-1] [component_container_isolated-1] [INFO] [1772609648.714270731] [controller_server]: [MPPI] === evalControl() called ===
[process_manager-1] [component_container_isolated-1] [INFO] [1772609648.714396268] [controller_server]: Robot pose: (-2.62, 1.22, 0.03), speed: (0.24, 0.09, 0.25)
[process_manager-1] [component_container_isolated-1] [INFO] [1772609648.714431120] [controller_server]: Plan size: 60
[process_manager-1] [component_container_isolated-1] [INFO] [1772609648.714468409] [controller_server]: [MPPI] prepare() done. critics_data_.fail_flag = 0
[process_manager-1] [component_container_isolated-1] [INFO] [1772609648.714491170] [controller_server]: [MPPI] Running optimize() iteration #0
[process_manager-1] [component_container_isolated-1] [INFO] [1772609648.743094212] [controller_server]: [MPPI] optimize() finished. fail_flag = 0
[process_manager-1] [component_container_isolated-1] [INFO] [1772609648.743344300] [controller_server]: [MPPI] Applied savitskyGolayFilter()
[process_manager-1] [component_container_isolated-1] [INFO] [1772609648.743363145] [controller_server]: [MPPI] Output control: vx=1.239, vy=0.000, wz=0.799
[process_manager-1] [component_container_isolated-1] [INFO] [1772609648.743387032] [controller_server]: [MPPI] === evalControl() complete ===
[process_manager-1] [component_container_isolated-1] [WARN] [1772609648.743924805] [controller_server]: Control loop missed its desired rate of 30.0000Hz
[process_manager-1] [component_container_isolated-1] [INFO] [1772609648.816273235] [controller_server]: [MPPI] === evalControl() called ===
[process_manager-1] [component_container_isolated-1] [INFO] [1772609648.816491793] [controller_server]: Robot pose: (-2.59, 1.22, 0.06), speed: (0.25, 0.09, 0.22)
[process_manager-1] [component_container_isolated-1] [INFO] [1772609648.816522734] [controller_server]: Plan size: 60
[process_manager-1] [component_container_isolated-1] [INFO] [1772609648.816571423] [controller_server]: [MPPI] prepare() done. critics_data_.fail_flag = 0
[process_manager-1] [component_container_isolated-1] [INFO] [1772609648.816597469] [controller_server]: [MPPI] Running optimize() iteration #0
[process_manager-1] [component_container_isolated-1] [INFO] [1772609648.847664436] [controller_server]: [MPPI] optimize() finished. fail_flag = 0
[process_manager-1] [component_container_isolated-1] [INFO] [1772609648.847852237] [controller_server]: [MPPI] Applied savitskyGolayFilter()
[process_manager-1] [component_container_isolated-1] [INFO] [1772609648.847880621] [controller_server]: [MPPI] Output control: vx=1.222, vy=0.000, wz=0.784
[process_manager-1] [component_container_isolated-1] [INFO] [1772609648.847919313] [controller_server]: [MPPI] === evalControl() complete ===
[process_manager-1] [component_container_isolated-1] [WARN] [1772609648.848978171] [controller_server]: Control loop missed its desired rate of 30.0000Hz
[process_manager-1] [component_container_isolated-1] [INFO] [1772609648.910955917] [controller_server]: [MPPI] === evalControl() called ===
[process_manager-1] [component_container_isolated-1] [INFO] [1772609648.911025899] [controller_server]: Robot pose: (-2.57, 1.22, 0.08), speed: (0.21, 0.10, 0.25)
[process_manager-1] [component_container_isolated-1] [INFO] [1772609648.911045803] [controller_server]: Plan size: 60
[process_manager-1] [component_container_isolated-1] [INFO] [1772609648.911064080] [controller_server]: [MPPI] prepare() done. critics_data_.fail_flag = 0
[process_manager-1] [component_container_isolated-1] [INFO] [1772609648.911078215] [controller_server]: [MPPI] Running optimize() iteration #0
[process_manager-1] [component_container_isolated-1] [INFO] [1772609648.943127797] [controller_server]: [MPPI] optimize() finished. fail_flag = 0
[process_manager-1] [component_container_isolated-1] [INFO] [1772609648.944605597] [controller_server]: [MPPI] Applied savitskyGolayFilter()
[process_manager-1] [component_container_isolated-1] [INFO] [1772609648.944647911] [controller_server]: [MPPI] Output control: vx=1.213, vy=0.000, wz=0.781
[process_manager-1] [component_container_isolated-1] [INFO] [1772609648.944673390] [controller_server]: [MPPI] === evalControl() complete ===
[process_manager-1] [component_container_isolated-1] [WARN] [1772609648.945549064] [controller_server]: Control loop missed its desired rate of 30.0000Hz
[process_manager-1] [component_container_isolated-1] [INFO] [1772609649.018495729] [controller_server]: [MPPI] === evalControl() called ===
[process_manager-1] [component_container_isolated-1] [INFO] [1772609649.018890379] [controller_server]: Robot pose: (-2.55, 1.23, 0.10), speed: (0.20, 0.08, 0.21)
[process_manager-1] [component_container_isolated-1] [INFO] [1772609649.018958777] [controller_server]: Plan size: 60
[process_manager-1] [component_container_isolated-1] [INFO] [1772609649.018999485] [controller_server]: [MPPI] prepare() done. critics_data_.fail_flag = 0
[process_manager-1] [component_container_isolated-1] [INFO] [1772609649.019016034] [controller_server]: [MPPI] Running optimize() iteration #0
[process_manager-1] [component_container_isolated-1] [INFO] [1772609649.052211444] [controller_server]: [MPPI] optimize() finished. fail_flag = 0
[process_manager-1] [component_container_isolated-1] [INFO] [1772609649.053480794] [controller_server]: [MPPI] Applied savitskyGolayFilter()
[process_manager-1] [component_container_isolated-1] [INFO] [1772609649.053521440] [controller_server]: [MPPI] Output control: vx=1.201, vy=0.000, wz=0.774
[process_manager-1] [component_container_isolated-1] [INFO] [1772609649.053550878] [controller_server]: [MPPI] === evalControl() complete ===
[process_manager-1] [component_container_isolated-1] [WARN] [1772609649.054541947] [controller_server]: Control loop missed its desired rate of 30.0000Hz
[process_manager-1] [component_container_isolated-1] [INFO] [1772609649.116687904] [controller_server]: [MPPI] === evalControl() called ===
[process_manager-1] [component_container_isolated-1] [INFO] [1772609649.116839275] [controller_server]: Robot pose: (-2.53, 1.23, 0.12), speed: (0.19, 0.10, 0.23)
[process_manager-1] [component_container_isolated-1] [INFO] [1772609649.116878331] [controller_server]: Plan size: 60
[process_manager-1] [component_container_isolated-1] [INFO] [1772609649.116926258] [controller_server]: [MPPI] prepare() done. critics_data_.fail_flag = 0
[process_manager-1] [component_container_isolated-1] [INFO] [1772609649.116955515] [controller_server]: [MPPI] Running optimize() iteration #0
[process_manager-1] [component_container_isolated-1] [INFO] [1772609649.138145521] [controller_server]: [MPPI] optimize() finished. fail_flag = 0
[process_manager-1] [component_container_isolated-1] [INFO] [1772609649.138328575] [controller_server]: [MPPI] Applied savitskyGolayFilter()
[process_manager-1] [component_container_isolated-1] [INFO] [1772609649.138341041] [controller_server]: [MPPI] Output control: vx=1.180, vy=0.000, wz=0.760
[process_manager-1] [component_container_isolated-1] [INFO] [1772609649.138352946] [controller_server]: [MPPI] === evalControl() complete ===
[process_manager-1] [component_container_isolated-1] [WARN] [1772609649.138913307] [controller_server]: Control loop missed its desired rate of 30.0000Hz
[process_manager-1] [component_container_isolated-1] [INFO] [1772609649.221633825] [controller_server]: [MPPI] === evalControl() called ===
[process_manager-1] [component_container_isolated-1] [INFO] [1772609649.221714150] [controller_server]: Robot pose: (-2.52, 1.24, 0.14), speed: (0.19, 0.11, 0.23)
[process_manager-1] [component_container_isolated-1] [INFO] [1772609649.221738152] [controller_server]: Plan size: 60
[process_manager-1] [component_container_isolated-1] [INFO] [1772609649.221764561] [controller_server]: [MPPI] prepare() done. critics_data_.fail_flag = 0
[process_manager-1] [component_container_isolated-1] [INFO] [1772609649.221779410] [controller_server]: [MPPI] Running optimize() iteration #0
[process_manager-1] [component_container_isolated-1] [INFO] [1772609649.243944064] [controller_server]: [MPPI] optimize() finished. fail_flag = 0
[process_manager-1] [component_container_isolated-1] [INFO] [1772609649.244163482] [controller_server]: [MPPI] Applied savitskyGolayFilter()
[process_manager-1] [component_container_isolated-1] [INFO] [1772609649.244185619] [controller_server]: [MPPI] Output control: vx=1.163, vy=0.000, wz=0.752
[process_manager-1] [component_container_isolated-1] [INFO] [1772609649.244207836] [controller_server]: [MPPI] === evalControl() complete ===
[process_manager-1] [component_container_isolated-1] [WARN] [1772609649.244594979] [controller_server]: Control loop missed its desired rate of 30.0000Hz
[process_manager-1] [component_container_isolated-1] [INFO] [1772609649.318525379] [controller_server]: [MPPI] === evalControl() called ===
[process_manager-1] [component_container_isolated-1] [INFO] [1772609649.318637600] [controller_server]: Robot pose: (-2.50, 1.24, 0.17), speed: (0.21, 0.08, 0.23)
[process_manager-1] [component_container_isolated-1] [INFO] [1772609649.318663352] [controller_server]: Plan size: 60
[process_manager-1] [component_container_isolated-1] [INFO] [1772609649.318688486] [controller_server]: [MPPI] prepare() done. critics_data_.fail_flag = 0
[process_manager-1] [component_container_isolated-1] [INFO] [1772609649.318703779] [controller_server]: [MPPI] Running optimize() iteration #0
[process_manager-1] [component_container_isolated-1] [INFO] [1772609649.349195428] [controller_server]: [MPPI] optimize() finished. fail_flag = 0
[process_manager-1] [component_container_isolated-1] [INFO] [1772609649.349511408] [controller_server]: [MPPI] Applied savitskyGolayFilter()
[process_manager-1] [component_container_isolated-1] [INFO] [1772609649.349542768] [controller_server]: [MPPI] Output control: vx=1.136, vy=0.000, wz=0.736
[process_manager-1] [component_container_isolated-1] [INFO] [1772609649.349570502] [controller_server]: [MPPI] === evalControl() complete ===
[process_manager-1] [component_container_isolated-1] [WARN] [1772609649.350362636] [controller_server]: Control loop missed its desired rate of 30.0000Hz
[process_manager-1] [navsat_transform_node-6] [INFO] [1772609649.370211843] [navsat_transform]: Datum (latitude, longitude, altitude) is (30.77, 103.98, 526.10)
[process_manager-1] [navsat_transform_node-6] [INFO] [1772609649.370308433] [navsat_transform]: Datum UTM coordinate is (48R, 402843.38, 3404332.46)
[process_manager-1] [component_container_isolated-1] [INFO] [1772609649.412393007] [controller_server]: [MPPI] === evalControl() called ===
[process_manager-1] [component_container_isolated-1] [INFO] [1772609649.412443506] [controller_server]: Robot pose: (-2.47, 1.25, 0.19), speed: (0.21, 0.11, 0.24)
[process_manager-1] [component_container_isolated-1] [INFO] [1772609649.412464164] [controller_server]: Plan size: 60
[process_manager-1] [component_container_isolated-1] [INFO] [1772609649.412483393] [controller_server]: [MPPI] prepare() done. critics_data_.fail_flag = 0
[process_manager-1] [component_container_isolated-1] [INFO] [1772609649.412495891] [controller_server]: [MPPI] Running optimize() iteration #0
[process_manager-1] [component_container_isolated-1] [INFO] [1772609649.456362464] [controller_server]: [MPPI] optimize() finished. fail_flag = 0
[process_manager-1] [component_container_isolated-1] [INFO] [1772609649.456579318] [controller_server]: [MPPI] Applied savitskyGolayFilter()
[process_manager-1] [component_container_isolated-1] [INFO] [1772609649.456597261] [controller_server]: [MPPI] Output control: vx=1.124, vy=0.000, wz=0.728
[process_manager-1] [component_container_isolated-1] [INFO] [1772609649.456616278] [controller_server]: [MPPI] === evalControl() complete ===
[process_manager-1] [component_container_isolated-1] [WARN] [1772609649.457627344] [controller_server]: Control loop missed its desired rate of 30.0000Hz
[process_manager-1] [component_container_isolated-1] [INFO] [1772609649.510516013] [controller_server]: [MPPI] === evalControl() called ===
[process_manager-1] [component_container_isolated-1] [INFO] [1772609649.510635371] [controller_server]: Robot pose: (-2.45, 1.25, 0.22), speed: (0.21, 0.12, 0.26)
[process_manager-1] [component_container_isolated-1] [INFO] [1772609649.510663158] [controller_server]: Plan size: 60
[process_manager-1] [component_container_isolated-1] [INFO] [1772609649.510688406] [controller_server]: [MPPI] prepare() done. critics_data_.fail_flag = 0
[process_manager-1] [component_container_isolated-1] [INFO] [1772609649.510705648] [controller_server]: [MPPI] Running optimize() iteration #0
[process_manager-1] [component_container_isolated-1] [INFO] [1772609649.543270407] [controller_server]: [MPPI] optimize() finished. fail_flag = 0
[process_manager-1] [component_container_isolated-1] [INFO] [1772609649.543463599] [controller_server]: [MPPI] Applied savitskyGolayFilter()
[process_manager-1] [component_container_isolated-1] [INFO] [1772609649.543484733] [controller_server]: [MPPI] Output control: vx=1.112, vy=0.000, wz=0.712
[process_manager-1] [component_container_isolated-1] [INFO] [1772609649.543507504] [controller_server]: [MPPI] === evalControl() complete ===
[process_manager-1] [component_container_isolated-1] [WARN] [1772609649.543962356] [controller_server]: Control loop missed its desired rate of 30.0000Hz
[process_manager-1] [component_container_isolated-1] [INFO] [1772609649.616478603] [controller_server]: [MPPI] === evalControl() called ===
[process_manager-1] [component_container_isolated-1] [INFO] [1772609649.616730656] [controller_server]: Robot pose: (-2.43, 1.26, 0.24), speed: (0.20, 0.09, 0.23)
[process_manager-1] [component_container_isolated-1] [INFO] [1772609649.616811046] [controller_server]: Plan size: 60
[process_manager-1] [component_container_isolated-1] [INFO] [1772609649.616876569] [controller_server]: [MPPI] prepare() done. critics_data_.fail_flag = 0
[process_manager-1] [component_container_isolated-1] [INFO] [1772609649.616903391] [controller_server]: [MPPI] Running optimize() iteration #0
[process_manager-1] [component_container_isolated-1] [INFO] [1772609649.670700974] [controller_server]: [MPPI] optimize() finished. fail_flag = 0
[process_manager-1] [component_container_isolated-1] [INFO] [1772609649.671487747] [controller_server]: [MPPI] Applied savitskyGolayFilter()
[process_manager-1] [component_container_isolated-1] [INFO] [1772609649.671526075] [controller_server]: [MPPI] Output control: vx=1.106, vy=0.000, wz=0.701
[process_manager-1] [component_container_isolated-1] [INFO] [1772609649.671540642] [controller_server]: [MPPI] === evalControl() complete ===
[process_manager-1] [component_container_isolated-1] [WARN] [1772609649.671981158] [controller_server]: Control loop missed its desired rate of 30.0000Hz
[process_manager-1] [component_container_isolated-1] [INFO] [1772609649.713952552] [controller_server]: [MPPI] === evalControl() called ===
[process_manager-1] [component_container_isolated-1] [INFO] [1772609649.714088042] [controller_server]: Robot pose: (-2.41, 1.27, 0.27), speed: (0.17, 0.07, 0.23)
[process_manager-1] [component_container_isolated-1] [INFO] [1772609649.714125626] [controller_server]: Plan size: 60
[process_manager-1] [component_container_isolated-1] [INFO] [1772609649.714165032] [controller_server]: [MPPI] prepare() done. critics_data_.fail_flag = 0
[process_manager-1] [component_container_isolated-1] [INFO] [1772609649.714184372] [controller_server]: [MPPI] Running optimize() iteration #0
[process_manager-1] [component_container_isolated-1] [INFO] [1772609649.762834690] [controller_server]: [MPPI] optimize() finished. fail_flag = 0
[process_manager-1] [component_container_isolated-1] [INFO] [1772609649.763197135] [controller_server]: [MPPI] Applied savitskyGolayFilter()
[process_manager-1] [component_container_isolated-1] [INFO] [1772609649.763239891] [controller_server]: [MPPI] Output control: vx=1.095, vy=0.000, wz=0.688
[process_manager-1] [component_container_isolated-1] [INFO] [1772609649.763274918] [controller_server]: [MPPI] === evalControl() complete ===
[process_manager-1] [component_container_isolated-1] [WARN] [1772609649.764133107] [controller_server]: Control loop missed its desired rate of 30.0000Hz
[process_manager-1] [component_container_isolated-1] [INFO] [1772609649.858374020] [controller_server]: [MPPI] === evalControl() called ===
[process_manager-1] [component_container_isolated-1] [INFO] [1772609649.858639857] [controller_server]: Robot pose: (-2.39, 1.27, 0.29), speed: (0.16, 0.09, 0.25)
[process_manager-1] [component_container_isolated-1] [INFO] [1772609649.858675602] [controller_server]: Plan size: 60
[process_manager-1] [component_container_isolated-1] [INFO] [1772609649.858722740] [controller_server]: [MPPI] prepare() done. critics_data_.fail_flag = 0
[process_manager-1] [component_container_isolated-1] [INFO] [1772609649.858745636] [controller_server]: [MPPI] Running optimize() iteration #0
[process_manager-1] [component_container_isolated-1] [INFO] [1772609649.899182805] [controller_server]: [MPPI] optimize() finished. fail_flag = 0
[process_manager-1] [component_container_isolated-1] [INFO] [1772609649.900077367] [controller_server]: [MPPI] Applied savitskyGolayFilter()
[process_manager-1] [component_container_isolated-1] [INFO] [1772609649.900100414] [controller_server]: [MPPI] Output control: vx=1.110, vy=0.000, wz=0.701
[process_manager-1] [component_container_isolated-1] [INFO] [1772609649.900117665] [controller_server]: [MPPI] === evalControl() complete ===
[process_manager-1] [component_container_isolated-1] [WARN] [1772609649.900415788] [controller_server]: Control loop missed its desired rate of 30.0000Hz
[process_manager-1] [component_container_isolated-1] [INFO] [1772609649.911824197] [controller_server]: [MPPI] === evalControl() called ===
[process_manager-1] [component_container_isolated-1] [INFO] [1772609649.911886443] [controller_server]: Robot pose: (-2.36, 1.27, 0.33), speed: (0.15, 0.12, 0.22)
[process_manager-1] [component_container_isolated-1] [INFO] [1772609649.911910405] [controller_server]: Plan size: 60
[process_manager-1] [component_container_isolated-1] [INFO] [1772609649.911989064] [controller_server]: [MPPI] prepare() done. critics_data_.fail_flag = 0
[process_manager-1] [component_container_isolated-1] [INFO] [1772609649.912005855] [controller_server]: [MPPI] Running optimize() iteration #0
[process_manager-1] [component_container_isolated-1] [INFO] [1772609649.943282119] [controller_server]: [MPPI] optimize() finished. fail_flag = 0
[process_manager-1] [component_container_isolated-1] [INFO] [1772609649.943510607] [controller_server]: [MPPI] Applied savitskyGolayFilter()
[process_manager-1] [component_container_isolated-1] [INFO] [1772609649.943529351] [controller_server]: [MPPI] Output control: vx=1.088, vy=0.000, wz=0.683
[process_manager-1] [component_container_isolated-1] [INFO] [1772609649.943551742] [controller_server]: [MPPI] === evalControl() complete ===
[process_manager-1] [component_container_isolated-1] [INFO] [1772609650.020407521] [controller_server]: [MPPI] === evalControl() called ===
[process_manager-1] [component_container_isolated-1] [INFO] [1772609650.020586503] [controller_server]: Robot pose: (-2.36, 1.28, 0.34), speed: (0.12, 0.12, 0.22)
[process_manager-1] [component_container_isolated-1] [INFO] [1772609650.020616110] [controller_server]: Plan size: 60
[process_manager-1] [component_container_isolated-1] [INFO] [1772609650.020666105] [controller_server]: [MPPI] prepare() done. critics_data_.fail_flag = 0
[process_manager-1] [component_container_isolated-1] [INFO] [1772609650.020691088] [controller_server]: [MPPI] Running optimize() iteration #0
[process_manager-1] [component_container_isolated-1] [INFO] [1772609650.056430323] [controller_server]: [MPPI] optimize() finished. fail_flag = 0
[process_manager-1] [component_container_isolated-1] [INFO] [1772609650.056702275] [controller_server]: [MPPI] Applied savitskyGolayFilter()
[process_manager-1] [component_container_isolated-1] [INFO] [1772609650.056731992] [controller_server]: [MPPI] Output control: vx=1.166, vy=0.000, wz=0.732
[process_manager-1] [component_container_isolated-1] [INFO] [1772609650.056816619] [controller_server]: [MPPI] === evalControl() complete ===
[process_manager-1] [component_container_isolated-1] [WARN] [1772609650.057961313] [controller_server]: Control loop missed its desired rate of 30.0000Hz
[process_manager-1] [component_container_isolated-1] [INFO] [1772609650.122042409] [controller_server]: [MPPI] === evalControl() called ===
[process_manager-1] [component_container_isolated-1] [INFO] [1772609650.122310990] [controller_server]: Robot pose: (-2.34, 1.28, 0.36), speed: (0.14, 0.10, 0.21)
[process_manager-1] [component_container_isolated-1] [INFO] [1772609650.122348613] [controller_server]: Plan size: 60
[process_manager-1] [component_container_isolated-1] [INFO] [1772609650.122388256] [controller_server]: [MPPI] prepare() done. critics_data_.fail_flag = 0
[process_manager-1] [component_container_isolated-1] [INFO] [1772609650.122411435] [controller_server]: [MPPI] Running optimize() iteration #0
[process_manager-1] [component_container_isolated-1] [INFO] [1772609650.170481278] [controller_server]: [MPPI] optimize() finished. fail_flag = 0
[process_manager-1] [component_container_isolated-1] [INFO] [1772609650.170821002] [controller_server]: [MPPI] Applied savitskyGolayFilter()
[process_manager-1] [component_container_isolated-1] [INFO] [1772609650.170845909] [controller_server]: [MPPI] Output control: vx=1.196, vy=0.000, wz=0.750
[process_manager-1] [component_container_isolated-1] [INFO] [1772609650.170873073] [controller_server]: [MPPI] === evalControl() complete ===
[process_manager-1] [component_container_isolated-1] [WARN] [1772609650.171478491] [controller_server]: Control loop missed its desired rate of 30.0000Hz
[process_manager-1] [component_container_isolated-1] [INFO] [1772609650.214580085] [controller_server]: [MPPI] === evalControl() called ===
[process_manager-1] [component_container_isolated-1] [INFO] [1772609650.214786715] [controller_server]: Robot pose: (-2.32, 1.29, 0.38), speed: (0.15, 0.09, 0.22)
[process_manager-1] [component_container_isolated-1] [INFO] [1772609650.214832894] [controller_server]: Plan size: 60
[process_manager-1] [component_container_isolated-1] [INFO] [1772609650.214873231] [controller_server]: [MPPI] prepare() done. critics_data_.fail_flag = 0
[process_manager-1] [component_container_isolated-1] [INFO] [1772609650.214898274] [controller_server]: [MPPI] Running optimize() iteration #0
[process_manager-1] [component_container_isolated-1] [INFO] [1772609650.245132283] [controller_server]: [MPPI] optimize() finished. fail_flag = 0
[process_manager-1] [component_container_isolated-1] [INFO] [1772609650.245340679] [controller_server]: [MPPI] Applied savitskyGolayFilter()
[process_manager-1] [component_container_isolated-1] [INFO] [1772609650.245362643] [controller_server]: [MPPI] Output control: vx=1.204, vy=0.000, wz=0.752
[process_manager-1] [component_container_isolated-1] [INFO] [1772609650.245384038] [controller_server]: [MPPI] === evalControl() complete ===
[process_manager-1] [component_container_isolated-1] [WARN] [1772609650.245950227] [controller_server]: Control loop missed its desired rate of 30.0000Hz
[process_manager-1] [component_container_isolated-1] [INFO] [1772609650.319276216] [controller_server]: [MPPI] === evalControl() called ===
[process_manager-1] [component_container_isolated-1] [INFO] [1772609650.319365274] [controller_server]: Robot pose: (-2.30, 1.28, 0.40), speed: (0.12, 0.14, 0.25)
[process_manager-1] [component_container_isolated-1] [INFO] [1772609650.319389043] [controller_server]: Plan size: 60
[process_manager-1] [component_container_isolated-1] [INFO] [1772609650.319408557] [controller_server]: [MPPI] prepare() done. critics_data_.fail_flag = 0
[process_manager-1] [component_container_isolated-1] [INFO] [1772609650.319422243] [controller_server]: [MPPI] Running optimize() iteration #0
[process_manager-1] [component_container_isolated-1] [INFO] [1772609650.363838122] [controller_server]: [MPPI] optimize() finished. fail_flag = 0
[process_manager-1] [component_container_isolated-1] [INFO] [1772609650.364208656] [controller_server]: [MPPI] Applied savitskyGolayFilter()
[process_manager-1] [component_container_isolated-1] [INFO] [1772609650.364240244] [controller_server]: [MPPI] Output control: vx=1.206, vy=0.000, wz=0.754
[process_manager-1] [component_container_isolated-1] [INFO] [1772609650.364369629] [controller_server]: [MPPI] === evalControl() complete ===
[process_manager-1] [component_container_isolated-1] [WARN] [1772609650.366591812] [controller_server]: Control loop missed its desired rate of 30.0000Hz
[process_manager-1] [component_container_isolated-1] [WARN] [1772609650.378041349] [planner_server]: Planner loop missed its desired rate of 20.0000 Hz. Current loop rate is 0.7353 Hz
[process_manager-1] [component_container_isolated-1] [INFO] [1772609650.420565256] [controller_server]: [MPPI] === evalControl() called ===
[process_manager-1] [component_container_isolated-1] [INFO] [1772609650.421472810] [controller_server]: Robot pose: (-2.28, 1.29, 0.43), speed: (0.13, 0.13, 0.23)
[process_manager-1] [component_container_isolated-1] [INFO] [1772609650.421508572] [controller_server]: Plan size: 60
[process_manager-1] [component_container_isolated-1] [INFO] [1772609650.421562161] [controller_server]: [MPPI] prepare() done. critics_data_.fail_flag = 0
[process_manager-1] [component_container_isolated-1] [INFO] [1772609650.421610413] [controller_server]: [MPPI] Running optimize() iteration #0
[process_manager-1] [navsat_transform_node-6] [INFO] [1772609650.429781118] [navsat_transform]: Datum (latitude, longitude, altitude) is (30.77, 103.98, 525.90)
[process_manager-1] [navsat_transform_node-6] [INFO] [1772609650.429889570] [navsat_transform]: Datum UTM coordinate is (48R, 402843.25, 3404332.61)
[process_manager-1] [component_container_isolated-1] [INFO] [1772609650.454382045] [controller_server]: [MPPI] optimize() finished. fail_flag = 0
[process_manager-1] [component_container_isolated-1] [INFO] [1772609650.454655608] [controller_server]: [MPPI] Applied savitskyGolayFilter()
[process_manager-1] [component_container_isolated-1] [INFO] [1772609650.454694067] [controller_server]: [MPPI] Output control: vx=1.211, vy=0.000, wz=0.760
[process_manager-1] [component_container_isolated-1] [INFO] [1772609650.454717205] [controller_server]: [MPPI] === evalControl() complete ===
[process_manager-1] [component_container_isolated-1] [WARN] [1772609650.455359395] [controller_server]: Control loop missed its desired rate of 30.0000Hz
[process_manager-1] [component_container_isolated-1] [INFO] [1772609650.455395658] [controller_server]: Passing new path to controller.
[process_manager-1] [component_container_isolated-1] [INFO] [1772609650.518116623] [controller_server]: [MPPI] === evalControl() called ===
[process_manager-1] [component_container_isolated-1] [INFO] [1772609650.518168273] [controller_server]: Robot pose: (-2.26, 1.29, 0.46), speed: (0.10, 0.13, 0.26)
[process_manager-1] [component_container_isolated-1] [INFO] [1772609650.518191092] [controller_server]: Plan size: 56
[process_manager-1] [component_container_isolated-1] [INFO] [1772609650.518210400] [controller_server]: [MPPI] prepare() done. critics_data_.fail_flag = 0
[process_manager-1] [component_container_isolated-1] [INFO] [1772609650.518224229] [controller_server]: [MPPI] Running optimize() iteration #0
[process_manager-1] [component_container_isolated-1] [INFO] [1772609650.543176333] [controller_server]: [MPPI] optimize() finished. fail_flag = 0
[process_manager-1] [component_container_isolated-1] [INFO] [1772609650.543432297] [controller_server]: [MPPI] Applied savitskyGolayFilter()
[process_manager-1] [component_container_isolated-1] [INFO] [1772609650.543454381] [controller_server]: [MPPI] Output control: vx=1.197, vy=0.000, wz=0.767
[process_manager-1] [component_container_isolated-1] [INFO] [1772609650.543473273] [controller_server]: [MPPI] === evalControl() complete ===
[process_manager-1] [component_container_isolated-1] [WARN] [1772609650.544394745] [controller_server]: Control loop missed its desired rate of 30.0000Hz
[process_manager-1] [component_container_isolated-1] [INFO] [1772609650.616726104] [controller_server]: [MPPI] === evalControl() called ===
[process_manager-1] [component_container_isolated-1] [INFO] [1772609650.616861899] [controller_server]: Robot pose: (-2.24, 1.30, 0.48), speed: (0.11, 0.13, 0.23)
[process_manager-1] [component_container_isolated-1] [INFO] [1772609650.616887651] [controller_server]: Plan size: 56
[process_manager-1] [component_container_isolated-1] [INFO] [1772609650.616915004] [controller_server]: [MPPI] prepare() done. critics_data_.fail_flag = 0
[process_manager-1] [component_container_isolated-1] [INFO] [1772609650.616930692] [controller_server]: [MPPI] Running optimize() iteration #0
[process_manager-1] [component_container_isolated-1] [INFO] [1772609650.667616208] [controller_server]: [MPPI] optimize() finished. fail_flag = 0
[process_manager-1] [component_container_isolated-1] [INFO] [1772609650.667880936] [controller_server]: [MPPI] Applied savitskyGolayFilter()
[process_manager-1] [component_container_isolated-1] [INFO] [1772609650.667905770] [controller_server]: [MPPI] Output control: vx=1.173, vy=0.000, wz=0.766
[process_manager-1] [component_container_isolated-1] [INFO] [1772609650.667921311] [controller_server]: [MPPI] === evalControl() complete ===
[process_manager-1] [component_container_isolated-1] [WARN] [1772609650.668468898] [controller_server]: Control loop missed its desired rate of 30.0000Hz
[process_manager-1] [component_container_isolated-1] [INFO] [1772609650.710588757] [controller_server]: [MPPI] === evalControl() called ===
[process_manager-1] [component_container_isolated-1] [INFO] [1772609650.710662538] [controller_server]: Robot pose: (-2.23, 1.30, 0.50), speed: (0.09, 0.10, 0.22)
[process_manager-1] [component_container_isolated-1] [INFO] [1772609650.710697469] [controller_server]: Plan size: 56
[process_manager-1] [component_container_isolated-1] [INFO] [1772609650.710716019] [controller_server]: [MPPI] prepare() done. critics_data_.fail_flag = 0
[process_manager-1] [component_container_isolated-1] [INFO] [1772609650.710728085] [controller_server]: [MPPI] Running optimize() iteration #0
[process_manager-1] [component_container_isolated-1] [INFO] [1772609650.742542626] [controller_server]: [MPPI] optimize() finished. fail_flag = 0
[process_manager-1] [component_container_isolated-1] [INFO] [1772609650.742680648] [controller_server]: [MPPI] Applied savitskyGolayFilter()
[process_manager-1] [component_container_isolated-1] [INFO] [1772609650.742692189] [controller_server]: [MPPI] Output control: vx=1.139, vy=0.000, wz=0.776
[process_manager-1] [component_container_isolated-1] [INFO] [1772609650.742705842] [controller_server]: [MPPI] === evalControl() complete ===
[process_manager-1] [component_container_isolated-1] [WARN] [1772609650.742935316] [controller_server]: Control loop missed its desired rate of 30.0000Hz
[process_manager-1] [component_container_isolated-1] [INFO] [1772609650.825078187] [controller_server]: [MPPI] === evalControl() called ===
[process_manager-1] [component_container_isolated-1] [INFO] [1772609650.825136215] [controller_server]: Robot pose: (-2.22, 1.31, 0.52), speed: (0.08, 0.10, 0.20)
[process_manager-1] [component_container_isolated-1] [INFO] [1772609650.825152758] [controller_server]: Plan size: 56
[process_manager-1] [component_container_isolated-1] [INFO] [1772609650.825166419] [controller_server]: [MPPI] prepare() done. critics_data_.fail_flag = 0
[process_manager-1] [component_container_isolated-1] [INFO] [1772609650.825178885] [controller_server]: [MPPI] Running optimize() iteration #0
[process_manager-1] [component_container_isolated-1] [INFO] [1772609650.863936809] [controller_server]: [MPPI] optimize() finished. fail_flag = 0
[process_manager-1] [component_container_isolated-1] [INFO] [1772609650.864176931] [controller_server]: [MPPI] Applied savitskyGolayFilter()
[process_manager-1] [component_container_isolated-1] [INFO] [1772609650.864196702] [controller_server]: [MPPI] Output control: vx=1.099, vy=0.000, wz=0.777
[process_manager-1] [component_container_isolated-1] [INFO] [1772609650.864216779] [controller_server]: [MPPI] === evalControl() complete ===
[process_manager-1] [component_container_isolated-1] [WARN] [1772609650.865820541] [controller_server]: Control loop missed its desired rate of 30.0000Hz
[process_manager-1] [component_container_isolated-1] [INFO] [1772609650.940257198] [controller_server]: [MPPI] === evalControl() called ===
[process_manager-1] [component_container_isolated-1] [INFO] [1772609650.940496143] [controller_server]: Robot pose: (-2.21, 1.31, 0.54), speed: (0.04, 0.12, 0.21)
[process_manager-1] [component_container_isolated-1] [INFO] [1772609650.940539563] [controller_server]: Plan size: 56
[process_manager-1] [component_container_isolated-1] [INFO] [1772609650.940583706] [controller_server]: [MPPI] prepare() done. critics_data_.fail_flag = 0
[process_manager-1] [component_container_isolated-1] [INFO] [1772609650.940614517] [controller_server]: [MPPI] Running optimize() iteration #0
[process_manager-1] [component_container_isolated-1] [INFO] [1772609650.975341901] [controller_server]: [MPPI] optimize() finished. fail_flag = 0
[process_manager-1] [component_container_isolated-1] [INFO] [1772609650.975526572] [controller_server]: [MPPI] Applied savitskyGolayFilter()
[process_manager-1] [component_container_isolated-1] [INFO] [1772609650.975542014] [controller_server]: [MPPI] Output control: vx=1.060, vy=0.000, wz=0.773
[process_manager-1] [component_container_isolated-1] [INFO] [1772609650.975559162] [controller_server]: [MPPI] === evalControl() complete ===
[process_manager-1] [component_container_isolated-1] [WARN] [1772609650.975822841] [controller_server]: Control loop missed its desired rate of 30.0000Hz
[process_manager-1] [component_container_isolated-1] [INFO] [1772609651.017889188] [controller_server]: [MPPI] === evalControl() called ===
[process_manager-1] [component_container_isolated-1] [INFO] [1772609651.019832945] [controller_server]: Robot pose: (-2.20, 1.35, 0.57), speed: (0.07, 0.09, 0.21)
[process_manager-1] [component_container_isolated-1] [INFO] [1772609651.019879876] [controller_server]: Plan size: 56
[process_manager-1] [component_container_isolated-1] [INFO] [1772609651.019917332] [controller_server]: [MPPI] prepare() done. critics_data_.fail_flag = 0
[process_manager-1] [component_container_isolated-1] [INFO] [1772609651.019937078] [controller_server]: [MPPI] Running optimize() iteration #0
[process_manager-1] [component_container_isolated-1] [INFO] [1772609651.073976487] [controller_server]: [MPPI] optimize() finished. fail_flag = 0
[process_manager-1] [component_container_isolated-1] [INFO] [1772609651.074152097] [controller_server]: [MPPI] Applied savitskyGolayFilter()
[process_manager-1] [component_container_isolated-1] [INFO] [1772609651.074171048] [controller_server]: [MPPI] Output control: vx=1.014, vy=0.000, wz=0.764
[process_manager-1] [component_container_isolated-1] [INFO] [1772609651.074188150] [controller_server]: [MPPI] === evalControl() complete ===
[process_manager-1] [component_container_isolated-1] [WARN] [1772609651.078079030] [controller_server]: Control loop missed its desired rate of 30.0000Hz
[process_manager-1] [component_container_isolated-1] [INFO] [1772609651.123250778] [controller_server]: [MPPI] === evalControl() called ===
[process_manager-1] [component_container_isolated-1] [INFO] [1772609651.123316988] [controller_server]: Robot pose: (-2.19, 1.35, 0.58), speed: (0.09, 0.09, 0.21)
[process_manager-1] [component_container_isolated-1] [INFO] [1772609651.123336949] [controller_server]: Plan size: 56
[process_manager-1] [component_container_isolated-1] [INFO] [1772609651.123357957] [controller_server]: [MPPI] prepare() done. critics_data_.fail_flag = 0
[process_manager-1] [component_container_isolated-1] [INFO] [1772609651.123368741] [controller_server]: [MPPI] Running optimize() iteration #0
[process_manager-1] [component_container_isolated-1] [INFO] [1772609651.159441061] [controller_server]: [MPPI] optimize() finished. fail_flag = 0
[process_manager-1] [component_container_isolated-1] [INFO] [1772609651.159827027] [controller_server]: [MPPI] Applied savitskyGolayFilter()
[process_manager-1] [component_container_isolated-1] [INFO] [1772609651.159852058] [controller_server]: [MPPI] Output control: vx=0.996, vy=0.000, wz=0.770
[process_manager-1] [component_container_isolated-1] [INFO] [1772609651.159873052] [controller_server]: [MPPI] === evalControl() complete ===
[process_manager-1] [component_container_isolated-1] [WARN] [1772609651.160880317] [controller_server]: Control loop missed its desired rate of 30.0000Hz
[process_manager-1] [component_container_isolated-1] [INFO] [1772609651.213316167] [controller_server]: [MPPI] === evalControl() called ===
[process_manager-1] [component_container_isolated-1] [INFO] [1772609651.213411927] [controller_server]: Robot pose: (-2.13, 1.38, 0.61), speed: (0.06, 0.11, 0.23)
[process_manager-1] [component_container_isolated-1] [INFO] [1772609651.213439774] [controller_server]: Plan size: 56
[process_manager-1] [component_container_isolated-1] [INFO] [1772609651.213461599] [controller_server]: [MPPI] prepare() done. critics_data_.fail_flag = 0
[process_manager-1] [component_container_isolated-1] [INFO] [1772609651.213509225] [controller_server]: [MPPI] Running optimize() iteration #0
[process_manager-1] [component_container_isolated-1] [INFO] [1772609651.238797911] [controller_server]: [MPPI] optimize() finished. fail_flag = 0
[process_manager-1] [component_container_isolated-1] [INFO] [1772609651.239153205] [controller_server]: [MPPI] Applied savitskyGolayFilter()
[process_manager-1] [component_container_isolated-1] [INFO] [1772609651.239175156] [controller_server]: [MPPI] Output control: vx=0.958, vy=0.000, wz=0.763
[process_manager-1] [component_container_isolated-1] [INFO] [1772609651.239198622] [controller_server]: [MPPI] === evalControl() complete ===
[process_manager-1] [component_container_isolated-1] [WARN] [1772609651.239977457] [controller_server]: Control loop missed its desired rate of 30.0000Hz
[process_manager-1] [component_container_isolated-1] [INFO] [1772609651.311649897] [controller_server]: [MPPI] === evalControl() called ===
[process_manager-1] [component_container_isolated-1] [INFO] [1772609651.311924764] [controller_server]: Robot pose: (-2.11, 1.38, 0.63), speed: (0.06, 0.12, 0.23)
[process_manager-1] [component_container_isolated-1] [INFO] [1772609651.311955896] [controller_server]: Plan size: 56
[process_manager-1] [component_container_isolated-1] [INFO] [1772609651.311979997] [controller_server]: [MPPI] prepare() done. critics_data_.fail_flag = 0
[process_manager-1] [component_container_isolated-1] [INFO] [1772609651.311991337] [controller_server]: [MPPI] Running optimize() iteration #0
[process_manager-1] [component_container_isolated-1] [INFO] [1772609651.344851945] [controller_server]: [MPPI] optimize() finished. fail_flag = 0
[process_manager-1] [component_container_isolated-1] [INFO] [1772609651.344963651] [controller_server]: [MPPI] Applied savitskyGolayFilter()
[process_manager-1] [component_container_isolated-1] [INFO] [1772609651.344973856] [controller_server]: [MPPI] Output control: vx=0.948, vy=0.000, wz=0.778
[process_manager-1] [component_container_isolated-1] [INFO] [1772609651.344985528] [controller_server]: [MPPI] === evalControl() complete ===
[process_manager-1] [component_container_isolated-1] [WARN] [1772609651.345272156] [controller_server]: Control loop missed its desired rate of 30.0000Hz
[process_manager-1] [component_container_isolated-1] [INFO] [1772609651.418631979] [controller_server]: [MPPI] === evalControl() called ===
[process_manager-1] [component_container_isolated-1] [INFO] [1772609651.418739122] [controller_server]: Robot pose: (-2.10, 1.39, 0.65), speed: (0.05, 0.09, 0.23)
[process_manager-1] [component_container_isolated-1] [INFO] [1772609651.419221965] [controller_server]: Plan size: 56
[process_manager-1] [component_container_isolated-1] [INFO] [1772609651.419260028] [controller_server]: [MPPI] prepare() done. critics_data_.fail_flag = 0
[process_manager-1] [component_container_isolated-1] [INFO] [1772609651.419273344] [controller_server]: [MPPI] Running optimize() iteration #0
[process_manager-1] [navsat_transform_node-6] [INFO] [1772609651.435664905] [navsat_transform]: Datum (latitude, longitude, altitude) is (30.77, 103.98, 525.80)
[process_manager-1] [navsat_transform_node-6] [INFO] [1772609651.436019643] [navsat_transform]: Datum UTM coordinate is (48R, 402843.09, 3404332.74)
[process_manager-1] [component_container_isolated-1] [INFO] [1772609651.460783987] [controller_server]: [MPPI] optimize() finished. fail_flag = 0
[process_manager-1] [component_container_isolated-1] [INFO] [1772609651.461085385] [controller_server]: [MPPI] Applied savitskyGolayFilter()
[process_manager-1] [component_container_isolated-1] [INFO] [1772609651.461117866] [controller_server]: [MPPI] Output control: vx=0.933, vy=0.000, wz=0.784
[process_manager-1] [component_container_isolated-1] [INFO] [1772609651.461146549] [controller_server]: [MPPI] === evalControl() complete ===
[process_manager-1] [component_container_isolated-1] [WARN] [1772609651.461809650] [controller_server]: Control loop missed its desired rate of 30.0000Hz
[process_manager-1] [component_container_isolated-1] [INFO] [1772609651.525007868] [controller_server]: [MPPI] === evalControl() called ===
[process_manager-1] [component_container_isolated-1] [INFO] [1772609651.525075574] [controller_server]: Robot pose: (-2.10, 1.39, 0.68), speed: (0.03, 0.09, 0.22)
[process_manager-1] [component_container_isolated-1] [INFO] [1772609651.525099753] [controller_server]: Plan size: 56
[process_manager-1] [component_container_isolated-1] [INFO] [1772609651.525123468] [controller_server]: [MPPI] prepare() done. critics_data_.fail_flag = 0
[process_manager-1] [component_container_isolated-1] [INFO] [1772609651.525137646] [controller_server]: [MPPI] Running optimize() iteration #0
[process_manager-1] [component_container_isolated-1] [INFO] [1772609651.582991814] [controller_server]: [MPPI] optimize() finished. fail_flag = 0
[process_manager-1] [component_container_isolated-1] [INFO] [1772609651.583513832] [controller_server]: [MPPI] Applied savitskyGolayFilter()
[process_manager-1] [component_container_isolated-1] [INFO] [1772609651.583602423] [controller_server]: [MPPI] Output control: vx=0.929, vy=0.000, wz=0.794
[process_manager-1] [component_container_isolated-1] [INFO] [1772609651.583650067] [controller_server]: [MPPI] === evalControl() complete ===
[process_manager-1] [component_container_isolated-1] [WARN] [1772609651.592091868] [controller_server]: Control loop missed its desired rate of 30.0000Hz
[process_manager-1] [component_container_isolated-1] [WARN] [1772609651.713158334] [BehaviorTreeEngine]: Behavior Tree tick rate 50.00 was exceeded!
[process_manager-1] Traceback (most recent call last):
[process_manager-1]   File "/home/akun/workspace/Car_jetson/nav2/install/nav2_init_pose/lib/python3.10/site-packages/nav2_init_pose/nav2_init_pose.py", line 258, in main
[process_manager-1]     rclpy.spin_once(node, timeout_sec=1.0)
[process_manager-1]   File "/opt/ros/humble/local/lib/python3.10/dist-packages/rclpy/__init__.py", line 208, in spin_once
[process_manager-1]     executor.spin_once(timeout_sec=timeout_sec)
[process_manager-1]   File "/opt/ros/humble/local/lib/python3.10/dist-packages/rclpy/executors.py", line 773, in spin_once
[process_manager-1]     self._spin_once_impl(timeout_sec)
[process_manager-1]   File "/opt/ros/humble/local/lib/python3.10/dist-packages/rclpy/executors.py", line 762, in _spin_once_impl
[process_manager-1]     handler, entity, node = self.wait_for_ready_callbacks(timeout_sec=timeout_sec)
[process_manager-1]   File "/opt/ros/humble/local/lib/python3.10/dist-packages/rclpy/executors.py", line 745, in wait_for_ready_callbacks
[process_manager-1]     return next(self._cb_iter)
[process_manager-1]   File "/opt/ros/humble/local/lib/python3.10/dist-packages/rclpy/executors.py", line 646, in _wait_for_ready_callbacks
[process_manager-1]     raise ExternalShutdownException()
[process_manager-1] rclpy.executors.ExternalShutdownException
[process_manager-1] 
[process_manager-1] During handling of the above exception, another exception occurred:
[process_manager-1] 
[process_manager-1] Traceback (most recent call last):
[process_manager-1]   File "/home/akun/workspace/Car_jetson/nav2/install/nav2_init_pose/lib/nav2_init_pose/nav2_init_pose", line 33, in <module>
[process_manager-1]     sys.exit(load_entry_point('nav2-init-pose==0.0.0', 'console_scripts', 'nav2_init_pose')())
[process_manager-1]   File "/home/akun/workspace/Car_jetson/nav2/install/nav2_init_pose/lib/python3.10/site-packages/nav2_init_pose/nav2_init_pose.py", line 263, in main
[process_manager-1]     rclpy.shutdown()
[process_manager-1]   File "/opt/ros/humble/local/lib/python3.10/dist-packages/rclpy/__init__.py", line 130, in shutdown
[process_manager-1]     _shutdown(context=context)
[process_manager-1]   File "/opt/ros/humble/local/lib/python3.10/dist-packages/rclpy/utilities.py", line 58, in shutdown
[process_manager-1]     return context.shutdown()
[process_manager-1]   File "/opt/ros/humble/local/lib/python3.10/dist-packages/rclpy/context.py", line 102, in shutdown
[process_manager-1]     self.__context.shutdown()
[process_manager-1] rclpy._rclpy_pybind11.RCLError: failed to shutdown: rcl_shutdown already called on the given context, at ./src/rcl/init.c:241
[process_manager-1] [component_container_isolated-1] [INFO] [1772609651.952368545] [rclcpp]: signal_handler(signum=15)
[process_manager-1] [component_container_isolated-1] [INFO] [1772609651.952539230] [lifecycle_manager_navigation]: Running Nav2 LifecycleManager rcl preshutdown (lifecycle_manager_navigation)
[process_manager-1] [component_container_isolated-1] [INFO] [1772609651.952625412] [lifecycle_manager_navigation]: [34m[1mTerminating bond timer...[0m[0m
[process_manager-1] [rviz2-2] [INFO] [1772609651.989958397] [rclcpp]: signal_handler(signum=15)
[process_manager-1] [component_container_isolated-1] [INFO] [1772609652.004723674] [global_costmap.global_costmap]: Message Filter dropping message: frame 'laser_link' at time 1772609651.468 for reason 'the timestamp on the message is earlier than all the data in the transform cache'
[process_manager-1] [component_container_isolated-1] [INFO] [1772609652.027787654] [global_costmap.global_costmap]: Message Filter dropping message: frame 'laser_link' at time 1772609651.501 for reason 'the timestamp on the message is earlier than all the data in the transform cache'
[process_manager-1] [component_container_isolated-1] [INFO] [1772609652.061959282] [global_costmap.global_costmap]: Message Filter dropping message: frame 'laser_link' at time 1772609651.535 for reason 'the timestamp on the message is earlier than all the data in the transform cache'
[process_manager-1] [nav2_costmap_2d_cloud-3] [INFO] [1772609652.086954403] [rclcpp]: signal_handler(signum=15)
[process_manager-1] [component_container_isolated-1] [ERROR] [1772609652.096520135] [controller_server]: Exception in transformPose: Lookup would require extrapolation into the future.  Requested time 1772609651.567749 but the latest data is at time 1772609651.506222, when looking up transform from frame [odom] to frame [map]
[process_manager-1] [component_container_isolated-1] [ERROR] [1772609652.096940457] [controller_server]: Unable to transform robot pose into global plan's frame
[process_manager-1] [component_container_isolated-1] [WARN] [1772609652.097058875] [controller_server]: [follow_path] [ActionServer] Aborting handle.
[process_manager-1] [component_container_isolated-1] [INFO] [1772609652.118642187] [local_costmap.local_costmap]: Received request to clear entirely the local_costmap
[process_manager-1] [component_container_isolated-1] [INFO] [1772609652.120067774] [global_costmap.global_costmap]: Message Filter dropping message: frame 'laser_link' at time 1772609651.569 for reason 'the timestamp on the message is earlier than all the data in the transform cache'
[process_manager-1] [component_container_isolated-1] [INFO] [1772609652.125838257] [controller_server]: Received a goal, begin computing control effort.
[process_manager-1] [component_container_isolated-1] [INFO] [1772609652.141712391] [global_costmap.global_costmap]: Message Filter dropping message: frame 'laser_link' at time 1772609651.603 for reason 'the timestamp on the message is earlier than all the data in the transform cache'
[process_manager-1] [component_container_isolated-1] [INFO] [1772609652.214356272] [local_costmap.local_costmap]: Message Filter dropping message: frame 'laser_link' at time 1772609651.637 for reason 'the timestamp on the message is earlier than all the data in the transform cache'
[process_manager-1] [component_container_isolated-1] [INFO] [1772609652.214368092] [global_costmap.global_costmap]: Message Filter dropping message: frame 'laser_link' at time 1772609651.637 for reason 'the timestamp on the message is earlier than all the data in the transform cache'
[process_manager-1] [component_container_isolated-1] [INFO] [1772609652.214608939] [local_costmap.local_costmap]: Message Filter dropping message: frame 'laser_link' at time 1772609651.669 for reason 'the timestamp on the message is earlier than all the data in the transform cache'
[process_manager-1] [component_container_isolated-1] [INFO] [1772609652.214926109] [global_costmap.global_costmap]: Message Filter dropping message: frame 'laser_link' at time 1772609651.669 for reason 'the timestamp on the message is earlier than all the data in the transform cache'
[process_manager-1] [component_container_isolated-1] [INFO] [1772609652.233607720] [local_costmap.local_costmap]: Message Filter dropping message: frame 'laser_link' at time 1772609651.703 for reason 'the timestamp on the message is earlier than all the data in the transform cache'
[process_manager-1] [component_container_isolated-1] [INFO] [1772609652.233626167] [global_costmap.global_costmap]: Message Filter dropping message: frame 'laser_link' at time 1772609651.703 for reason 'the timestamp on the message is earlier than all the data in the transform cache'
[process_manager-1] [component_container_isolated-1] [INFO] [1772609652.262906874] [global_costmap.global_costmap]: Message Filter dropping message: frame 'laser_link' at time 1772609651.737 for reason 'the timestamp on the message is earlier than all the data in the transform cache'
[process_manager-1] [component_container_isolated-1] [INFO] [1772609652.264138849] [local_costmap.local_costmap]: Message Filter dropping message: frame 'laser_link' at time 1772609651.737 for reason 'the timestamp on the message is earlier than all the data in the transform cache'
[process_manager-1] [nav2_costmap_2d_cloud-3] terminate called after throwing an instance of 'std::system_error'
[process_manager-1] [nav2_costmap_2d_cloud-3]   what():  Invalid argument
[process_manager-1] [component_container_isolated-1] [INFO] [1772609652.298374837] [local_costmap.local_costmap]: Message Filter dropping message: frame 'laser_link' at time 1772609651.770 for reason 'the timestamp on the message is earlier than all the data in the transform cache'
[process_manager-1] [component_container_isolated-1] [INFO] [1772609652.300085294] [global_costmap.global_costmap]: Message Filter dropping message: frame 'laser_link' at time 1772609651.770 for reason 'the timestamp on the message is earlier than all the data in the transform cache'
[process_manager-1] [component_container_isolated-1] [INFO] [1772609652.330315273] [global_costmap.global_costmap]: Message Filter dropping message: frame 'laser_link' at time 1772609651.804 for reason 'the timestamp on the message is earlier than all the data in the transform cache'
[process_manager-1] [component_container_isolated-1] [INFO] [1772609652.331003941] [local_costmap.local_costmap]: Message Filter dropping message: frame 'laser_link' at time 1772609651.804 for reason 'the timestamp on the message is earlier than all the data in the transform cache'
[process_manager-1] [component_container_isolated-1] [INFO] [1772609652.368001462] [global_costmap.global_costmap]: Message Filter dropping message: frame 'laser_link' at time 1772609651.837 for reason 'the timestamp on the message is earlier than all the data in the transform cache'
[process_manager-1] [component_container_isolated-1] [INFO] [1772609652.368645434] [local_costmap.local_costmap]: Message Filter dropping message: frame 'laser_link' at time 1772609651.837 for reason 'the timestamp on the message is earlier than all the data in the transform cache'
[process_manager-1] [component_container_isolated-1] [INFO] [1772609652.400190629] [local_costmap.local_costmap]: Message Filter dropping message: frame 'laser_link' at time 1772609651.871 for reason 'the timestamp on the message is earlier than all the data in the transform cache'
[process_manager-1] [component_container_isolated-1] [INFO] [1772609652.400613743] [global_costmap.global_costmap]: Message Filter dropping message: frame 'laser_link' at time 1772609651.871 for reason 'the timestamp on the message is earlier than all the data in the transform cache'
[process_manager-1] [component_container_isolated-1] [INFO] [1772609652.430820421] [local_costmap.local_costmap]: Message Filter dropping message: frame 'laser_link' at time 1772609651.905 for reason 'the timestamp on the message is earlier than all the data in the transform cache'
[process_manager-1] [component_container_isolated-1] [INFO] [1772609652.430852728] [global_costmap.global_costmap]: Message Filter dropping message: frame 'laser_link' at time 1772609651.905 for reason 'the timestamp on the message is earlier than all the data in the transform cache'
[process_manager-1] [component_container_isolated-1] [INFO] [1772609652.465425221] [global_costmap.global_costmap]: Message Filter dropping message: frame 'laser_link' at time 1772609651.938 for reason 'the timestamp on the message is earlier than all the data in the transform cache'
[process_manager-1] [component_container_isolated-1] [INFO] [1772609652.467727966] [local_costmap.local_costmap]: Message Filter dropping message: frame 'laser_link' at time 1772609651.938 for reason 'the timestamp on the message is earlier than all the data in the transform cache'
[process_manager-1] [component_container_isolated-1] [INFO] [1772609652.505099083] [local_costmap.local_costmap]: Message Filter dropping message: frame 'laser_link' at time 1772609651.972 for reason 'the timestamp on the message is earlier than all the data in the transform cache'
[process_manager-1] [component_container_isolated-1] [INFO] [1772609652.505239271] [global_costmap.global_costmap]: Message Filter dropping message: frame 'laser_link' at time 1772609651.972 for reason 'the timestamp on the message is earlier than all the data in the transform cache'
[process_manager-1] [component_container_isolated-1] [INFO] [1772609652.539553965] [global_costmap.global_costmap]: Message Filter dropping message: frame 'laser_link' at time 1772609652.006 for reason 'the timestamp on the message is earlier than all the data in the transform cache'
[process_manager-1] [component_container_isolated-1] [INFO] [1772609652.539982038] [local_costmap.local_costmap]: Message Filter dropping message: frame 'laser_link' at time 1772609652.006 for reason 'the timestamp on the message is earlier than all the data in the transform cache'
[process_manager-1] [component_container_isolated-1] [INFO] [1772609652.558879090] [bt_navigator]: Running Nav2 LifecycleNode rcl preshutdown (bt_navigator)
[process_manager-1] [component_container_isolated-1] [INFO] [1772609652.558974494] [bt_navigator]: Deactivating
[process_manager-1] [component_container_isolated-1] [WARN] [1772609652.559013586] [bt_navigator]: [navigate_to_pose] [ActionServer] Requested to deactivate server but goal is still executing. Should check if action server is running before deactivating.
[process_manager-1] [ERROR] [nav2_costmap_2d_cloud-3]: process has died [pid 132021, exit code -6, cmd '/home/akun/workspace/Car_jetson/nav2/install/nav2_costmap_2d/lib/nav2_costmap_2d/nav2_costmap_2d_cloud --ros-args'].
[process_manager-1] [component_container_isolated-1] [INFO] [1772609652.571201591] [local_costmap.local_costmap]: Message Filter dropping message: frame 'laser_link' at time 1772609652.039 for reason 'the timestamp on the message is earlier than all the data in the transform cache'
[process_manager-1] [component_container_isolated-1] [INFO] [1772609652.573893638] [global_costmap.global_costmap]: Message Filter dropping message: frame 'laser_link' at time 1772609652.039 for reason 'the timestamp on the message is earlier than all the data in the transform cache'
[process_manager-1] [component_container_isolated-1] [INFO] [1772609652.606089514] [local_costmap.local_costmap]: Message Filter dropping message: frame 'laser_link' at time 1772609652.073 for reason 'the timestamp on the message is earlier than all the data in the transform cache'
[process_manager-1] [component_container_isolated-1] [INFO] [1772609652.606518101] [global_costmap.global_costmap]: Message Filter dropping message: frame 'laser_link' at time 1772609652.073 for reason 'the timestamp on the message is earlier than all the data in the transform cache'
[process_manager-1] [component_container_isolated-1] [ERROR] [1772609652.606965677] [bt_navigator_navigate_to_pose_rclcpp_node]: Failed to get result for compute_path_to_pose in node halt!
[process_manager-1] [component_container_isolated-1] [INFO] [1772609652.633219668] [local_costmap.local_costmap]: Message Filter dropping message: frame 'laser_link' at time 1772609652.107 for reason 'the timestamp on the message is earlier than all the data in the transform cache'
[process_manager-1] [component_container_isolated-1] [INFO] [1772609652.633219669] [global_costmap.global_costmap]: Message Filter dropping message: frame 'laser_link' at time 1772609652.107 for reason 'the timestamp on the message is earlier than all the data in the transform cache'
[process_manager-1] [component_container_isolated-1] [ERROR] [1772609652.637406883] [bt_navigator_navigate_to_pose_rclcpp_node]: Failed to get result for follow_path in node halt!
[process_manager-1] [component_container_isolated-1] [WARN] [1772609652.637510558] [bt_navigator]: [navigate_to_pose] [ActionServer] Aborting handle.
[process_manager-1] [component_container_isolated-1] [INFO] [1772609652.637668492] [bt_navigator]: Goal canceled
[process_manager-1] [component_container_isolated-1] [WARN] [1772609652.637687697] [bt_navigator]: [navigate_to_pose] [ActionServer] Stopping the thread per request.
[process_manager-1] [component_container_isolated-1] [INFO] [1772609652.637888657] [bt_navigator]: Destroying bond (bt_navigator) to lifecycle manager.
[navigation_manager-4] [31m[ERROR] [1772609652.638861079] [navigation_manager]: 导航目标失败，状态码: 6[0m
[navigation_manager-4] [31m[ERROR] [1772609652.639258598] [navigation_manager]: 导航序列已中止[0m
[process_manager-1] [component_container_isolated-1] [ERROR] [1772609652.644284113] [controller_server]: Exception in transformPose: Lookup would require extrapolation into the future.  Requested time 1772609651.658461 but the latest data is at time 1772609651.506222, when looking up transform from frame [odom] to frame [map]
[process_manager-1] [component_container_isolated-1] [ERROR] [1772609652.644354396] [controller_server]: Unable to transform robot pose into global plan's frame
[process_manager-1] [component_container_isolated-1] [INFO] [1772609652.644436575] [controller_server]: [follow_path] [ActionServer] Client requested to cancel the goal. Cancelling.
[process_manager-1] [component_container_isolated-1] [INFO] [1772609652.648040233] [bt_navigator]: Cleaning up
[status_reporter-3] [0m[INFO] [1772609652.657635935] [status_reporter]: 车辆速度为0，开始计时...[0m
[process_manager-1] [INFO] [rviz2-2]: process has finished cleanly [pid 132019]
[process_manager-1] [component_container_isolated-1] [WARN] [1772609652.696856137] [planner_server]: Planner loop missed its desired rate of 20.0000 Hz. Current loop rate is 0.7941 Hz
[process_manager-1] [component_container_isolated-1] [INFO] [1772609652.748041804] [local_costmap.local_costmap]: Message Filter dropping message: frame 'laser_link' at time 1772609652.140 for reason 'the timestamp on the message is earlier than all the data in the transform cache'
[process_manager-1] [component_container_isolated-1] [INFO] [1772609652.748385455] [global_costmap.global_costmap]: Message Filter dropping message: frame 'laser_link' at time 1772609652.140 for reason 'the timestamp on the message is earlier than all the data in the transform cache'
[process_manager-1] [component_container_isolated-1] [INFO] [1772609652.863917812] [local_costmap.local_costmap]: Message Filter dropping message: frame 'laser_link' at time 1772609652.174 for reason 'the timestamp on the message is earlier than all the data in the transform cache'
[process_manager-1] [component_container_isolated-1] [INFO] [1772609652.863933732] [global_costmap.global_costmap]: Message Filter dropping message: frame 'laser_link' at time 1772609652.174 for reason 'the timestamp on the message is earlier than all the data in the transform cache'
[process_manager-1] [component_container_isolated-1] [INFO] [1772609652.864657902] [global_costmap.global_costmap]: Message Filter dropping message: frame 'laser_link' at time 1772609652.208 for reason 'the timestamp on the message is earlier than all the data in the transform cache'
[process_manager-1] [component_container_isolated-1] [INFO] [1772609652.864666867] [local_costmap.local_costmap]: Message Filter dropping message: frame 'laser_link' at time 1772609652.208 for reason 'the timestamp on the message is earlier than all the data in the transform cache'
[process_manager-1] [component_container_isolated-1] [INFO] [1772609652.865038148] [local_costmap.local_costmap]: Message Filter dropping message: frame 'laser_link' at time 1772609652.241 for reason 'the timestamp on the message is earlier than all the data in the transform cache'
[process_manager-1] [component_container_isolated-1] [INFO] [1772609652.865047165] [global_costmap.global_costmap]: Message Filter dropping message: frame 'laser_link' at time 1772609652.241 for reason 'the timestamp on the message is earlier than all the data in the transform cache'
[process_manager-1] [component_container_isolated-1] [INFO] [1772609652.868768512] [global_costmap.global_costmap]: Message Filter dropping message: frame 'laser_link' at time 1772609652.276 for reason 'the timestamp on the message is earlier than all the data in the transform cache'
[process_manager-1] [component_container_isolated-1] [INFO] [1772609652.868947260] [local_costmap.local_costmap]: Message Filter dropping message: frame 'laser_link' at time 1772609652.276 for reason 'the timestamp on the message is earlier than all the data in the transform cache'
[process_manager-1] [component_container_isolated-1] [INFO] [1772609652.872447396] [global_costmap.global_costmap]: Message Filter dropping message: frame 'laser_link' at time 1772609652.308 for reason 'the timestamp on the message is earlier than all the data in the transform cache'
[process_manager-1] [component_container_isolated-1] [INFO] [1772609652.872731848] [local_costmap.local_costmap]: Message Filter dropping message: frame 'laser_link' at time 1772609652.308 for reason 'the timestamp on the message is earlier than all the data in the transform cache'
[process_manager-1] [component_container_isolated-1] [INFO] [1772609652.875006845] [local_costmap.local_costmap]: Message Filter dropping message: frame 'laser_link' at time 1772609652.343 for reason 'the timestamp on the message is earlier than all the data in the transform cache'
[process_manager-1] [component_container_isolated-1] [INFO] [1772609652.875650445] [global_costmap.global_costmap]: Message Filter dropping message: frame 'laser_link' at time 1772609652.343 for reason 'the timestamp on the message is earlier than all the data in the transform cache'
[process_manager-1] [component_container_isolated-1] [INFO] [1772609652.900950552] [bt_navigator]: Completed Cleaning up
[process_manager-1] [component_container_isolated-1] [INFO] [1772609652.900999100] [bt_navigator]: Destroying bond (bt_navigator) to lifecycle manager.
[process_manager-1] [component_container_isolated-1] [INFO] [1772609652.901013833] [behavior_server]: Running Nav2 LifecycleNode rcl preshutdown (behavior_server)
[process_manager-1] [component_container_isolated-1] [INFO] [1772609652.901035807] [behavior_server]: Deactivating
[process_manager-1] [component_container_isolated-1] [INFO] [1772609652.901094627] [behavior_server]: Destroying bond (behavior_server) to lifecycle manager.
[process_manager-1] [component_container_isolated-1] [INFO] [1772609652.905335480] [local_costmap.local_costmap]: Message Filter dropping message: frame 'laser_link' at time 1772609652.375 for reason 'the timestamp on the message is earlier than all the data in the transform cache'
[process_manager-1] [component_container_isolated-1] [INFO] [1772609652.905335947] [global_costmap.global_costmap]: Message Filter dropping message: frame 'laser_link' at time 1772609652.375 for reason 'the timestamp on the message is earlier than all the data in the transform cache'
[process_manager-1] [component_container_isolated-1] [INFO] [1772609652.911229301] [behavior_server]: Cleaning up
[process_manager-1] [component_container_isolated-1] [INFO] [1772609652.939486650] [local_costmap.local_costmap]: Message Filter dropping message: frame 'laser_link' at time 1772609652.409 for reason 'the timestamp on the message is earlier than all the data in the transform cache'
[process_manager-1] [component_container_isolated-1] [INFO] [1772609652.940168236] [global_costmap.global_costmap]: Message Filter dropping message: frame 'laser_link' at time 1772609652.409 for reason 'the timestamp on the message is earlier than all the data in the transform cache'
[process_manager-1] [component_container_isolated-1] [INFO] [1772609652.941224446] [behavior_server]: Destroying bond (behavior_server) to lifecycle manager.
[process_manager-1] [component_container_isolated-1] [INFO] [1772609652.941245183] [planner_server]: Running Nav2 LifecycleNode rcl preshutdown (planner_server)
[process_manager-1] [component_container_isolated-1] [INFO] [1772609652.941263390] [planner_server]: Deactivating
[process_manager-1] [component_container_isolated-1] [INFO] [1772609652.941309970] [global_costmap.global_costmap]: Deactivating
[process_manager-1] [component_container_isolated-1] [INFO] [1772609652.974435739] [local_costmap.local_costmap]: Message Filter dropping message: frame 'laser_link' at time 1772609652.443 for reason 'the timestamp on the message is earlier than all the data in the transform cache'
[process_manager-1] [component_container_isolated-1] [INFO] [1772609652.978571137] [global_costmap.global_costmap]: Message Filter dropping message: frame 'laser_link' at time 1772609652.443 for reason 'the timestamp on the message is earlier than all the data in the transform cache'
[process_manager-1] [component_container_isolated-1] [INFO] [1772609653.024495667] [local_costmap.local_costmap]: Message Filter dropping message: frame 'laser_link' at time 1772609652.476 for reason 'the timestamp on the message is earlier than all the data in the transform cache'
[process_manager-1] [component_container_isolated-1] [INFO] [1772609653.024509270] [global_costmap.global_costmap]: Message Filter dropping message: frame 'laser_link' at time 1772609652.476 for reason 'the timestamp on the message is earlier than all the data in the transform cache'
[process_manager-1] [component_container_isolated-1] [INFO] [1772609653.037028767] [local_costmap.local_costmap]: Message Filter dropping message: frame 'laser_link' at time 1772609652.510 for reason 'the timestamp on the message is earlier than all the data in the transform cache'
[process_manager-1] [component_container_isolated-1] [INFO] [1772609653.037053576] [global_costmap.global_costmap]: Message Filter dropping message: frame 'laser_link' at time 1772609652.510 for reason 'the timestamp on the message is earlier than all the data in the transform cache'
[process_manager-1] [component_container_isolated-1] [INFO] [1772609653.068953794] [local_costmap.local_costmap]: Message Filter dropping message: frame 'laser_link' at time 1772609652.543 for reason 'the timestamp on the message is earlier than all the data in the transform cache'
[process_manager-1] [component_container_isolated-1] [INFO] [1772609653.068953833] [global_costmap.global_costmap]: Message Filter dropping message: frame 'laser_link' at time 1772609652.543 for reason 'the timestamp on the message is earlier than all the data in the transform cache'
[process_manager-1] [component_container_isolated-1] [INFO] [1772609653.075442593] [planner_server]: Deactivating plugin GridBased of type NavfnPlanner
[process_manager-1] [component_container_isolated-1] [INFO] [1772609653.075489078] [planner_server]: Destroying bond (planner_server) to lifecycle manager.
[process_manager-1] [component_container_isolated-1] [INFO] [1772609653.085660835] [planner_server]: Cleaning up
[process_manager-1] [component_container_isolated-1] [INFO] [1772609653.103142425] [local_costmap.local_costmap]: Message Filter dropping message: frame 'laser_link' at time 1772609652.576 for reason 'the timestamp on the message is earlier than all the data in the transform cache'
[process_manager-1] [component_container_isolated-1] [INFO] [1772609653.103143337] [global_costmap.global_costmap]: Message Filter dropping message: frame 'laser_link' at time 1772609652.576 for reason 'the timestamp on the message is earlier than all the data in the transform cache'
[process_manager-1] [component_container_isolated-1] [INFO] [1772609653.129834810] [global_costmap.global_costmap]: Cleaning up
[process_manager-1] [component_container_isolated-1] [INFO] [1772609653.136190882] [global_costmap.global_costmap]: Message Filter dropping message: frame 'laser_link' at time 1772609652.610 for reason 'the timestamp on the message is earlier than all the data in the transform cache'
[process_manager-1] [component_container_isolated-1] [INFO] [1772609653.136192460] [local_costmap.local_costmap]: Message Filter dropping message: frame 'laser_link' at time 1772609652.610 for reason 'the timestamp on the message is earlier than all the data in the transform cache'
[process_manager-1] [component_container_isolated-1] [INFO] [1772609653.172630301] [local_costmap.local_costmap]: Message Filter dropping message: frame 'laser_link' at time 1772609652.643 for reason 'the timestamp on the message is earlier than all the data in the transform cache'
[process_manager-1] [component_container_isolated-1] [INFO] [1772609653.189965763] [planner_server]: Cleaning up plugin GridBased of type NavfnPlanner
[process_manager-1] [component_container_isolated-1] [INFO] [1772609653.203831397] [local_costmap.local_costmap]: Message Filter dropping message: frame 'laser_link' at time 1772609652.677 for reason 'the timestamp on the message is earlier than all the data in the transform cache'
[process_manager-1] [component_container_isolated-1] [INFO] [1772609653.237029219] [local_costmap.local_costmap]: Message Filter dropping message: frame 'laser_link' at time 1772609652.712 for reason 'the timestamp on the message is earlier than all the data in the transform cache'
[process_manager-1] [component_container_isolated-1] [INFO] [1772609653.244514379] [planner_server]: Destroying plugin GridBased of type NavfnPlanner
[process_manager-1] [component_container_isolated-1] [INFO] [1772609653.270630202] [local_costmap.local_costmap]: Message Filter dropping message: frame 'laser_link' at time 1772609652.744 for reason 'the timestamp on the message is earlier than all the data in the transform cache'
[process_manager-1] [component_container_isolated-1] [INFO] [1772609653.304158575] [local_costmap.local_costmap]: Message Filter dropping message: frame 'laser_link' at time 1772609652.778 for reason 'the timestamp on the message is earlier than all the data in the transform cache'
[process_manager-1] [component_container_isolated-1] [INFO] [1772609653.312394974] [planner_server]: Destroying bond (planner_server) to lifecycle manager.
[process_manager-1] [component_container_isolated-1] [INFO] [1772609653.312423894] [smoother_server]: Running Nav2 LifecycleNode rcl preshutdown (smoother_server)
[process_manager-1] [component_container_isolated-1] [INFO] [1772609653.312443431] [smoother_server]: Deactivating
[process_manager-1] [component_container_isolated-1] [INFO] [1772609653.312482251] [smoother_server]: Destroying bond (smoother_server) to lifecycle manager.
[process_manager-1] [component_container_isolated-1] [INFO] [1772609653.322613408] [smoother_server]: Cleaning up
[process_manager-1] [component_container_isolated-1] [INFO] [1772609653.337932000] [local_costmap.local_costmap]: Message Filter dropping message: frame 'laser_link' at time 1772609652.811 for reason 'the timestamp on the message is earlier than all the data in the transform cache'
[process_manager-1] [component_container_isolated-1] [INFO] [1772609653.371788076] [local_costmap.local_costmap]: Message Filter dropping message: frame 'laser_link' at time 1772609652.845 for reason 'the timestamp on the message is earlier than all the data in the transform cache'
[process_manager-1] [component_container_isolated-1] [INFO] [1772609653.394919493] [smoother_server]: Destroying bond (smoother_server) to lifecycle manager.
[process_manager-1] [component_container_isolated-1] [INFO] [1772609653.394948927] [lifecycle_manager_localization]: Running Nav2 LifecycleManager rcl preshutdown (lifecycle_manager_localization)
[process_manager-1] [component_container_isolated-1] [INFO] [1772609653.394960458] [lifecycle_manager_localization]: [34m[1mTerminating bond timer...[0m[0m
[process_manager-1] [component_container_isolated-1] [INFO] [1772609653.404984659] [local_costmap.local_costmap]: Message Filter dropping message: frame 'laser_link' at time 1772609652.878 for reason 'the timestamp on the message is earlier than all the data in the transform cache'
[process_manager-1] [component_container_isolated-1] [INFO] [1772609653.419160044] [velocity_smoother]: Running Nav2 LifecycleNode rcl preshutdown (velocity_smoother)
[process_manager-1] [component_container_isolated-1] [INFO] [1772609653.419210616] [velocity_smoother]: Deactivating
[process_manager-1] [component_container_isolated-1] [INFO] [1772609653.419234833] [velocity_smoother]: Destroying bond (velocity_smoother) to lifecycle manager.
[process_manager-1] [component_container_isolated-1] [INFO] [1772609653.429356316] [velocity_smoother]: Cleaning up
[process_manager-1] [component_container_isolated-1] [INFO] [1772609653.429383458] [velocity_smoother]: Destroying bond (velocity_smoother) to lifecycle manager.
[process_manager-1] [component_container_isolated-1] [INFO] [1772609653.429392551] [controller_server]: Running Nav2 LifecycleNode rcl preshutdown (controller_server)
[process_manager-1] [component_container_isolated-1] [INFO] [1772609653.429407761] [controller_server]: Deactivating
[process_manager-1] [component_container_isolated-1] [INFO] [1772609653.429436835] [MPPIController]: Deactivated MPPI Controller: FollowPath
[process_manager-1] [component_container_isolated-1] [INFO] [1772609653.429455010] [local_costmap.local_costmap]: Deactivating
[process_manager-1] [component_container_isolated-1] [INFO] [1772609653.433797892] [controller_server]: Destroying bond (controller_server) to lifecycle manager.
[process_manager-1] [component_container_isolated-1] [INFO] [1772609653.443907964] [controller_server]: Cleaning up
[process_manager-1] [component_container_isolated-1] [INFO] [1772609653.444001703] [MPPIController]: Cleaned up MPPI Controller: FollowPath
[process_manager-1] [component_container_isolated-1] [INFO] [1772609653.444244427] [local_costmap.local_costmap]: Cleaning up
[process_manager-1] [component_container_isolated-1] [INFO] [1772609653.566059373] [controller_server]: Destroying bond (controller_server) to lifecycle manager.
[process_manager-1] [component_container_isolated-1] [INFO] [1772609653.566092779] [waypoint_follower]: Running Nav2 LifecycleNode rcl preshutdown (waypoint_follower)
[process_manager-1] [component_container_isolated-1] [INFO] [1772609653.566136957] [waypoint_follower]: Deactivating
[process_manager-1] [component_container_isolated-1] [INFO] [1772609653.566177390] [waypoint_follower]: Destroying bond (waypoint_follower) to lifecycle manager.
[process_manager-1] [component_container_isolated-1] [INFO] [1772609653.576400987] [waypoint_follower]: Cleaning up
[process_manager-1] [component_container_isolated-1] [INFO] [1772609653.601136926] [waypoint_follower]: Destroying bond (waypoint_follower) to lifecycle manager.
[process_manager-1] [component_container_isolated-1] [INFO] [1772609653.601169725] [map_server]: Running Nav2 LifecycleNode rcl preshutdown (map_server)
[process_manager-1] [component_container_isolated-1] [INFO] [1772609653.601196506] [map_server]: Deactivating
[process_manager-1] [component_container_isolated-1] [INFO] [1772609653.601224017] [map_server]: Destroying bond (map_server) to lifecycle manager.
[process_manager-1] [component_container_isolated-1] [INFO] [1772609653.611383938] [map_server]: Cleaning up
[process_manager-1] [component_container_isolated-1] [INFO] [1772609653.614256196] [map_server]: Destroying bond (map_server) to lifecycle manager.
[process_manager-1] [ERROR] [component_container_isolated-1]: process has died [pid 132017, exit code -9, cmd '/opt/ros/humble/lib/rclcpp_components/component_container_isolated --ros-args --log-level info --ros-args -r __node:=nav2_container --params-file /tmp/launch_params_wsr2kg6k --params-file /tmp/launch_params_or7qlg_7 -r /tf:=tf -r /tf_static:=tf_static'].
[WARNING] [launch]: user interrupted with ctrl-c (SIGINT)
[mqtt_task_receiver-2] [0m[INFO] [1772609665.229184081] [mqtt_task_receiver]: 正在关闭MQTT连接...[0m
[mqtt_task_receiver-2] Failed to publish log message to rosout: publisher's context is invalid, at ./src/rcl/publisher.c:389
[process_manager-1] [0m[INFO] [1772609665.229577953] [process_manager]: 关闭所有进程...[0m
[process_manager-1] Failed to publish log message to rosout: publisher's context is invalid, at ./src/rcl/publisher.c:389
[process_manager-1] [0m[INFO] [1772609665.232849716] [process_manager]: 正在关闭进程组: re_localization[0m
[process_manager-1] Failed to publish log message to rosout: publisher's context is invalid, at ./src/rcl/publisher.c:389
[process_manager-1] [0m[INFO] [1772609665.236500894] [process_manager]: re_localization 及其子进程已关闭[0m
[process_manager-1] Failed to publish log message to rosout: publisher's context is invalid, at ./src/rcl/publisher.c:389
[process_manager-1] [0m[INFO] [1772609665.239655578] [process_manager]: 正在关闭进程组: nav2_init_pose[0m
[process_manager-1] Failed to publish log message to rosout: publisher's context is invalid, at ./src/rcl/publisher.c:389
[process_manager-1] [0m[INFO] [1772609665.242290729] [process_manager]: nav2_init_pose 及其子进程已关闭[0m
[process_manager-1] Failed to publish log message to rosout: publisher's context is invalid, at ./src/rcl/publisher.c:389
[process_manager-1] [0m[INFO] [1772609665.244433365] [process_manager]: 正在关闭进程组: liosam[0m
[process_manager-1] Failed to publish log message to rosout: publisher's context is invalid, at ./src/rcl/publisher.c:389
[process_manager-1] [0m[INFO] [1772609665.245785091] [process_manager]: liosam 及其子进程已关闭[0m
[process_manager-1] Failed to publish log message to rosout: publisher's context is invalid, at ./src/rcl/publisher.c:389
[process_manager-1] [0m[INFO] [1772609665.246584862] [process_manager]: 正在关闭进程组: navigation2[0m
[process_manager-1] Failed to publish log message to rosout: publisher's context is invalid, at ./src/rcl/publisher.c:389
[process_manager-1] [0m[INFO] [1772609665.247518358] [process_manager]: navigation2 及其子进程已关闭[0m
[process_manager-1] Failed to publish log message to rosout: publisher's context is invalid, at ./src/rcl/publisher.c:389
[process_manager-1] Traceback (most recent call last):
[process_manager-1]   File "/home/akun/workspace/Car_jetson/multi_map_navigation/install/multi_map_navigation/lib/multi_map_navigation/process_manager", line 33, in <module>
[process_manager-1]     sys.exit(load_entry_point('multi-map-navigation==0.0.0', 'console_scripts', 'process_manager')())
[process_manager-1]   File "/home/akun/workspace/Car_jetson/multi_map_navigation/install/multi_map_navigation/lib/python3.10/site-packages/multi_map_navigation/process_manager.py", line 339, in main
[process_manager-1]     rclpy.shutdown()
[process_manager-1]   File "/opt/ros/humble/local/lib/python3.10/dist-packages/rclpy/__init__.py", line 130, in shutdown
[process_manager-1]     _shutdown(context=context)
[process_manager-1]   File "/opt/ros/humble/local/lib/python3.10/dist-packages/rclpy/utilities.py", line 58, in shutdown
[process_manager-1]     return context.shutdown()
[process_manager-1]   File "/opt/ros/humble/local/lib/python3.10/dist-packages/rclpy/context.py", line 102, in shutdown
[process_manager-1]     self.__context.shutdown()
[process_manager-1] rclpy._rclpy_pybind11.RCLError: failed to shutdown: rcl_shutdown already called on the given context, at ./src/rcl/init.c:241
[map_switch_controller-5] Traceback (most recent call last):
[map_switch_controller-5]   File "/home/akun/workspace/Car_jetson/multi_map_navigation/install/multi_map_navigation/lib/multi_map_navigation/map_switch_controller", line 33, in <module>
[map_switch_controller-5]     sys.exit(load_entry_point('multi-map-navigation==0.0.0', 'console_scripts', 'map_switch_controller')())
[map_switch_controller-5]   File "/home/akun/workspace/Car_jetson/multi_map_navigation/install/multi_map_navigation/lib/python3.10/site-packages/multi_map_navigation/map_switch_controller.py", line 381, in main
[map_switch_controller-5]     rclpy.shutdown()
[map_switch_controller-5]   File "/opt/ros/humble/local/lib/python3.10/dist-packages/rclpy/__init__.py", line 130, in shutdown
[map_switch_controller-5]     _shutdown(context=context)
[map_switch_controller-5]   File "/opt/ros/humble/local/lib/python3.10/dist-packages/rclpy/utilities.py", line 58, in shutdown
[map_switch_controller-5]     return context.shutdown()
[map_switch_controller-5]   File "/opt/ros/humble/local/lib/python3.10/dist-packages/rclpy/context.py", line 102, in shutdown
[map_switch_controller-5]     self.__context.shutdown()
[map_switch_controller-5] rclpy._rclpy_pybind11.RCLError: failed to shutdown: rcl_shutdown already called on the given context, at ./src/rcl/init.c:241
[navigation_manager-4] Traceback (most recent call last):
[navigation_manager-4]   File "/home/akun/workspace/Car_jetson/multi_map_navigation/install/multi_map_navigation/lib/multi_map_navigation/navigation_manager", line 33, in <module>
[navigation_manager-4]     sys.exit(load_entry_point('multi-map-navigation==0.0.0', 'console_scripts', 'navigation_manager')())
[navigation_manager-4]   File "/home/akun/workspace/Car_jetson/multi_map_navigation/install/multi_map_navigation/lib/python3.10/site-packages/multi_map_navigation/navigation_manager.py", line 673, in main
[navigation_manager-4]     rclpy.shutdown()
[navigation_manager-4]   File "/opt/ros/humble/local/lib/python3.10/dist-packages/rclpy/__init__.py", line 130, in shutdown
[navigation_manager-4]     _shutdown(context=context)
[navigation_manager-4]   File "/opt/ros/humble/local/lib/python3.10/dist-packages/rclpy/utilities.py", line 58, in shutdown
[navigation_manager-4]     return context.shutdown()
[navigation_manager-4]   File "/opt/ros/humble/local/lib/python3.10/dist-packages/rclpy/context.py", line 102, in shutdown
[navigation_manager-4]     self.__context.shutdown()
[navigation_manager-4] rclpy._rclpy_pybind11.RCLError: failed to shutdown: rcl_shutdown already called on the given context, at ./src/rcl/init.c:241
[WARNING] [launch]: user interrupted with ctrl-c (SIGINT) again, ignoring...
[mqtt_task_receiver-2] Traceback (most recent call last):
[mqtt_task_receiver-2]   File "/home/akun/workspace/Car_jetson/multi_map_navigation/install/multi_map_navigation/lib/multi_map_navigation/mqtt_task_receiver", line 33, in <module>
[mqtt_task_receiver-2]     sys.exit(load_entry_point('multi-map-navigation==0.0.0', 'console_scripts', 'mqtt_task_receiver')())
[mqtt_task_receiver-2]   File "/home/akun/workspace/Car_jetson/multi_map_navigation/install/multi_map_navigation/lib/python3.10/site-packages/multi_map_navigation/mqtt_task_receiver.py", line 285, in main
[mqtt_task_receiver-2]     node.destroy_node()
[mqtt_task_receiver-2]   File "/home/akun/workspace/Car_jetson/multi_map_navigation/install/multi_map_navigation/lib/python3.10/site-packages/multi_map_navigation/mqtt_task_receiver.py", line 271, in destroy_node
[status_reporter-3] Traceback (most recent call last):
[status_reporter-3]   File "/home/akun/workspace/Car_jetson/multi_map_navigation/install/multi_map_navigation/lib/python3.10/site-packages/multi_map_navigation/status_reporter.py", line 422, in main
[status_reporter-3]     rclpy.spin(node)
[status_reporter-3]   File "/opt/ros/humble/local/lib/python3.10/dist-packages/rclpy/__init__.py", line 229, in spin
[mqtt_task_receiver-2]     self.mqtt_client.loop_stop()
[mqtt_task_receiver-2]   File "/home/akun/.local/lib/python3.10/site-packages/paho/mqtt/client.py", line 2364, in loop_stop
[mqtt_task_receiver-2]     self._thread.join()
[mqtt_task_receiver-2]   File "/usr/lib/python3.10/threading.py", line 1096, in join
[status_reporter-3]     executor.spin_once()
[status_reporter-3]   File "/opt/ros/humble/local/lib/python3.10/dist-packages/rclpy/executors.py", line 773, in spin_once
[status_reporter-3]     self._spin_once_impl(timeout_sec)
[status_reporter-3]   File "/opt/ros/humble/local/lib/python3.10/dist-packages/rclpy/executors.py", line 770, in _spin_once_impl
[mqtt_task_receiver-2]     self._wait_for_tstate_lock()
[mqtt_task_receiver-2]   File "/usr/lib/python3.10/threading.py", line 1116, in _wait_for_tstate_lock
[mqtt_task_receiver-2]     if lock.acquire(block, timeout):
[mqtt_task_receiver-2] KeyboardInterrupt
[status_reporter-3]     raise handler.exception()
[status_reporter-3]   File "/opt/ros/humble/local/lib/python3.10/dist-packages/rclpy/task.py", line 254, in __call__
[status_reporter-3]     self._handler.send(None)
[status_reporter-3]   File "/opt/ros/humble/local/lib/python3.10/dist-packages/rclpy/executors.py", line 453, in handler
[status_reporter-3]     arg = take_from_wait_list(entity)
[status_reporter-3]   File "/opt/ros/humble/local/lib/python3.10/dist-packages/rclpy/executors.py", line 375, in _take_subscription
[status_reporter-3]     msg_info = sub.handle.take_message(sub.msg_type, sub.raw)
[status_reporter-3] RuntimeError: Unable to convert call argument to Python object (compile in debug mode for details)
[status_reporter-3] 
[status_reporter-3] During handling of the above exception, another exception occurred:
[status_reporter-3] 
[status_reporter-3] Traceback (most recent call last):
[status_reporter-3]   File "/home/akun/workspace/Car_jetson/multi_map_navigation/install/multi_map_navigation/lib/multi_map_navigation/status_reporter", line 33, in <module>
[status_reporter-3]     sys.exit(load_entry_point('multi-map-navigation==0.0.0', 'console_scripts', 'status_reporter')())
[status_reporter-3]   File "/home/akun/workspace/Car_jetson/multi_map_navigation/install/multi_map_navigation/lib/python3.10/site-packages/multi_map_navigation/status_reporter.py", line 426, in main
[status_reporter-3]     node.destroy_node()
[status_reporter-3]   File "/home/akun/workspace/Car_jetson/multi_map_navigation/install/multi_map_navigation/lib/python3.10/site-packages/multi_map_navigation/status_reporter.py", line 412, in destroy_node
[status_reporter-3]     self.mqtt_client.loop_stop()
[status_reporter-3]   File "/home/akun/.local/lib/python3.10/site-packages/paho/mqtt/client.py", line 2364, in loop_stop
[status_reporter-3]     self._thread.join()
[status_reporter-3]   File "/usr/lib/python3.10/threading.py", line 1096, in join
[status_reporter-3]     self._wait_for_tstate_lock()
[status_reporter-3]   File "/usr/lib/python3.10/threading.py", line 1116, in _wait_for_tstate_lock
[status_reporter-3]     if lock.acquire(block, timeout):
[status_reporter-3] KeyboardInterrupt
[ERROR] [process_manager-1]: process has died [pid 129147, exit code -2, cmd '/home/akun/workspace/Car_jetson/multi_map_navigation/install/multi_map_navigation/lib/multi_map_navigation/process_manager --ros-args -r __node:=process_manager --params-file /home/akun/workspace/Car_jetson/multi_map_navigation/install/multi_map_navigation/share/multi_map_navigation/config/navigation_config.yaml'].
[ERROR] [navigation_manager-4]: process has died [pid 129153, exit code -2, cmd '/home/akun/workspace/Car_jetson/multi_map_navigation/install/multi_map_navigation/lib/multi_map_navigation/navigation_manager --ros-args -r __node:=navigation_manager --params-file /home/akun/workspace/Car_jetson/multi_map_navigation/install/multi_map_navigation/share/multi_map_navigation/config/navigation_config.yaml'].
[ERROR] [map_switch_controller-5]: process has died [pid 129155, exit code -2, cmd '/home/akun/workspace/Car_jetson/multi_map_navigation/install/multi_map_navigation/lib/multi_map_navigation/map_switch_controller --ros-args -r __node:=map_switch_controller --params-file /home/akun/workspace/Car_jetson/multi_map_navigation/install/multi_map_navigation/share/multi_map_navigation/config/navigation_config.yaml'].
[ERROR] [mqtt_task_receiver-2]: process has died [pid 129149, exit code -2, cmd '/home/akun/workspace/Car_jetson/multi_map_navigation/install/multi_map_navigation/lib/multi_map_navigation/mqtt_task_receiver --ros-args -r __node:=mqtt_task_receiver --params-file /home/akun/workspace/Car_jetson/multi_map_navigation/install/multi_map_navigation/share/multi_map_navigation/config/mqtt_config.yaml'].
[ERROR] [status_reporter-3]: process has died [pid 129151, exit code -2, cmd '/home/akun/workspace/Car_jetson/multi_map_navigation/install/multi_map_navigation/lib/multi_map_navigation/status_reporter --ros-args -r __node:=status_reporter --params-file /home/akun/workspace/Car_jetson/multi_map_navigation/install/multi_map_navigation/share/multi_map_navigation/config/mqtt_config.yaml'].
